sample_id,batch,has_flaw,source_label,flaw_size,metadata_file,metadata_row,partition
batch_013:1,batch_013,1,P41_01,2.0,batch_013.txt,1,train
batch_013:2,batch_013,1,P41_06_notch,6.0,batch_013.txt,2,train
batch_013:3,batch_013,1,P41_01,2.0,batch_013.txt,3,train
batch_013:4,batch_013,0,,0.0,batch_013.txt,4,train
batch_013:5,batch_013,1,P41_04,6.0,batch_013.txt,5,train
batch_013:6,batch_013,0,,0.0,batch_013.txt,6,train
batch_013:7,batch_013,1,P41_01,2.0,batch_013.txt,7,train
batch_013:8,batch_013,0,,0.0,batch_013.txt,8,validation
batch_013:9,batch_013,0,,0.0,batch_013.txt,9,train
batch_013:10,batch_013,0,,0.0,batch_013.txt,10,test
batch_013:11,batch_013,0,,0.0,batch_013.txt,11,train
batch_013:12,batch_013,1,P41_04,6.0,batch_013.txt,12,test
batch_013:13,batch_013,0,,0.0,batch_013.txt,13,train
batch_013:14,batch_013,0,,0.0,batch_013.txt,14,train
batch_013:15,batch_013,1,P41_04,6.0,batch_013.txt,15,train
batch_013:16,batch_013,1,P41_04,6.0,batch_013.txt,16,validation
batch_013:17,batch_013,1,P41_03,26.0,batch_013.txt,17,train
batch_013:18,batch_013,1,P41_03,26.0,batch_013.txt,18,validation
batch_013:19,batch_013,0,,0.0,batch_013.txt,19,train
batch_013:20,batch_013,0,,0.0,batch_013.txt,20,train
batch_013:21,batch_013,1,P41_01,2.0,batch_013.txt,21,train
batch_013:22,batch_013,0,,0.0,batch_013.txt,22,train
batch_013:23,batch_013,1,P41_02,3.0,batch_013.txt,23,train
batch_013:24,batch_013,0,,0.0,batch_013.txt,24,train
batch_013:25,batch_013,1,P41_01,2.0,batch_013.txt,25,train
batch_013:26,batch_013,0,,0.0,batch_013.txt,26,test
batch_013:27,batch_013,1,P41_02,3.0,batch_013.txt,27,test
batch_013:28,batch_013,0,,0.0,batch_013.txt,28,train
batch_013:29,batch_013,1,P41_03,26.0,batch_013.txt,29,train
batch_013:30,batch_013,0,,0.0,batch_013.txt,30,validation
batch_013:31,batch_013,0,,0.0,batch_013.txt,31,test
batch_013:32,batch_013,0,,0.0,batch_013.txt,32,train
batch_013:33,batch_013,0,,0.0,batch_013.txt,33,train
batch_013:34,batch_013,0,,0.0,batch_013.txt,34,test
batch_013:35,batch_013,1,P41_03,26.0,batch_013.txt,35,train
batch_013:36,batch_013,0,,0.0,batch_013.txt,36,train
batch_013:37,batch_013,1,P41_04,6.0,batch_013.txt,37,train
batch_013:38,batch_013,0,,0.0,batch_013.txt,38,train
batch_013:39,batch_013,1,P41_01,2.0,batch_013.txt,39,train
batch_013:40,batch_013,0,,0.0,batch_013.txt,40,train
batch_013:41,batch_013,0,,0.0,batch_013.txt,41,validation
batch_013:42,batch_013,0,,0.0,batch_013.txt,42,train
batch_013:43,batch_013,0,,0.0,batch_013.txt,43,train
batch_013:44,batch_013,0,,0.0,batch_013.txt,44,test
batch_013:45,batch_013,0,,0.0,batch_013.txt,45,train
batch_013:46,batch_013,0,,0.0,batch_013.txt,46,train
batch_013:47,batch_013,0,,0.0,batch_013.txt,47,test
batch_013:48,batch_013,0,,0.0,batch_013.txt,48,test
batch_013:49,batch_013,0,,0.0,batch_013.txt,49,train
batch_013:50,batch_013,0,,0.0,batch_013.txt,50,train
batch_013:51,batch_013,1,P41_05,17.0,batch_013.txt,51,train
batch_013:52,batch_013,0,,0.0,batch_013.txt,52,train
batch_013:53,batch_013,1,P41_06_notch,6.0,batch_013.txt,53,train
batch_013:54,batch_013,0,,0.0,batch_013.txt,54,train
batch_013:55,batch_013,1,P41_05,17.0,batch_013.txt,55,train
batch_013:56,batch_013,1,P41_01,2.0,batch_013.txt,56,train
batch_013:57,batch_013,0,,0.0,batch_013.txt,57,train
batch_013:58,batch_013,0,,0.0,batch_013.txt,58,test
batch_013:59,batch_013,0,,0.0,batch_013.txt,59,train
batch_013:60,batch_013,0,,0.0,batch_013.txt,60,train
batch_013:61,batch_013,0,,0.0,batch_013.txt,61,train
batch_013:62,batch_013,1,P41_05,17.0,batch_013.txt,62,validation
batch_013:63,batch_013,1,P41_02,3.0,batch_013.txt,63,train
batch_013:64,batch_013,0,,0.0,batch_013.txt,64,train
batch_013:65,batch_013,1,P41_06_notch,6.0,batch_013.txt,65,validation
batch_013:66,batch_013,0,,0.0,batch_013.txt,66,test
batch_013:67,batch_013,1,P41_02,3.0,batch_013.txt,67,train
batch_013:68,batch_013,1,P41_02,3.0,batch_013.txt,68,train
batch_013:69,batch_013,0,,0.0,batch_013.txt,69,train
batch_013:70,batch_013,0,,0.0,batch_013.txt,70,train
batch_013:71,batch_013,0,,0.0,batch_013.txt,71,train
batch_013:72,batch_013,1,P41_03,26.0,batch_013.txt,72,validation
batch_013:73,batch_013,1,P41_03,26.0,batch_013.txt,73,train
batch_013:74,batch_013,0,,0.0,batch_013.txt,74,train
batch_013:75,batch_013,1,P41_01,2.0,batch_013.txt,75,train
batch_013:76,batch_013,1,P41_05,17.0,batch_013.txt,76,train
batch_013:77,batch_013,0,,0.0,batch_013.txt,77,validation
batch_013:78,batch_013,0,,0.0,batch_013.txt,78,test
batch_013:79,batch_013,0,,0.0,batch_013.txt,79,train
batch_013:80,batch_013,0,,0.0,batch_013.txt,80,train
batch_013:81,batch_013,1,P41_04,6.0,batch_013.txt,81,train
batch_013:82,batch_013,0,,0.0,batch_013.txt,82,validation
batch_013:83,batch_013,0,,0.0,batch_013.txt,83,validation
batch_013:84,batch_013,1,P41_02,3.0,batch_013.txt,84,train
batch_013:85,batch_013,0,,0.0,batch_013.txt,85,train
batch_013:86,batch_013,1,P41_04,6.0,batch_013.txt,86,train
batch_013:87,batch_013,1,P41_04,6.0,batch_013.txt,87,train
batch_013:88,batch_013,1,P41_04,6.0,batch_013.txt,88,validation
batch_013:89,batch_013,1,P41_02,3.0,batch_013.txt,89,train
batch_013:90,batch_013,1,P41_04,6.0,batch_013.txt,90,validation
batch_013:91,batch_013,0,,0.0,batch_013.txt,91,train
batch_013:92,batch_013,1,P41_01,2.0,batch_013.txt,92,train
batch_013:93,batch_013,1,P41_05,17.0,batch_013.txt,93,train
batch_013:94,batch_013,1,P41_04,6.0,batch_013.txt,94,train
batch_013:95,batch_013,1,P41_03,26.0,batch_013.txt,95,test
batch_013:96,batch_013,0,,0.0,batch_013.txt,96,test
batch_013:97,batch_013,1,P41_03,26.0,batch_013.txt,97,test
batch_013:98,batch_013,1,P41_05,17.0,batch_013.txt,98,train
batch_013:99,batch_013,0,,0.0,batch_013.txt,99,train
batch_013:100,batch_013,0,,0.0,batch_013.txt,100,test
batch_013:101,batch_013,1,P41_03,26.0,batch_013.txt,101,train
batch_013:102,batch_013,0,,0.0,batch_013.txt,102,train
batch_013:103,batch_013,0,,0.0,batch_013.txt,103,train
batch_013:104,batch_013,0,,0.0,batch_013.txt,104,train
batch_013:105,batch_013,0,,0.0,batch_013.txt,105,validation
batch_013:106,batch_013,0,,0.0,batch_013.txt,106,test
batch_013:107,batch_013,1,P41_02,3.0,batch_013.txt,107,train
batch_013:108,batch_013,1,P41_01,2.0,batch_013.txt,108,validation
batch_013:109,batch_013,1,P41_01,2.0,batch_013.txt,109,train
batch_013:110,batch_013,1,P41_04,6.0,batch_013.txt,110,train
batch_013:111,batch_013,0,,0.0,batch_013.txt,111,test
batch_013:112,batch_013,0,,0.0,batch_013.txt,112,train
batch_013:113,batch_013,0,,0.0,batch_013.txt,113,train
batch_013:114,batch_013,1,P41_02,3.0,batch_013.txt,114,test
batch_013:115,batch_013,0,,0.0,batch_013.txt,115,validation
batch_013:116,batch_013,1,P41_05,17.0,batch_013.txt,116,train
batch_013:117,batch_013,1,P41_04,6.0,batch_013.txt,117,train
batch_013:118,batch_013,0,,0.0,batch_013.txt,118,train
batch_013:119,batch_013,0,,0.0,batch_013.txt,119,test
batch_013:120,batch_013,0,,0.0,batch_013.txt,120,train
batch_013:121,batch_013,1,P41_03,26.0,batch_013.txt,121,test
batch_013:122,batch_013,0,,0.0,batch_013.txt,122,test
batch_013:123,batch_013,0,,0.0,batch_013.txt,123,train
batch_013:124,batch_013,1,P41_01,2.0,batch_013.txt,124,train
batch_013:125,batch_013,1,P41_01,2.0,batch_013.txt,125,test
batch_013:126,batch_013,1,P41_05,17.0,batch_013.txt,126,train
batch_013:127,batch_013,1,P41_03,26.0,batch_013.txt,127,train
batch_013:128,batch_013,0,,0.0,batch_013.txt,128,train
batch_013:129,batch_013,1,P41_04,6.0,batch_013.txt,129,train
batch_013:130,batch_013,0,,0.0,batch_013.txt,130,validation
batch_013:131,batch_013,0,,0.0,batch_013.txt,131,train
batch_013:132,batch_013,0,,0.0,batch_013.txt,132,train
batch_013:133,batch_013,1,P41_06_notch,6.0,batch_013.txt,133,test
batch_013:134,batch_013,0,,0.0,batch_013.txt,134,train
batch_013:135,batch_013,0,,0.0,batch_013.txt,135,validation
batch_013:136,batch_013,1,P41_01,2.0,batch_013.txt,136,validation
batch_013:137,batch_013,1,P41_03,26.0,batch_013.txt,137,train
batch_013:138,batch_013,1,P41_06_notch,6.0,batch_013.txt,138,train
batch_013:139,batch_013,0,,0.0,batch_013.txt,139,train
batch_013:140,batch_013,0,,0.0,batch_013.txt,140,test
batch_013:141,batch_013,0,,0.0,batch_013.txt,141,test
batch_013:142,batch_013,1,P41_04,6.0,batch_013.txt,142,train
batch_013:143,batch_013,0,,0.0,batch_013.txt,143,test
batch_013:144,batch_013,0,,0.0,batch_013.txt,144,train
batch_013:145,batch_013,0,,0.0,batch_013.txt,145,validation
batch_013:146,batch_013,0,,0.0,batch_013.txt,146,train
batch_013:147,batch_013,0,,0.0,batch_013.txt,147,validation
batch_013:148,batch_013,0,,0.0,batch_013.txt,148,train
batch_013:149,batch_013,1,P41_01,2.0,batch_013.txt,149,test
batch_013:150,batch_013,0,,0.0,batch_013.txt,150,train
batch_013:151,batch_013,1,P41_03,26.0,batch_013.txt,151,validation
batch_013:152,batch_013,0,,0.0,batch_013.txt,152,train
batch_013:153,batch_013,0,,0.0,batch_013.txt,153,validation
batch_013:154,batch_013,0,,0.0,batch_013.txt,154,train
batch_013:155,batch_013,1,P41_06_notch,6.0,batch_013.txt,155,test
batch_013:156,batch_013,1,P41_02,3.0,batch_013.txt,156,train
batch_013:157,batch_013,1,P41_06_notch,6.0,batch_013.txt,157,train
batch_013:158,batch_013,0,,0.0,batch_013.txt,158,train
batch_013:159,batch_013,0,,0.0,batch_013.txt,159,train
batch_013:160,batch_013,0,,0.0,batch_013.txt,160,test
batch_013:161,batch_013,0,,0.0,batch_013.txt,161,test
batch_013:162,batch_013,0,,0.0,batch_013.txt,162,train
batch_013:163,batch_013,1,P41_05,17.0,batch_013.txt,163,train
batch_013:164,batch_013,0,,0.0,batch_013.txt,164,train
batch_013:165,batch_013,1,P41_05,17.0,batch_013.txt,165,train
batch_013:166,batch_013,1,P41_05,17.0,batch_013.txt,166,train
batch_013:167,batch_013,0,,0.0,batch_013.txt,167,train
batch_013:168,batch_013,1,P41_05,17.0,batch_013.txt,168,train
batch_013:169,batch_013,0,,0.0,batch_013.txt,169,train
batch_013:170,batch_013,0,,0.0,batch_013.txt,170,validation
batch_013:171,batch_013,0,,0.0,batch_013.txt,171,train
batch_013:172,batch_013,0,,0.0,batch_013.txt,172,train
batch_013:173,batch_013,1,P41_05,17.0,batch_013.txt,173,validation
batch_013:174,batch_013,0,,0.0,batch_013.txt,174,train
batch_013:175,batch_013,0,,0.0,batch_013.txt,175,validation
batch_013:176,batch_013,0,,0.0,batch_013.txt,176,train
batch_013:177,batch_013,0,,0.0,batch_013.txt,177,train
batch_013:178,batch_013,0,,0.0,batch_013.txt,178,test
batch_013:179,batch_013,1,P41_04,6.0,batch_013.txt,179,train
batch_013:180,batch_013,0,,0.0,batch_013.txt,180,train
batch_013:181,batch_013,1,P41_01,2.0,batch_013.txt,181,validation
batch_013:182,batch_013,0,,0.0,batch_013.txt,182,train
batch_013:183,batch_013,1,P41_02,3.0,batch_013.txt,183,train
batch_013:184,batch_013,1,P41_01,2.0,batch_013.txt,184,test
batch_013:185,batch_013,1,P41_04,6.0,batch_013.txt,185,train
batch_013:186,batch_013,0,,0.0,batch_013.txt,186,validation
batch_013:187,batch_013,0,,0.0,batch_013.txt,187,train
batch_013:188,batch_013,1,P41_06_notch,6.0,batch_013.txt,188,train
batch_013:189,batch_013,1,P41_03,26.0,batch_013.txt,189,validation
batch_013:190,batch_013,1,P41_04,6.0,batch_013.txt,190,train
batch_013:191,batch_013,0,,0.0,batch_013.txt,191,test
batch_013:192,batch_013,1,P41_03,26.0,batch_013.txt,192,test
batch_013:193,batch_013,0,,0.0,batch_013.txt,193,train
batch_013:194,batch_013,1,P41_02,3.0,batch_013.txt,194,train
batch_013:195,batch_013,0,,0.0,batch_013.txt,195,test
batch_013:196,batch_013,0,,0.0,batch_013.txt,196,train
batch_013:197,batch_013,0,,0.0,batch_013.txt,197,train
batch_013:198,batch_013,1,P41_01,2.0,batch_013.txt,198,train
batch_013:199,batch_013,0,,0.0,batch_013.txt,199,test
batch_013:200,batch_013,0,,0.0,batch_013.txt,200,train
batch_013:201,batch_013,0,,0.0,batch_013.txt,201,test
batch_013:202,batch_013,1,P41_05,17.0,batch_013.txt,202,train
batch_013:203,batch_013,1,P41_01,2.0,batch_013.txt,203,validation
batch_013:204,batch_013,1,P41_05,17.0,batch_013.txt,204,train
batch_013:205,batch_013,1,P41_04,6.0,batch_013.txt,205,train
batch_013:206,batch_013,1,P41_06_notch,6.0,batch_013.txt,206,train
batch_013:207,batch_013,0,,0.0,batch_013.txt,207,train
batch_013:208,batch_013,1,P41_06_notch,6.0,batch_013.txt,208,test
batch_013:209,batch_013,0,,0.0,batch_013.txt,209,train
batch_013:210,batch_013,0,,0.0,batch_013.txt,210,test
batch_013:211,batch_013,1,P41_02,3.0,batch_013.txt,211,train
batch_013:212,batch_013,0,,0.0,batch_013.txt,212,train
batch_013:213,batch_013,1,P41_02,3.0,batch_013.txt,213,train
batch_013:214,batch_013,1,P41_03,26.0,batch_013.txt,214,validation
batch_013:215,batch_013,0,,0.0,batch_013.txt,215,train
batch_013:216,batch_013,1,P41_05,17.0,batch_013.txt,216,test
batch_013:217,batch_013,0,,0.0,batch_013.txt,217,train
batch_013:218,batch_013,0,,0.0,batch_013.txt,218,validation
batch_013:219,batch_013,0,,0.0,batch_013.txt,219,train
batch_013:220,batch_013,1,P41_03,26.0,batch_013.txt,220,train
batch_013:221,batch_013,0,,0.0,batch_013.txt,221,train
batch_013:222,batch_013,1,P41_02,3.0,batch_013.txt,222,test
batch_013:223,batch_013,1,P41_04,6.0,batch_013.txt,223,train
batch_013:224,batch_013,1,P41_06_notch,6.0,batch_013.txt,224,train
batch_013:225,batch_013,0,,0.0,batch_013.txt,225,validation
batch_013:226,batch_013,0,,0.0,batch_013.txt,226,train
batch_013:227,batch_013,0,,0.0,batch_013.txt,227,validation
batch_013:228,batch_013,1,P41_01,2.0,batch_013.txt,228,train
batch_013:229,batch_013,1,P41_01,2.0,batch_013.txt,229,train
batch_013:230,batch_013,1,P41_01,2.0,batch_013.txt,230,train
batch_013:231,batch_013,1,P41_01,2.0,batch_013.txt,231,train
batch_013:232,batch_013,1,P41_03,26.0,batch_013.txt,232,train
batch_013:233,batch_013,0,,0.0,batch_013.txt,233,train
batch_013:234,batch_013,0,,0.0,batch_013.txt,234,train
batch_013:235,batch_013,1,P41_02,3.0,batch_013.txt,235,train
batch_013:236,batch_013,1,P41_02,3.0,batch_013.txt,236,validation
batch_013:237,batch_013,0,,0.0,batch_013.txt,237,train
batch_013:238,batch_013,1,P41_01,2.0,batch_013.txt,238,test
batch_013:239,batch_013,0,,0.0,batch_013.txt,239,validation
batch_013:240,batch_013,0,,0.0,batch_013.txt,240,train
batch_013:241,batch_013,0,,0.0,batch_013.txt,241,train
batch_013:242,batch_013,0,,0.0,batch_013.txt,242,train
batch_013:243,batch_013,1,P41_01,2.0,batch_013.txt,243,train
batch_013:244,batch_013,1,P41_03,26.0,batch_013.txt,244,train
batch_013:245,batch_013,1,P41_01,2.0,batch_013.txt,245,train
batch_013:246,batch_013,1,P41_05,17.0,batch_013.txt,246,train
batch_013:247,batch_013,1,P41_02,3.0,batch_013.txt,247,train
batch_013:248,batch_013,1,P41_03,26.0,batch_013.txt,248,train
batch_013:249,batch_013,0,,0.0,batch_013.txt,249,train
batch_013:250,batch_013,0,,0.0,batch_013.txt,250,test
batch_013:251,batch_013,0,,0.0,batch_013.txt,251,test
batch_013:252,batch_013,1,P41_03,26.0,batch_013.txt,252,train
batch_013:253,batch_013,1,P41_05,17.0,batch_013.txt,253,train
batch_013:254,batch_013,1,P41_06_notch,6.0,batch_013.txt,254,validation
batch_013:255,batch_013,0,,0.0,batch_013.txt,255,train
batch_013:256,batch_013,1,P41_05,17.0,batch_013.txt,256,train
batch_013:257,batch_013,0,,0.0,batch_013.txt,257,validation
batch_013:258,batch_013,1,P41_03,26.0,batch_013.txt,258,train
batch_013:259,batch_013,1,P41_04,6.0,batch_013.txt,259,train
batch_013:260,batch_013,0,,0.0,batch_013.txt,260,train
batch_013:261,batch_013,1,P41_03,26.0,batch_013.txt,261,test
batch_013:262,batch_013,0,,0.0,batch_013.txt,262,train
batch_013:263,batch_013,1,P41_02,3.0,batch_013.txt,263,train
batch_013:264,batch_013,0,,0.0,batch_013.txt,264,train
batch_013:265,batch_013,0,,0.0,batch_013.txt,265,train
batch_013:266,batch_013,1,P41_02,3.0,batch_013.txt,266,train
batch_013:267,batch_013,0,,0.0,batch_013.txt,267,train
batch_013:268,batch_013,0,,0.0,batch_013.txt,268,train
batch_013:269,batch_013,1,P41_01,2.0,batch_013.txt,269,validation
batch_013:270,batch_013,1,P41_06_notch,6.0,batch_013.txt,270,train
batch_013:271,batch_013,1,P41_04,6.0,batch_013.txt,271,train
batch_013:272,batch_013,1,P41_04,6.0,batch_013.txt,272,validation
batch_013:273,batch_013,1,P41_06_notch,6.0,batch_013.txt,273,train
batch_013:274,batch_013,0,,0.0,batch_013.txt,274,train
batch_013:275,batch_013,0,,0.0,batch_013.txt,275,train
batch_013:276,batch_013,1,P41_04,6.0,batch_013.txt,276,train
batch_013:277,batch_013,1,P41_01,2.0,batch_013.txt,277,train
batch_013:278,batch_013,1,P41_04,6.0,batch_013.txt,278,train
batch_013:279,batch_013,0,,0.0,batch_013.txt,279,train
batch_013:280,batch_013,0,,0.0,batch_013.txt,280,train
batch_013:281,batch_013,0,,0.0,batch_013.txt,281,train
batch_013:282,batch_013,1,P41_04,6.0,batch_013.txt,282,train
batch_013:283,batch_013,1,P41_05,17.0,batch_013.txt,283,train
batch_013:284,batch_013,1,P41_05,17.0,batch_013.txt,284,train
batch_013:285,batch_013,1,P41_02,3.0,batch_013.txt,285,train
batch_013:286,batch_013,0,,0.0,batch_013.txt,286,train
batch_013:287,batch_013,1,P41_02,3.0,batch_013.txt,287,train
batch_013:288,batch_013,0,,0.0,batch_013.txt,288,validation
batch_013:289,batch_013,0,,0.0,batch_013.txt,289,test
batch_013:290,batch_013,0,,0.0,batch_013.txt,290,train
batch_013:291,batch_013,0,,0.0,batch_013.txt,291,train
batch_013:292,batch_013,1,P41_06_notch,6.0,batch_013.txt,292,train
batch_013:293,batch_013,0,,0.0,batch_013.txt,293,validation
batch_013:294,batch_013,1,P41_02,3.0,batch_013.txt,294,train
batch_013:295,batch_013,1,P41_01,2.0,batch_013.txt,295,train
batch_013:296,batch_013,1,P41_06_notch,6.0,batch_013.txt,296,validation
batch_013:297,batch_013,0,,0.0,batch_013.txt,297,train
batch_013:298,batch_013,1,P41_05,17.0,batch_013.txt,298,train
batch_013:299,batch_013,0,,0.0,batch_013.txt,299,train
batch_013:300,batch_013,1,P41_01,2.0,batch_013.txt,300,validation
batch_013:301,batch_013,1,P41_02,3.0,batch_013.txt,301,train
batch_013:302,batch_013,0,,0.0,batch_013.txt,302,train
batch_013:303,batch_013,0,,0.0,batch_013.txt,303,train
batch_013:304,batch_013,1,P41_05,17.0,batch_013.txt,304,train
batch_013:305,batch_013,1,P41_06_notch,6.0,batch_013.txt,305,train
batch_013:306,batch_013,0,,0.0,batch_013.txt,306,train
batch_013:307,batch_013,1,P41_02,3.0,batch_013.txt,307,train
batch_013:308,batch_013,1,P41_04,6.0,batch_013.txt,308,train
batch_013:309,batch_013,0,,0.0,batch_013.txt,309,train
batch_013:310,batch_013,0,,0.0,batch_013.txt,310,test
batch_013:311,batch_013,0,,0.0,batch_013.txt,311,train
batch_013:312,batch_013,1,P41_05,17.0,batch_013.txt,312,validation
batch_013:313,batch_013,0,,0.0,batch_013.txt,313,train
batch_013:314,batch_013,1,P41_04,6.0,batch_013.txt,314,train
batch_013:315,batch_013,0,,0.0,batch_013.txt,315,train
batch_013:316,batch_013,0,,0.0,batch_013.txt,316,train
batch_013:317,batch_013,0,,0.0,batch_013.txt,317,train
batch_013:318,batch_013,1,P41_05,17.0,batch_013.txt,318,train
batch_013:319,batch_013,1,P41_06_notch,6.0,batch_013.txt,319,train
batch_013:320,batch_013,0,,0.0,batch_013.txt,320,test
batch_013:321,batch_013,0,,0.0,batch_013.txt,321,test
batch_013:322,batch_013,0,,0.0,batch_013.txt,322,train
batch_013:323,batch_013,1,P41_05,17.0,batch_013.txt,323,test
batch_013:324,batch_013,0,,0.0,batch_013.txt,324,test
batch_013:325,batch_013,0,,0.0,batch_013.txt,325,train
batch_013:326,batch_013,0,,0.0,batch_013.txt,326,test
batch_013:327,batch_013,0,,0.0,batch_013.txt,327,train
batch_013:328,batch_013,1,P41_06_notch,6.0,batch_013.txt,328,train
batch_013:329,batch_013,1,P41_05,17.0,batch_013.txt,329,train
batch_013:330,batch_013,0,,0.0,batch_013.txt,330,test
batch_013:331,batch_013,1,P41_03,26.0,batch_013.txt,331,train
batch_013:332,batch_013,1,P41_03,26.0,batch_013.txt,332,train
batch_013:333,batch_013,0,,0.0,batch_013.txt,333,train
batch_013:334,batch_013,1,P41_05,17.0,batch_013.txt,334,train
batch_013:335,batch_013,1,P41_02,3.0,batch_013.txt,335,validation
batch_013:336,batch_013,0,,0.0,batch_013.txt,336,train
batch_013:337,batch_013,1,P41_01,2.0,batch_013.txt,337,train
batch_013:338,batch_013,0,,0.0,batch_013.txt,338,train
batch_013:339,batch_013,0,,0.0,batch_013.txt,339,train
batch_013:340,batch_013,0,,0.0,batch_013.txt,340,train
batch_013:341,batch_013,0,,0.0,batch_013.txt,341,validation
batch_013:342,batch_013,0,,0.0,batch_013.txt,342,train
batch_013:343,batch_013,1,P41_02,3.0,batch_013.txt,343,train
batch_013:344,batch_013,1,P41_06_notch,6.0,batch_013.txt,344,train
batch_013:345,batch_013,1,P41_06_notch,6.0,batch_013.txt,345,validation
batch_013:346,batch_013,1,P41_04,6.0,batch_013.txt,346,test
batch_013:347,batch_013,0,,0.0,batch_013.txt,347,validation
batch_013:348,batch_013,1,P41_01,2.0,batch_013.txt,348,test
batch_013:349,batch_013,0,,0.0,batch_013.txt,349,train
batch_013:350,batch_013,1,P41_06_notch,6.0,batch_013.txt,350,test
batch_013:351,batch_013,0,,0.0,batch_013.txt,351,train
batch_013:352,batch_013,0,,0.0,batch_013.txt,352,validation
batch_013:353,batch_013,0,,0.0,batch_013.txt,353,train
batch_013:354,batch_013,1,P41_02,3.0,batch_013.txt,354,validation
batch_013:355,batch_013,1,P41_06_notch,6.0,batch_013.txt,355,validation
batch_013:356,batch_013,0,,0.0,batch_013.txt,356,train
batch_013:357,batch_013,1,P41_03,26.0,batch_013.txt,357,train
batch_013:358,batch_013,1,P41_04,6.0,batch_013.txt,358,train
batch_013:359,batch_013,0,,0.0,batch_013.txt,359,train
batch_013:360,batch_013,0,,0.0,batch_013.txt,360,train
batch_013:361,batch_013,1,P41_05,17.0,batch_013.txt,361,test
batch_013:362,batch_013,0,,0.0,batch_013.txt,362,train
batch_013:363,batch_013,1,P41_06_notch,6.0,batch_013.txt,363,train
batch_013:364,batch_013,0,,0.0,batch_013.txt,364,validation
batch_013:365,batch_013,0,,0.0,batch_013.txt,365,train
batch_013:366,batch_013,1,P41_05,17.0,batch_013.txt,366,train
batch_013:367,batch_013,0,,0.0,batch_013.txt,367,test
batch_013:368,batch_013,0,,0.0,batch_013.txt,368,train
batch_013:369,batch_013,1,P41_03,26.0,batch_013.txt,369,train
batch_013:370,batch_013,0,,0.0,batch_013.txt,370,train
batch_013:371,batch_013,1,P41_04,6.0,batch_013.txt,371,train
batch_013:372,batch_013,0,,0.0,batch_013.txt,372,train
batch_013:373,batch_013,1,P41_06_notch,6.0,batch_013.txt,373,train
batch_013:374,batch_013,0,,0.0,batch_013.txt,374,train
batch_013:375,batch_013,0,,0.0,batch_013.txt,375,train
batch_013:376,batch_013,1,P41_05,17.0,batch_013.txt,376,train
batch_013:377,batch_013,1,P41_04,6.0,batch_013.txt,377,train
batch_013:378,batch_013,1,P41_06_notch,6.0,batch_013.txt,378,train
batch_013:379,batch_013,0,,0.0,batch_013.txt,379,train
batch_013:380,batch_013,0,,0.0,batch_013.txt,380,test
batch_013:381,batch_013,0,,0.0,batch_013.txt,381,validation
batch_013:382,batch_013,0,,0.0,batch_013.txt,382,validation
batch_013:383,batch_013,1,P41_04,6.0,batch_013.txt,383,train
batch_013:384,batch_013,1,P41_02,3.0,batch_013.txt,384,train
batch_013:385,batch_013,0,,0.0,batch_013.txt,385,validation
batch_013:386,batch_013,1,P41_03,26.0,batch_013.txt,386,train
batch_013:387,batch_013,0,,0.0,batch_013.txt,387,train
batch_013:388,batch_013,0,,0.0,batch_013.txt,388,train
batch_013:389,batch_013,1,P41_03,26.0,batch_013.txt,389,train
batch_013:390,batch_013,0,,0.0,batch_013.txt,390,train
batch_013:391,batch_013,1,P41_01,2.0,batch_013.txt,391,train
batch_013:392,batch_013,1,P41_05,17.0,batch_013.txt,392,train
batch_013:393,batch_013,0,,0.0,batch_013.txt,393,train
batch_013:394,batch_013,1,P41_02,3.0,batch_013.txt,394,test
batch_013:395,batch_013,0,,0.0,batch_013.txt,395,train
batch_013:396,batch_013,0,,0.0,batch_013.txt,396,train
batch_013:397,batch_013,1,P41_06_notch,6.0,batch_013.txt,397,validation
batch_013:398,batch_013,0,,0.0,batch_013.txt,398,validation
batch_013:399,batch_013,0,,0.0,batch_013.txt,399,train
batch_013:400,batch_013,1,P41_03,26.0,batch_013.txt,400,train
batch_013:401,batch_013,0,,0.0,batch_013.txt,401,test
batch_013:402,batch_013,1,P41_05,17.0,batch_013.txt,402,train
batch_013:403,batch_013,0,,0.0,batch_013.txt,403,test
batch_013:404,batch_013,0,,0.0,batch_013.txt,404,test
batch_013:405,batch_013,1,P41_05,17.0,batch_013.txt,405,train
batch_013:406,batch_013,0,,0.0,batch_013.txt,406,validation
batch_013:407,batch_013,0,,0.0,batch_013.txt,407,train
batch_013:408,batch_013,0,,0.0,batch_013.txt,408,test
batch_013:409,batch_013,1,P41_02,3.0,batch_013.txt,409,train
batch_013:410,batch_013,0,,0.0,batch_013.txt,410,test
batch_013:411,batch_013,0,,0.0,batch_013.txt,411,train
batch_013:412,batch_013,1,P41_04,6.0,batch_013.txt,412,validation
batch_013:413,batch_013,0,,0.0,batch_013.txt,413,train
batch_013:414,batch_013,0,,0.0,batch_013.txt,414,train
batch_013:415,batch_013,0,,0.0,batch_013.txt,415,train
batch_013:416,batch_013,1,P41_01,2.0,batch_013.txt,416,train
batch_013:417,batch_013,0,,0.0,batch_013.txt,417,train
batch_013:418,batch_013,0,,0.0,batch_013.txt,418,train
batch_013:419,batch_013,1,P41_06_notch,6.0,batch_013.txt,419,test
batch_013:420,batch_013,1,P41_02,3.0,batch_013.txt,420,train
batch_013:421,batch_013,0,,0.0,batch_013.txt,421,train
batch_013:422,batch_013,1,P41_01,2.0,batch_013.txt,422,train
batch_013:423,batch_013,1,P41_06_notch,6.0,batch_013.txt,423,train
batch_013:424,batch_013,1,P41_04,6.0,batch_013.txt,424,validation
batch_013:425,batch_013,1,P41_03,26.0,batch_013.txt,425,train
batch_013:426,batch_013,1,P41_02,3.0,batch_013.txt,426,validation
batch_013:427,batch_013,1,P41_05,17.0,batch_013.txt,427,train
batch_013:428,batch_013,0,,0.0,batch_013.txt,428,test
batch_013:429,batch_013,0,,0.0,batch_013.txt,429,test
batch_013:430,batch_013,1,P41_05,17.0,batch_013.txt,430,train
batch_013:431,batch_013,1,P41_03,26.0,batch_013.txt,431,validation
batch_013:432,batch_013,1,P41_02,3.0,batch_013.txt,432,train
batch_013:433,batch_013,1,P41_03,26.0,batch_013.txt,433,validation
batch_013:434,batch_013,0,,0.0,batch_013.txt,434,test
batch_013:435,batch_013,1,P41_02,3.0,batch_013.txt,435,train
batch_013:436,batch_013,1,P41_02,3.0,batch_013.txt,436,train
batch_013:437,batch_013,1,P41_05,17.0,batch_013.txt,437,validation
batch_013:438,batch_013,0,,0.0,batch_013.txt,438,train
batch_013:439,batch_013,0,,0.0,batch_013.txt,439,train
batch_013:440,batch_013,0,,0.0,batch_013.txt,440,train
batch_013:441,batch_013,0,,0.0,batch_013.txt,441,train
batch_013:442,batch_013,0,,0.0,batch_013.txt,442,train
batch_013:443,batch_013,0,,0.0,batch_013.txt,443,train
batch_013:444,batch_013,0,,0.0,batch_013.txt,444,train
batch_013:445,batch_013,1,P41_06_notch,6.0,batch_013.txt,445,validation
batch_013:446,batch_013,0,,0.0,batch_013.txt,446,train
batch_013:447,batch_013,0,,0.0,batch_013.txt,447,train
batch_013:448,batch_013,0,,0.0,batch_013.txt,448,train
batch_013:449,batch_013,1,P41_01,2.0,batch_013.txt,449,validation
batch_013:450,batch_013,1,P41_03,26.0,batch_013.txt,450,validation
batch_013:451,batch_013,0,,0.0,batch_013.txt,451,train
batch_013:452,batch_013,0,,0.0,batch_013.txt,452,train
batch_013:453,batch_013,0,,0.0,batch_013.txt,453,validation
batch_013:454,batch_013,1,P41_04,6.0,batch_013.txt,454,train
batch_013:455,batch_013,0,,0.0,batch_013.txt,455,train
batch_013:456,batch_013,0,,0.0,batch_013.txt,456,train
batch_013:457,batch_013,0,,0.0,batch_013.txt,457,test
batch_013:458,batch_013,0,,0.0,batch_013.txt,458,train
batch_013:459,batch_013,0,,0.0,batch_013.txt,459,train
batch_013:460,batch_013,1,P41_02,3.0,batch_013.txt,460,train
batch_013:461,batch_013,1,P41_01,2.0,batch_013.txt,461,train
batch_013:462,batch_013,0,,0.0,batch_013.txt,462,test
batch_013:463,batch_013,0,,0.0,batch_013.txt,463,test
batch_013:464,batch_013,0,,0.0,batch_013.txt,464,train
batch_013:465,batch_013,0,,0.0,batch_013.txt,465,test
batch_013:466,batch_013,0,,0.0,batch_013.txt,466,test
batch_013:467,batch_013,0,,0.0,batch_013.txt,467,validation
batch_013:468,batch_013,0,,0.0,batch_013.txt,468,train
batch_013:469,batch_013,1,P41_01,2.0,batch_013.txt,469,validation
batch_013:470,batch_013,1,P41_03,26.0,batch_013.txt,470,train
batch_013:471,batch_013,1,P41_04,6.0,batch_013.txt,471,train
batch_013:472,batch_013,0,,0.0,batch_013.txt,472,validation
batch_013:473,batch_013,0,,0.0,batch_013.txt,473,test
batch_013:474,batch_013,1,P41_04,6.0,batch_013.txt,474,train
batch_013:475,batch_013,1,P41_06_notch,6.0,batch_013.txt,475,train
batch_013:476,batch_013,0,,0.0,batch_013.txt,476,train
batch_013:477,batch_013,1,P41_04,6.0,batch_013.txt,477,train
batch_013:478,batch_013,0,,0.0,batch_013.txt,478,train
batch_013:479,batch_013,1,P41_06_notch,6.0,batch_013.txt,479,train
batch_013:480,batch_013,0,,0.0,batch_013.txt,480,train
batch_013:481,batch_013,0,,0.0,batch_013.txt,481,train
batch_013:482,batch_013,0,,0.0,batch_013.txt,482,train
batch_013:483,batch_013,0,,0.0,batch_013.txt,483,validation
batch_013:484,batch_013,0,,0.0,batch_013.txt,484,train
batch_013:485,batch_013,1,P41_05,17.0,batch_013.txt,485,train
batch_013:486,batch_013,0,,0.0,batch_013.txt,486,train
batch_013:487,batch_013,1,P41_04,6.0,batch_013.txt,487,train
batch_013:488,batch_013,1,P41_05,17.0,batch_013.txt,488,train
batch_013:489,batch_013,0,,0.0,batch_013.txt,489,validation
batch_013:490,batch_013,0,,0.0,batch_013.txt,490,train
batch_013:491,batch_013,1,P41_06_notch,6.0,batch_013.txt,491,validation
batch_013:492,batch_013,1,P41_06_notch,6.0,batch_013.txt,492,train
batch_013:493,batch_013,1,P41_02,3.0,batch_013.txt,493,train
batch_013:494,batch_013,0,,0.0,batch_013.txt,494,train
batch_013:495,batch_013,0,,0.0,batch_013.txt,495,train
batch_013:496,batch_013,0,,0.0,batch_013.txt,496,train
batch_013:497,batch_013,0,,0.0,batch_013.txt,497,train
batch_013:498,batch_013,1,P41_06_notch,6.0,batch_013.txt,498,validation
batch_013:499,batch_013,1,P41_01,2.0,batch_013.txt,499,train
batch_013:500,batch_013,0,,0.0,batch_013.txt,500,validation
batch_013:501,batch_013,0,,0.0,batch_013.txt,501,train
batch_013:502,batch_013,1,P41_05,17.0,batch_013.txt,502,train
batch_013:503,batch_013,0,,0.0,batch_013.txt,503,train
batch_013:504,batch_013,0,,0.0,batch_013.txt,504,train
batch_013:505,batch_013,0,,0.0,batch_013.txt,505,train
batch_013:506,batch_013,1,P41_06_notch,6.0,batch_013.txt,506,test
batch_013:507,batch_013,1,P41_06_notch,6.0,batch_013.txt,507,train
batch_013:508,batch_013,1,P41_01,2.0,batch_013.txt,508,train
batch_013:509,batch_013,1,P41_01,2.0,batch_013.txt,509,train
batch_013:510,batch_013,1,P41_04,6.0,batch_013.txt,510,train
batch_013:511,batch_013,0,,0.0,batch_013.txt,511,train
batch_013:512,batch_013,1,P41_03,26.0,batch_013.txt,512,train
batch_013:513,batch_013,1,P41_02,3.0,batch_013.txt,513,train
batch_013:514,batch_013,1,P41_06_notch,6.0,batch_013.txt,514,train
batch_013:515,batch_013,0,,0.0,batch_013.txt,515,train
batch_013:516,batch_013,0,,0.0,batch_013.txt,516,train
batch_013:517,batch_013,1,P41_04,6.0,batch_013.txt,517,train
batch_013:518,batch_013,0,,0.0,batch_013.txt,518,test
batch_013:519,batch_013,0,,0.0,batch_013.txt,519,train
batch_013:520,batch_013,0,,0.0,batch_013.txt,520,train
batch_013:521,batch_013,1,P41_01,2.0,batch_013.txt,521,train
batch_013:522,batch_013,0,,0.0,batch_013.txt,522,train
batch_013:523,batch_013,1,P41_05,17.0,batch_013.txt,523,train
batch_013:524,batch_013,1,P41_04,6.0,batch_013.txt,524,train
batch_013:525,batch_013,0,,0.0,batch_013.txt,525,train
batch_013:526,batch_013,1,P41_04,6.0,batch_013.txt,526,train
batch_013:527,batch_013,1,P41_03,26.0,batch_013.txt,527,validation
batch_013:528,batch_013,1,P41_04,6.0,batch_013.txt,528,train
batch_013:529,batch_013,0,,0.0,batch_013.txt,529,validation
batch_013:530,batch_013,1,P41_04,6.0,batch_013.txt,530,train
batch_013:531,batch_013,0,,0.0,batch_013.txt,531,validation
batch_013:532,batch_013,1,P41_06_notch,6.0,batch_013.txt,532,train
batch_013:533,batch_013,1,P41_02,3.0,batch_013.txt,533,validation
batch_013:534,batch_013,1,P41_03,26.0,batch_013.txt,534,validation
batch_013:535,batch_013,0,,0.0,batch_013.txt,535,train
batch_013:536,batch_013,1,P41_04,6.0,batch_013.txt,536,train
batch_013:537,batch_013,1,P41_04,6.0,batch_013.txt,537,test
batch_013:538,batch_013,0,,0.0,batch_013.txt,538,train
batch_013:539,batch_013,1,P41_06_notch,6.0,batch_013.txt,539,train
batch_013:540,batch_013,0,,0.0,batch_013.txt,540,train
batch_013:541,batch_013,1,P41_02,3.0,batch_013.txt,541,train
batch_013:542,batch_013,0,,0.0,batch_013.txt,542,train
batch_013:543,batch_013,1,P41_05,17.0,batch_013.txt,543,train
batch_013:544,batch_013,1,P41_03,26.0,batch_013.txt,544,test
batch_013:545,batch_013,0,,0.0,batch_013.txt,545,train
batch_013:546,batch_013,0,,0.0,batch_013.txt,546,train
batch_013:547,batch_013,0,,0.0,batch_013.txt,547,validation
batch_013:548,batch_013,0,,0.0,batch_013.txt,548,validation
batch_013:549,batch_013,1,P41_04,6.0,batch_013.txt,549,train
batch_013:550,batch_013,0,,0.0,batch_013.txt,550,test
batch_013:551,batch_013,0,,0.0,batch_013.txt,551,train
batch_013:552,batch_013,1,P41_03,26.0,batch_013.txt,552,validation
batch_013:553,batch_013,0,,0.0,batch_013.txt,553,test
batch_013:554,batch_013,1,P41_01,2.0,batch_013.txt,554,train
batch_013:555,batch_013,0,,0.0,batch_013.txt,555,train
batch_013:556,batch_013,0,,0.0,batch_013.txt,556,train
batch_013:557,batch_013,0,,0.0,batch_013.txt,557,train
batch_013:558,batch_013,0,,0.0,batch_013.txt,558,train
batch_013:559,batch_013,1,P41_05,17.0,batch_013.txt,559,train
batch_013:560,batch_013,1,P41_05,17.0,batch_013.txt,560,validation
batch_013:561,batch_013,0,,0.0,batch_013.txt,561,train
batch_013:562,batch_013,1,P41_01,2.0,batch_013.txt,562,train
batch_013:563,batch_013,1,P41_05,17.0,batch_013.txt,563,train
batch_013:564,batch_013,1,P41_04,6.0,batch_013.txt,564,train
batch_013:565,batch_013,0,,0.0,batch_013.txt,565,train
batch_013:566,batch_013,1,P41_06_notch,6.0,batch_013.txt,566,train
batch_013:567,batch_013,0,,0.0,batch_013.txt,567,validation
batch_013:568,batch_013,0,,0.0,batch_013.txt,568,train
batch_013:569,batch_013,1,P41_04,6.0,batch_013.txt,569,test
batch_013:570,batch_013,0,,0.0,batch_013.txt,570,train
batch_013:571,batch_013,0,,0.0,batch_013.txt,571,validation
batch_013:572,batch_013,0,,0.0,batch_013.txt,572,test
batch_013:573,batch_013,1,P41_04,6.0,batch_013.txt,573,validation
batch_013:574,batch_013,0,,0.0,batch_013.txt,574,test
batch_013:575,batch_013,0,,0.0,batch_013.txt,575,test
batch_013:576,batch_013,0,,0.0,batch_013.txt,576,test
batch_013:577,batch_013,0,,0.0,batch_013.txt,577,train
batch_013:578,batch_013,1,P41_01,2.0,batch_013.txt,578,train
batch_013:579,batch_013,0,,0.0,batch_013.txt,579,train
batch_013:580,batch_013,1,P41_03,26.0,batch_013.txt,580,test
batch_013:581,batch_013,1,P41_06_notch,6.0,batch_013.txt,581,train
batch_013:582,batch_013,1,P41_05,17.0,batch_013.txt,582,train
batch_013:583,batch_013,0,,0.0,batch_013.txt,583,train
batch_013:584,batch_013,1,P41_01,2.0,batch_013.txt,584,train
batch_013:585,batch_013,0,,0.0,batch_013.txt,585,train
batch_013:586,batch_013,0,,0.0,batch_013.txt,586,train
batch_013:587,batch_013,1,P41_03,26.0,batch_013.txt,587,train
batch_013:588,batch_013,0,,0.0,batch_013.txt,588,train
batch_013:589,batch_013,0,,0.0,batch_013.txt,589,train
batch_013:590,batch_013,0,,0.0,batch_013.txt,590,train
batch_013:591,batch_013,0,,0.0,batch_013.txt,591,validation
batch_013:592,batch_013,0,,0.0,batch_013.txt,592,train
batch_013:593,batch_013,1,P41_03,26.0,batch_013.txt,593,train
batch_013:594,batch_013,1,P41_06_notch,6.0,batch_013.txt,594,test
batch_013:595,batch_013,1,P41_05,17.0,batch_013.txt,595,validation
batch_013:596,batch_013,0,,0.0,batch_013.txt,596,validation
batch_013:597,batch_013,0,,0.0,batch_013.txt,597,train
batch_013:598,batch_013,0,,0.0,batch_013.txt,598,train
batch_013:599,batch_013,1,P41_04,6.0,batch_013.txt,599,validation
batch_013:600,batch_013,0,,0.0,batch_013.txt,600,validation
batch_013:601,batch_013,1,P41_03,26.0,batch_013.txt,601,train
batch_013:602,batch_013,0,,0.0,batch_013.txt,602,test
batch_013:603,batch_013,0,,0.0,batch_013.txt,603,train
batch_013:604,batch_013,1,P41_02,3.0,batch_013.txt,604,train
batch_013:605,batch_013,0,,0.0,batch_013.txt,605,train
batch_013:606,batch_013,1,P41_06_notch,6.0,batch_013.txt,606,test
batch_013:607,batch_013,0,,0.0,batch_013.txt,607,train
batch_013:608,batch_013,0,,0.0,batch_013.txt,608,train
batch_013:609,batch_013,0,,0.0,batch_013.txt,609,train
batch_013:610,batch_013,0,,0.0,batch_013.txt,610,train
batch_013:611,batch_013,0,,0.0,batch_013.txt,611,train
batch_013:612,batch_013,0,,0.0,batch_013.txt,612,train
batch_013:613,batch_013,1,P41_04,6.0,batch_013.txt,613,train
batch_013:614,batch_013,1,P41_01,2.0,batch_013.txt,614,test
batch_013:615,batch_013,1,P41_02,3.0,batch_013.txt,615,train
batch_013:616,batch_013,0,,0.0,batch_013.txt,616,train
batch_013:617,batch_013,1,P41_04,6.0,batch_013.txt,617,test
batch_013:618,batch_013,1,P41_01,2.0,batch_013.txt,618,train
batch_013:619,batch_013,0,,0.0,batch_013.txt,619,train
batch_013:620,batch_013,1,P41_03,26.0,batch_013.txt,620,train
batch_013:621,batch_013,1,P41_02,3.0,batch_013.txt,621,train
batch_013:622,batch_013,1,P41_01,2.0,batch_013.txt,622,train
batch_013:623,batch_013,1,P41_03,26.0,batch_013.txt,623,train
batch_013:624,batch_013,1,P41_02,3.0,batch_013.txt,624,train
batch_013:625,batch_013,1,P41_05,17.0,batch_013.txt,625,test
batch_013:626,batch_013,1,P41_01,2.0,batch_013.txt,626,test
batch_013:627,batch_013,1,P41_06_notch,6.0,batch_013.txt,627,train
batch_013:628,batch_013,1,P41_03,26.0,batch_013.txt,628,train
batch_013:629,batch_013,0,,0.0,batch_013.txt,629,train
batch_013:630,batch_013,0,,0.0,batch_013.txt,630,test
batch_013:631,batch_013,1,P41_05,17.0,batch_013.txt,631,test
batch_013:632,batch_013,1,P41_06_notch,6.0,batch_013.txt,632,validation
batch_013:633,batch_013,1,P41_02,3.0,batch_013.txt,633,train
batch_013:634,batch_013,1,P41_05,17.0,batch_013.txt,634,train
batch_013:635,batch_013,1,P41_06_notch,6.0,batch_013.txt,635,test
batch_013:636,batch_013,1,P41_06_notch,6.0,batch_013.txt,636,test
batch_013:637,batch_013,0,,0.0,batch_013.txt,637,train
batch_013:638,batch_013,1,P41_01,2.0,batch_013.txt,638,train
batch_013:639,batch_013,1,P41_05,17.0,batch_013.txt,639,validation
batch_013:640,batch_013,0,,0.0,batch_013.txt,640,train
batch_013:641,batch_013,0,,0.0,batch_013.txt,641,train
batch_013:642,batch_013,1,P41_04,6.0,batch_013.txt,642,train
batch_013:643,batch_013,0,,0.0,batch_013.txt,643,validation
batch_013:644,batch_013,0,,0.0,batch_013.txt,644,test
batch_013:645,batch_013,1,P41_06_notch,6.0,batch_013.txt,645,validation
batch_013:646,batch_013,1,P41_05,17.0,batch_013.txt,646,train
batch_013:647,batch_013,1,P41_03,26.0,batch_013.txt,647,test
batch_013:648,batch_013,0,,0.0,batch_013.txt,648,train
batch_013:649,batch_013,0,,0.0,batch_013.txt,649,train
batch_013:650,batch_013,0,,0.0,batch_013.txt,650,train
batch_013:651,batch_013,0,,0.0,batch_013.txt,651,train
batch_013:652,batch_013,0,,0.0,batch_013.txt,652,train
batch_013:653,batch_013,0,,0.0,batch_013.txt,653,train
batch_013:654,batch_013,0,,0.0,batch_013.txt,654,train
batch_013:655,batch_013,0,,0.0,batch_013.txt,655,train
batch_013:656,batch_013,1,P41_02,3.0,batch_013.txt,656,train
batch_013:657,batch_013,0,,0.0,batch_013.txt,657,train
batch_013:658,batch_013,1,P41_06_notch,6.0,batch_013.txt,658,train
batch_013:659,batch_013,0,,0.0,batch_013.txt,659,train
batch_013:660,batch_013,1,P41_03,26.0,batch_013.txt,660,train
batch_013:661,batch_013,0,,0.0,batch_013.txt,661,train
batch_013:662,batch_013,1,P41_06_notch,6.0,batch_013.txt,662,train
batch_013:663,batch_013,0,,0.0,batch_013.txt,663,train
batch_013:664,batch_013,0,,0.0,batch_013.txt,664,train
batch_013:665,batch_013,1,P41_01,2.0,batch_013.txt,665,train
batch_013:666,batch_013,1,P41_06_notch,6.0,batch_013.txt,666,train
batch_013:667,batch_013,0,,0.0,batch_013.txt,667,train
batch_013:668,batch_013,0,,0.0,batch_013.txt,668,train
batch_013:669,batch_013,1,P41_03,26.0,batch_013.txt,669,validation
batch_013:670,batch_013,0,,0.0,batch_013.txt,670,train
batch_013:671,batch_013,0,,0.0,batch_013.txt,671,train
batch_013:672,batch_013,0,,0.0,batch_013.txt,672,train
batch_013:673,batch_013,0,,0.0,batch_013.txt,673,train
batch_013:674,batch_013,1,P41_06_notch,6.0,batch_013.txt,674,train
batch_013:675,batch_013,0,,0.0,batch_013.txt,675,train
batch_013:676,batch_013,1,P41_05,17.0,batch_013.txt,676,train
batch_013:677,batch_013,0,,0.0,batch_013.txt,677,train
batch_013:678,batch_013,0,,0.0,batch_013.txt,678,train
batch_013:679,batch_013,1,P41_01,2.0,batch_013.txt,679,validation
batch_013:680,batch_013,1,P41_04,6.0,batch_013.txt,680,train
batch_013:681,batch_013,1,P41_05,17.0,batch_013.txt,681,train
batch_013:682,batch_013,1,P41_02,3.0,batch_013.txt,682,test
batch_013:683,batch_013,1,P41_06_notch,6.0,batch_013.txt,683,train
batch_013:684,batch_013,0,,0.0,batch_013.txt,684,train
batch_013:685,batch_013,0,,0.0,batch_013.txt,685,train
batch_013:686,batch_013,1,P41_06_notch,6.0,batch_013.txt,686,validation
batch_013:687,batch_013,0,,0.0,batch_013.txt,687,train
batch_013:688,batch_013,0,,0.0,batch_013.txt,688,validation
batch_013:689,batch_013,0,,0.0,batch_013.txt,689,train
batch_013:690,batch_013,1,P41_05,17.0,batch_013.txt,690,train
batch_013:691,batch_013,0,,0.0,batch_013.txt,691,test
batch_013:692,batch_013,0,,0.0,batch_013.txt,692,test
batch_013:693,batch_013,1,P41_06_notch,6.0,batch_013.txt,693,train
batch_013:694,batch_013,0,,0.0,batch_013.txt,694,train
batch_013:695,batch_013,1,P41_05,17.0,batch_013.txt,695,train
batch_013:696,batch_013,0,,0.0,batch_013.txt,696,train
batch_013:697,batch_013,0,,0.0,batch_013.txt,697,train
batch_013:698,batch_013,0,,0.0,batch_013.txt,698,validation
batch_013:699,batch_013,0,,0.0,batch_013.txt,699,train
batch_013:700,batch_013,1,P41_06_notch,6.0,batch_013.txt,700,test
batch_013:701,batch_013,0,,0.0,batch_013.txt,701,validation
batch_013:702,batch_013,1,P41_01,2.0,batch_013.txt,702,train
batch_013:703,batch_013,1,P41_06_notch,6.0,batch_013.txt,703,train
batch_013:704,batch_013,1,P41_06_notch,6.0,batch_013.txt,704,test
batch_013:705,batch_013,0,,0.0,batch_013.txt,705,train
batch_013:706,batch_013,0,,0.0,batch_013.txt,706,train
batch_013:707,batch_013,0,,0.0,batch_013.txt,707,train
batch_013:708,batch_013,0,,0.0,batch_013.txt,708,train
batch_013:709,batch_013,1,P41_04,6.0,batch_013.txt,709,train
batch_013:710,batch_013,0,,0.0,batch_013.txt,710,train
batch_013:711,batch_013,0,,0.0,batch_013.txt,711,validation
batch_013:712,batch_013,0,,0.0,batch_013.txt,712,train
batch_013:713,batch_013,0,,0.0,batch_013.txt,713,train
batch_013:714,batch_013,0,,0.0,batch_013.txt,714,train
batch_013:715,batch_013,0,,0.0,batch_013.txt,715,train
batch_013:716,batch_013,0,,0.0,batch_013.txt,716,train
batch_013:717,batch_013,1,P41_03,26.0,batch_013.txt,717,test
batch_013:718,batch_013,0,,0.0,batch_013.txt,718,train
batch_013:719,batch_013,1,P41_06_notch,6.0,batch_013.txt,719,validation
batch_013:720,batch_013,1,P41_02,3.0,batch_013.txt,720,validation
batch_013:721,batch_013,1,P41_06_notch,6.0,batch_013.txt,721,validation
batch_013:722,batch_013,0,,0.0,batch_013.txt,722,train
batch_013:723,batch_013,0,,0.0,batch_013.txt,723,test
batch_013:724,batch_013,0,,0.0,batch_013.txt,724,train
batch_013:725,batch_013,1,P41_04,6.0,batch_013.txt,725,train
batch_013:726,batch_013,0,,0.0,batch_013.txt,726,train
batch_013:727,batch_013,1,P41_06_notch,6.0,batch_013.txt,727,train
batch_013:728,batch_013,1,P41_02,3.0,batch_013.txt,728,train
batch_013:729,batch_013,1,P41_03,26.0,batch_013.txt,729,train
batch_013:730,batch_013,1,P41_05,17.0,batch_013.txt,730,test
batch_013:731,batch_013,1,P41_03,26.0,batch_013.txt,731,train
batch_013:732,batch_013,0,,0.0,batch_013.txt,732,test
batch_013:733,batch_013,1,P41_04,6.0,batch_013.txt,733,train
batch_013:734,batch_013,0,,0.0,batch_013.txt,734,train
batch_013:735,batch_013,1,P41_06_notch,6.0,batch_013.txt,735,train
batch_013:736,batch_013,0,,0.0,batch_013.txt,736,train
batch_013:737,batch_013,1,P41_06_notch,6.0,batch_013.txt,737,train
batch_013:738,batch_013,0,,0.0,batch_013.txt,738,train
batch_013:739,batch_013,1,P41_05,17.0,batch_013.txt,739,train
batch_013:740,batch_013,0,,0.0,batch_013.txt,740,train
batch_013:741,batch_013,1,P41_01,2.0,batch_013.txt,741,test
batch_013:742,batch_013,0,,0.0,batch_013.txt,742,test
batch_013:743,batch_013,1,P41_01,2.0,batch_013.txt,743,train
batch_013:744,batch_013,1,P41_03,26.0,batch_013.txt,744,validation
batch_013:745,batch_013,1,P41_04,6.0,batch_013.txt,745,train
batch_013:746,batch_013,0,,0.0,batch_013.txt,746,train
batch_013:747,batch_013,0,,0.0,batch_013.txt,747,test
batch_013:748,batch_013,0,,0.0,batch_013.txt,748,train
batch_013:749,batch_013,0,,0.0,batch_013.txt,749,train
batch_013:750,batch_013,0,,0.0,batch_013.txt,750,train
batch_013:751,batch_013,0,,0.0,batch_013.txt,751,test
batch_013:752,batch_013,0,,0.0,batch_013.txt,752,validation
batch_013:753,batch_013,0,,0.0,batch_013.txt,753,train
batch_013:754,batch_013,1,P41_06_notch,6.0,batch_013.txt,754,train
batch_013:755,batch_013,0,,0.0,batch_013.txt,755,validation
batch_013:756,batch_013,0,,0.0,batch_013.txt,756,train
batch_013:757,batch_013,0,,0.0,batch_013.txt,757,test
batch_013:758,batch_013,1,P41_03,26.0,batch_013.txt,758,train
batch_013:759,batch_013,1,P41_04,6.0,batch_013.txt,759,validation
batch_013:760,batch_013,1,P41_02,3.0,batch_013.txt,760,train
batch_013:761,batch_013,1,P41_06_notch,6.0,batch_013.txt,761,train
batch_013:762,batch_013,0,,0.0,batch_013.txt,762,train
batch_013:763,batch_013,0,,0.0,batch_013.txt,763,validation
batch_013:764,batch_013,0,,0.0,batch_013.txt,764,validation
batch_013:765,batch_013,1,P41_01,2.0,batch_013.txt,765,train
batch_013:766,batch_013,1,P41_04,6.0,batch_013.txt,766,test
batch_013:767,batch_013,0,,0.0,batch_013.txt,767,train
batch_013:768,batch_013,1,P41_03,26.0,batch_013.txt,768,train
batch_013:769,batch_013,0,,0.0,batch_013.txt,769,train
batch_013:770,batch_013,0,,0.0,batch_013.txt,770,train
batch_013:771,batch_013,0,,0.0,batch_013.txt,771,train
batch_013:772,batch_013,1,P41_01,2.0,batch_013.txt,772,validation
batch_013:773,batch_013,0,,0.0,batch_013.txt,773,train
batch_013:774,batch_013,0,,0.0,batch_013.txt,774,test
batch_013:775,batch_013,0,,0.0,batch_013.txt,775,test
batch_013:776,batch_013,1,P41_03,26.0,batch_013.txt,776,train
batch_013:777,batch_013,1,P41_06_notch,6.0,batch_013.txt,777,train
batch_013:778,batch_013,1,P41_01,2.0,batch_013.txt,778,train
batch_013:779,batch_013,0,,0.0,batch_013.txt,779,train
batch_013:780,batch_013,1,P41_02,3.0,batch_013.txt,780,test
batch_013:781,batch_013,0,,0.0,batch_013.txt,781,test
batch_013:782,batch_013,0,,0.0,batch_013.txt,782,train
batch_013:783,batch_013,1,P41_06_notch,6.0,batch_013.txt,783,train
batch_013:784,batch_013,1,P41_04,6.0,batch_013.txt,784,train
batch_013:785,batch_013,1,P41_05,17.0,batch_013.txt,785,validation
batch_013:786,batch_013,1,P41_01,2.0,batch_013.txt,786,validation
batch_013:787,batch_013,0,,0.0,batch_013.txt,787,train
batch_013:788,batch_013,1,P41_06_notch,6.0,batch_013.txt,788,validation
batch_013:789,batch_013,1,P41_05,17.0,batch_013.txt,789,train
batch_013:790,batch_013,0,,0.0,batch_013.txt,790,train
batch_013:791,batch_013,0,,0.0,batch_013.txt,791,train
batch_013:792,batch_013,1,P41_02,3.0,batch_013.txt,792,train
batch_013:793,batch_013,1,P41_05,17.0,batch_013.txt,793,train
batch_013:794,batch_013,0,,0.0,batch_013.txt,794,train
batch_013:795,batch_013,0,,0.0,batch_013.txt,795,train
batch_013:796,batch_013,1,P41_03,26.0,batch_013.txt,796,test
batch_013:797,batch_013,1,P41_05,17.0,batch_013.txt,797,train
batch_013:798,batch_013,0,,0.0,batch_013.txt,798,train
batch_013:799,batch_013,0,,0.0,batch_013.txt,799,validation
batch_013:800,batch_013,0,,0.0,batch_013.txt,800,train
batch_013:801,batch_013,1,P41_05,17.0,batch_013.txt,801,test
batch_013:802,batch_013,0,,0.0,batch_013.txt,802,test
batch_013:803,batch_013,0,,0.0,batch_013.txt,803,train
batch_013:804,batch_013,0,,0.0,batch_013.txt,804,train
batch_013:805,batch_013,0,,0.0,batch_013.txt,805,train
batch_013:806,batch_013,0,,0.0,batch_013.txt,806,train
batch_013:807,batch_013,0,,0.0,batch_013.txt,807,test
batch_013:808,batch_013,1,P41_03,26.0,batch_013.txt,808,train
batch_013:809,batch_013,0,,0.0,batch_013.txt,809,validation
batch_013:810,batch_013,1,P41_05,17.0,batch_013.txt,810,validation
batch_013:811,batch_013,1,P41_02,3.0,batch_013.txt,811,validation
batch_013:812,batch_013,0,,0.0,batch_013.txt,812,train
batch_013:813,batch_013,0,,0.0,batch_013.txt,813,train
batch_013:814,batch_013,0,,0.0,batch_013.txt,814,train
batch_013:815,batch_013,1,P41_01,2.0,batch_013.txt,815,train
batch_013:816,batch_013,1,P41_05,17.0,batch_013.txt,816,train
batch_013:817,batch_013,0,,0.0,batch_013.txt,817,validation
batch_013:818,batch_013,1,P41_01,2.0,batch_013.txt,818,train
batch_013:819,batch_013,0,,0.0,batch_013.txt,819,train
batch_013:820,batch_013,0,,0.0,batch_013.txt,820,train
batch_013:821,batch_013,0,,0.0,batch_013.txt,821,validation
batch_013:822,batch_013,1,P41_04,6.0,batch_013.txt,822,validation
batch_013:823,batch_013,1,P41_01,2.0,batch_013.txt,823,validation
batch_013:824,batch_013,1,P41_04,6.0,batch_013.txt,824,validation
batch_013:825,batch_013,0,,0.0,batch_013.txt,825,train
batch_013:826,batch_013,0,,0.0,batch_013.txt,826,test
batch_013:827,batch_013,0,,0.0,batch_013.txt,827,train
batch_013:828,batch_013,0,,0.0,batch_013.txt,828,train
batch_013:829,batch_013,1,P41_01,2.0,batch_013.txt,829,train
batch_013:830,batch_013,0,,0.0,batch_013.txt,830,train
batch_013:831,batch_013,0,,0.0,batch_013.txt,831,train
batch_013:832,batch_013,0,,0.0,batch_013.txt,832,test
batch_013:833,batch_013,0,,0.0,batch_013.txt,833,train
batch_013:834,batch_013,1,P41_05,17.0,batch_013.txt,834,train
batch_013:835,batch_013,1,P41_04,6.0,batch_013.txt,835,train
batch_013:836,batch_013,1,P41_05,17.0,batch_013.txt,836,train
batch_013:837,batch_013,1,P41_04,6.0,batch_013.txt,837,train
batch_013:838,batch_013,1,P41_05,17.0,batch_013.txt,838,train
batch_013:839,batch_013,0,,0.0,batch_013.txt,839,train
batch_013:840,batch_013,1,P41_06_notch,6.0,batch_013.txt,840,train
batch_013:841,batch_013,0,,0.0,batch_013.txt,841,train
batch_013:842,batch_013,0,,0.0,batch_013.txt,842,validation
batch_013:843,batch_013,0,,0.0,batch_013.txt,843,train
batch_013:844,batch_013,0,,0.0,batch_013.txt,844,train
batch_013:845,batch_013,1,P41_05,17.0,batch_013.txt,845,train
batch_013:846,batch_013,1,P41_03,26.0,batch_013.txt,846,train
batch_013:847,batch_013,0,,0.0,batch_013.txt,847,validation
batch_013:848,batch_013,1,P41_06_notch,6.0,batch_013.txt,848,train
batch_013:849,batch_013,1,P41_02,3.0,batch_013.txt,849,validation
batch_013:850,batch_013,0,,0.0,batch_013.txt,850,train
batch_013:851,batch_013,1,P41_05,17.0,batch_013.txt,851,train
batch_013:852,batch_013,1,P41_01,2.0,batch_013.txt,852,validation
batch_013:853,batch_013,1,P41_05,17.0,batch_013.txt,853,train
batch_013:854,batch_013,1,P41_02,3.0,batch_013.txt,854,train
batch_013:855,batch_013,1,P41_06_notch,6.0,batch_013.txt,855,test
batch_013:856,batch_013,0,,0.0,batch_013.txt,856,test
batch_013:857,batch_013,1,P41_04,6.0,batch_013.txt,857,train
batch_013:858,batch_013,0,,0.0,batch_013.txt,858,train
batch_013:859,batch_013,0,,0.0,batch_013.txt,859,test
batch_013:860,batch_013,0,,0.0,batch_013.txt,860,train
batch_013:861,batch_013,1,P41_03,26.0,batch_013.txt,861,train
batch_013:862,batch_013,0,,0.0,batch_013.txt,862,test
batch_013:863,batch_013,0,,0.0,batch_013.txt,863,train
batch_013:864,batch_013,1,P41_01,2.0,batch_013.txt,864,train
batch_013:865,batch_013,0,,0.0,batch_013.txt,865,train
batch_013:866,batch_013,0,,0.0,batch_013.txt,866,validation
batch_013:867,batch_013,0,,0.0,batch_013.txt,867,validation
batch_013:868,batch_013,1,P41_04,6.0,batch_013.txt,868,train
batch_013:869,batch_013,0,,0.0,batch_013.txt,869,test
batch_013:870,batch_013,1,P41_02,3.0,batch_013.txt,870,train
batch_013:871,batch_013,1,P41_04,6.0,batch_013.txt,871,test
batch_013:872,batch_013,0,,0.0,batch_013.txt,872,train
batch_013:873,batch_013,1,P41_06_notch,6.0,batch_013.txt,873,test
batch_013:874,batch_013,1,P41_06_notch,6.0,batch_013.txt,874,validation
batch_013:875,batch_013,1,P41_03,26.0,batch_013.txt,875,train
batch_013:876,batch_013,1,P41_01,2.0,batch_013.txt,876,test
batch_013:877,batch_013,1,P41_04,6.0,batch_013.txt,877,train
batch_013:878,batch_013,0,,0.0,batch_013.txt,878,train
batch_013:879,batch_013,0,,0.0,batch_013.txt,879,train
batch_013:880,batch_013,1,P41_02,3.0,batch_013.txt,880,validation
batch_013:881,batch_013,0,,0.0,batch_013.txt,881,train
batch_013:882,batch_013,1,P41_06_notch,6.0,batch_013.txt,882,train
batch_013:883,batch_013,0,,0.0,batch_013.txt,883,train
batch_013:884,batch_013,0,,0.0,batch_013.txt,884,train
batch_013:885,batch_013,0,,0.0,batch_013.txt,885,test
batch_013:886,batch_013,0,,0.0,batch_013.txt,886,test
batch_013:887,batch_013,1,P41_04,6.0,batch_013.txt,887,train
batch_013:888,batch_013,0,,0.0,batch_013.txt,888,test
batch_013:889,batch_013,1,P41_03,26.0,batch_013.txt,889,train
batch_013:890,batch_013,1,P41_05,17.0,batch_013.txt,890,train
batch_013:891,batch_013,0,,0.0,batch_013.txt,891,train
batch_013:892,batch_013,0,,0.0,batch_013.txt,892,test
batch_013:893,batch_013,1,P41_02,3.0,batch_013.txt,893,train
batch_013:894,batch_013,1,P41_05,17.0,batch_013.txt,894,train
batch_013:895,batch_013,1,P41_04,6.0,batch_013.txt,895,test
batch_013:896,batch_013,1,P41_05,17.0,batch_013.txt,896,train
batch_013:897,batch_013,0,,0.0,batch_013.txt,897,train
batch_013:898,batch_013,0,,0.0,batch_013.txt,898,train
batch_013:899,batch_013,1,P41_03,26.0,batch_013.txt,899,train
batch_013:900,batch_013,0,,0.0,batch_013.txt,900,train
batch_013:901,batch_013,1,P41_06_notch,6.0,batch_013.txt,901,train
batch_013:902,batch_013,1,P41_05,17.0,batch_013.txt,902,test
batch_013:903,batch_013,0,,0.0,batch_013.txt,903,train
batch_013:904,batch_013,1,P41_05,17.0,batch_013.txt,904,train
batch_013:905,batch_013,0,,0.0,batch_013.txt,905,train
batch_013:906,batch_013,0,,0.0,batch_013.txt,906,train
batch_013:907,batch_013,0,,0.0,batch_013.txt,907,train
batch_013:908,batch_013,1,P41_04,6.0,batch_013.txt,908,train
batch_013:909,batch_013,1,P41_01,2.0,batch_013.txt,909,validation
batch_013:910,batch_013,1,P41_03,26.0,batch_013.txt,910,train
batch_013:911,batch_013,0,,0.0,batch_013.txt,911,train
batch_013:912,batch_013,1,P41_01,2.0,batch_013.txt,912,train
batch_013:913,batch_013,0,,0.0,batch_013.txt,913,train
batch_013:914,batch_013,1,P41_05,17.0,batch_013.txt,914,train
batch_013:915,batch_013,0,,0.0,batch_013.txt,915,train
batch_013:916,batch_013,0,,0.0,batch_013.txt,916,train
batch_013:917,batch_013,0,,0.0,batch_013.txt,917,validation
batch_013:918,batch_013,1,P41_05,17.0,batch_013.txt,918,train
batch_013:919,batch_013,1,P41_02,3.0,batch_013.txt,919,train
batch_013:920,batch_013,1,P41_05,17.0,batch_013.txt,920,test
batch_013:921,batch_013,1,P41_06_notch,6.0,batch_013.txt,921,train
batch_013:922,batch_013,1,P41_01,2.0,batch_013.txt,922,train
batch_013:923,batch_013,0,,0.0,batch_013.txt,923,train
batch_013:924,batch_013,0,,0.0,batch_013.txt,924,train
batch_013:925,batch_013,1,P41_04,6.0,batch_013.txt,925,validation
batch_013:926,batch_013,0,,0.0,batch_013.txt,926,validation
batch_013:927,batch_013,0,,0.0,batch_013.txt,927,train
batch_013:928,batch_013,0,,0.0,batch_013.txt,928,train
batch_013:929,batch_013,0,,0.0,batch_013.txt,929,train
batch_013:930,batch_013,1,P41_03,26.0,batch_013.txt,930,train
batch_013:931,batch_013,0,,0.0,batch_013.txt,931,train
batch_013:932,batch_013,0,,0.0,batch_013.txt,932,validation
batch_013:933,batch_013,0,,0.0,batch_013.txt,933,train
batch_013:934,batch_013,0,,0.0,batch_013.txt,934,train
batch_013:935,batch_013,0,,0.0,batch_013.txt,935,validation
batch_013:936,batch_013,1,P41_01,2.0,batch_013.txt,936,test
batch_013:937,batch_013,1,P41_05,17.0,batch_013.txt,937,train
batch_013:938,batch_013,1,P41_01,2.0,batch_013.txt,938,train
batch_013:939,batch_013,0,,0.0,batch_013.txt,939,train
batch_013:940,batch_013,0,,0.0,batch_013.txt,940,train
batch_013:941,batch_013,1,P41_02,3.0,batch_013.txt,941,train
batch_013:942,batch_013,1,P41_05,17.0,batch_013.txt,942,test
batch_013:943,batch_013,0,,0.0,batch_013.txt,943,train
batch_013:944,batch_013,0,,0.0,batch_013.txt,944,test
batch_013:945,batch_013,1,P41_05,17.0,batch_013.txt,945,train
batch_013:946,batch_013,0,,0.0,batch_013.txt,946,test
batch_013:947,batch_013,1,P41_04,6.0,batch_013.txt,947,train
batch_013:948,batch_013,1,P41_06_notch,6.0,batch_013.txt,948,train
batch_013:949,batch_013,0,,0.0,batch_013.txt,949,validation
batch_013:950,batch_013,0,,0.0,batch_013.txt,950,train
batch_013:951,batch_013,0,,0.0,batch_013.txt,951,train
batch_013:952,batch_013,0,,0.0,batch_013.txt,952,validation
batch_013:953,batch_013,0,,0.0,batch_013.txt,953,validation
batch_013:954,batch_013,1,P41_03,26.0,batch_013.txt,954,train
batch_013:955,batch_013,1,P41_05,17.0,batch_013.txt,955,test
batch_013:956,batch_013,0,,0.0,batch_013.txt,956,train
batch_013:957,batch_013,1,P41_06_notch,6.0,batch_013.txt,957,test
batch_013:958,batch_013,1,P41_05,17.0,batch_013.txt,958,validation
batch_013:959,batch_013,0,,0.0,batch_013.txt,959,train
batch_013:960,batch_013,0,,0.0,batch_013.txt,960,train
batch_013:961,batch_013,0,,0.0,batch_013.txt,961,train
batch_013:962,batch_013,0,,0.0,batch_013.txt,962,train
batch_013:963,batch_013,1,P41_06_notch,6.0,batch_013.txt,963,test
batch_013:964,batch_013,1,P41_01,2.0,batch_013.txt,964,train
batch_013:965,batch_013,0,,0.0,batch_013.txt,965,train
batch_013:966,batch_013,0,,0.0,batch_013.txt,966,validation
batch_013:967,batch_013,0,,0.0,batch_013.txt,967,train
batch_013:968,batch_013,0,,0.0,batch_013.txt,968,train
batch_013:969,batch_013,1,P41_06_notch,6.0,batch_013.txt,969,test
batch_013:970,batch_013,1,P41_06_notch,6.0,batch_013.txt,970,train
batch_013:971,batch_013,1,P41_05,17.0,batch_013.txt,971,train
batch_013:972,batch_013,1,P41_02,3.0,batch_013.txt,972,train
batch_013:973,batch_013,0,,0.0,batch_013.txt,973,test
batch_013:974,batch_013,0,,0.0,batch_013.txt,974,test
batch_013:975,batch_013,0,,0.0,batch_013.txt,975,train
batch_013:976,batch_013,0,,0.0,batch_013.txt,976,test
batch_013:977,batch_013,1,P41_01,2.0,batch_013.txt,977,test
batch_013:978,batch_013,0,,0.0,batch_013.txt,978,train
batch_013:979,batch_013,0,,0.0,batch_013.txt,979,train
batch_013:980,batch_013,1,P41_02,3.0,batch_013.txt,980,validation
batch_013:981,batch_013,1,P41_02,3.0,batch_013.txt,981,train
batch_013:982,batch_013,0,,0.0,batch_013.txt,982,train
batch_013:983,batch_013,1,P41_03,26.0,batch_013.txt,983,train
batch_013:984,batch_013,1,P41_06_notch,6.0,batch_013.txt,984,test
batch_013:985,batch_013,0,,0.0,batch_013.txt,985,train
batch_013:986,batch_013,1,P41_03,26.0,batch_013.txt,986,train
batch_013:987,batch_013,1,P41_02,3.0,batch_013.txt,987,train
batch_013:988,batch_013,1,P41_03,26.0,batch_013.txt,988,train
batch_013:989,batch_013,1,P41_03,26.0,batch_013.txt,989,train
batch_013:990,batch_013,1,P41_03,26.0,batch_013.txt,990,train
batch_013:991,batch_013,0,,0.0,batch_013.txt,991,train
batch_013:992,batch_013,0,,0.0,batch_013.txt,992,train
batch_013:993,batch_013,1,P41_06_notch,6.0,batch_013.txt,993,test
batch_013:994,batch_013,0,,0.0,batch_013.txt,994,validation
batch_013:995,batch_013,1,P41_06_notch,6.0,batch_013.txt,995,train
batch_013:996,batch_013,1,P41_01,2.0,batch_013.txt,996,test
batch_013:997,batch_013,1,P41_03,26.0,batch_013.txt,997,test
batch_013:998,batch_013,1,P41_01,2.0,batch_013.txt,998,train
batch_013:999,batch_013,0,,0.0,batch_013.txt,999,train
batch_013:1000,batch_013,1,P41_05,17.0,batch_013.txt,1000,train
batch_014:1,batch_014,0,,0.0,batch_014.txt,1,validation
batch_014:2,batch_014,1,P41_06_notch,6.0,batch_014.txt,2,test
batch_014:3,batch_014,1,P41_01,2.0,batch_014.txt,3,train
batch_014:4,batch_014,0,,0.0,batch_014.txt,4,train
batch_014:5,batch_014,1,P41_04,6.0,batch_014.txt,5,train
batch_014:6,batch_014,1,P41_02,3.0,batch_014.txt,6,train
batch_014:7,batch_014,1,P41_04,6.0,batch_014.txt,7,train
batch_014:8,batch_014,1,P41_06_notch,6.0,batch_014.txt,8,train
batch_014:9,batch_014,1,P41_03,26.0,batch_014.txt,9,validation
batch_014:10,batch_014,1,P41_05,17.0,batch_014.txt,10,train
batch_014:11,batch_014,0,,0.0,batch_014.txt,11,train
batch_014:12,batch_014,0,,0.0,batch_014.txt,12,test
batch_014:13,batch_014,1,P41_03,26.0,batch_014.txt,13,train
batch_014:14,batch_014,0,,0.0,batch_014.txt,14,train
batch_014:15,batch_014,1,P41_06_notch,6.0,batch_014.txt,15,train
batch_014:16,batch_014,1,P41_01,2.0,batch_014.txt,16,train
batch_014:17,batch_014,0,,0.0,batch_014.txt,17,train
batch_014:18,batch_014,1,P41_02,3.0,batch_014.txt,18,train
batch_014:19,batch_014,0,,0.0,batch_014.txt,19,train
batch_014:20,batch_014,1,P41_03,26.0,batch_014.txt,20,train
batch_014:21,batch_014,1,P41_05,17.0,batch_014.txt,21,train
batch_014:22,batch_014,1,P41_06_notch,6.0,batch_014.txt,22,train
batch_014:23,batch_014,1,P41_01,2.0,batch_014.txt,23,train
batch_014:24,batch_014,1,P41_06_notch,6.0,batch_014.txt,24,validation
batch_014:25,batch_014,1,P41_05,17.0,batch_014.txt,25,train
batch_014:26,batch_014,1,P41_01,2.0,batch_014.txt,26,train
batch_014:27,batch_014,1,P41_03,26.0,batch_014.txt,27,train
batch_014:28,batch_014,0,,0.0,batch_014.txt,28,train
batch_014:29,batch_014,0,,0.0,batch_014.txt,29,train
batch_014:30,batch_014,1,P41_03,26.0,batch_014.txt,30,validation
batch_014:31,batch_014,1,P41_05,17.0,batch_014.txt,31,train
batch_014:32,batch_014,1,P41_06_notch,6.0,batch_014.txt,32,train
batch_014:33,batch_014,0,,0.0,batch_014.txt,33,train
batch_014:34,batch_014,1,P41_05,17.0,batch_014.txt,34,test
batch_014:35,batch_014,0,,0.0,batch_014.txt,35,validation
batch_014:36,batch_014,1,P41_01,2.0,batch_014.txt,36,train
batch_014:37,batch_014,0,,0.0,batch_014.txt,37,train
batch_014:38,batch_014,1,P41_03,26.0,batch_014.txt,38,train
batch_014:39,batch_014,0,,0.0,batch_014.txt,39,train
batch_014:40,batch_014,1,P41_03,26.0,batch_014.txt,40,test
batch_014:41,batch_014,0,,0.0,batch_014.txt,41,train
batch_014:42,batch_014,1,P41_04,6.0,batch_014.txt,42,train
batch_014:43,batch_014,0,,0.0,batch_014.txt,43,train
batch_014:44,batch_014,0,,0.0,batch_014.txt,44,train
batch_014:45,batch_014,0,,0.0,batch_014.txt,45,validation
batch_014:46,batch_014,1,P41_06_notch,6.0,batch_014.txt,46,test
batch_014:47,batch_014,1,P41_03,26.0,batch_014.txt,47,test
batch_014:48,batch_014,0,,0.0,batch_014.txt,48,train
batch_014:49,batch_014,0,,0.0,batch_014.txt,49,validation
batch_014:50,batch_014,1,P41_03,26.0,batch_014.txt,50,train
batch_014:51,batch_014,1,P41_02,3.0,batch_014.txt,51,train
batch_014:52,batch_014,1,P41_03,26.0,batch_014.txt,52,test
batch_014:53,batch_014,0,,0.0,batch_014.txt,53,train
batch_014:54,batch_014,0,,0.0,batch_014.txt,54,train
batch_014:55,batch_014,0,,0.0,batch_014.txt,55,train
batch_014:56,batch_014,0,,0.0,batch_014.txt,56,validation
batch_014:57,batch_014,1,P41_01,2.0,batch_014.txt,57,train
batch_014:58,batch_014,0,,0.0,batch_014.txt,58,train
batch_014:59,batch_014,1,P41_06_notch,6.0,batch_014.txt,59,validation
batch_014:60,batch_014,0,,0.0,batch_014.txt,60,validation
batch_014:61,batch_014,0,,0.0,batch_014.txt,61,train
batch_014:62,batch_014,0,,0.0,batch_014.txt,62,train
batch_014:63,batch_014,0,,0.0,batch_014.txt,63,test
batch_014:64,batch_014,1,P41_06_notch,6.0,batch_014.txt,64,train
batch_014:65,batch_014,1,P41_04,6.0,batch_014.txt,65,train
batch_014:66,batch_014,0,,0.0,batch_014.txt,66,train
batch_014:67,batch_014,1,P41_06_notch,6.0,batch_014.txt,67,test
batch_014:68,batch_014,0,,0.0,batch_014.txt,68,train
batch_014:69,batch_014,0,,0.0,batch_014.txt,69,train
batch_014:70,batch_014,1,P41_06_notch,6.0,batch_014.txt,70,train
batch_014:71,batch_014,0,,0.0,batch_014.txt,71,validation
batch_014:72,batch_014,1,P41_01,2.0,batch_014.txt,72,train
batch_014:73,batch_014,1,P41_03,26.0,batch_014.txt,73,train
batch_014:74,batch_014,1,P41_05,17.0,batch_014.txt,74,test
batch_014:75,batch_014,1,P41_03,26.0,batch_014.txt,75,train
batch_014:76,batch_014,0,,0.0,batch_014.txt,76,train
batch_014:77,batch_014,1,P41_05,17.0,batch_014.txt,77,train
batch_014:78,batch_014,0,,0.0,batch_014.txt,78,train
batch_014:79,batch_014,1,P41_04,6.0,batch_014.txt,79,train
batch_014:80,batch_014,1,P41_06_notch,6.0,batch_014.txt,80,train
batch_014:81,batch_014,1,P41_03,26.0,batch_014.txt,81,train
batch_014:82,batch_014,0,,0.0,batch_014.txt,82,test
batch_014:83,batch_014,1,P41_03,26.0,batch_014.txt,83,train
batch_014:84,batch_014,0,,0.0,batch_014.txt,84,validation
batch_014:85,batch_014,0,,0.0,batch_014.txt,85,validation
batch_014:86,batch_014,0,,0.0,batch_014.txt,86,test
batch_014:87,batch_014,0,,0.0,batch_014.txt,87,train
batch_014:88,batch_014,1,P41_04,6.0,batch_014.txt,88,train
batch_014:89,batch_014,1,P41_03,26.0,batch_014.txt,89,train
batch_014:90,batch_014,0,,0.0,batch_014.txt,90,train
batch_014:91,batch_014,1,P41_02,3.0,batch_014.txt,91,train
batch_014:92,batch_014,0,,0.0,batch_014.txt,92,validation
batch_014:93,batch_014,1,P41_03,26.0,batch_014.txt,93,train
batch_014:94,batch_014,0,,0.0,batch_014.txt,94,validation
batch_014:95,batch_014,0,,0.0,batch_014.txt,95,train
batch_014:96,batch_014,1,P41_03,26.0,batch_014.txt,96,train
batch_014:97,batch_014,1,P41_02,3.0,batch_014.txt,97,test
batch_014:98,batch_014,1,P41_06_notch,6.0,batch_014.txt,98,train
batch_014:99,batch_014,1,P41_03,26.0,batch_014.txt,99,validation
batch_014:100,batch_014,0,,0.0,batch_014.txt,100,train
batch_014:101,batch_014,1,P41_02,3.0,batch_014.txt,101,train
batch_014:102,batch_014,1,P41_02,3.0,batch_014.txt,102,train
batch_014:103,batch_014,0,,0.0,batch_014.txt,103,train
batch_014:104,batch_014,0,,0.0,batch_014.txt,104,train
batch_014:105,batch_014,1,P41_03,26.0,batch_014.txt,105,train
batch_014:106,batch_014,0,,0.0,batch_014.txt,106,train
batch_014:107,batch_014,0,,0.0,batch_014.txt,107,train
batch_014:108,batch_014,1,P41_03,26.0,batch_014.txt,108,validation
batch_014:109,batch_014,1,P41_03,26.0,batch_014.txt,109,train
batch_014:110,batch_014,1,P41_01,2.0,batch_014.txt,110,train
batch_014:111,batch_014,0,,0.0,batch_014.txt,111,validation
batch_014:112,batch_014,1,P41_05,17.0,batch_014.txt,112,train
batch_014:113,batch_014,0,,0.0,batch_014.txt,113,train
batch_014:114,batch_014,1,P41_04,6.0,batch_014.txt,114,test
batch_014:115,batch_014,0,,0.0,batch_014.txt,115,train
batch_014:116,batch_014,1,P41_05,17.0,batch_014.txt,116,validation
batch_014:117,batch_014,1,P41_04,6.0,batch_014.txt,117,validation
batch_014:118,batch_014,0,,0.0,batch_014.txt,118,test
batch_014:119,batch_014,0,,0.0,batch_014.txt,119,train
batch_014:120,batch_014,0,,0.0,batch_014.txt,120,train
batch_014:121,batch_014,0,,0.0,batch_014.txt,121,train
batch_014:122,batch_014,1,P41_02,3.0,batch_014.txt,122,test
batch_014:123,batch_014,0,,0.0,batch_014.txt,123,validation
batch_014:124,batch_014,0,,0.0,batch_014.txt,124,validation
batch_014:125,batch_014,1,P41_04,6.0,batch_014.txt,125,train
batch_014:126,batch_014,0,,0.0,batch_014.txt,126,train
batch_014:127,batch_014,0,,0.0,batch_014.txt,127,train
batch_014:128,batch_014,1,P41_01,2.0,batch_014.txt,128,train
batch_014:129,batch_014,1,P41_02,3.0,batch_014.txt,129,train
batch_014:130,batch_014,1,P41_04,6.0,batch_014.txt,130,train
batch_014:131,batch_014,0,,0.0,batch_014.txt,131,train
batch_014:132,batch_014,1,P41_02,3.0,batch_014.txt,132,test
batch_014:133,batch_014,0,,0.0,batch_014.txt,133,validation
batch_014:134,batch_014,0,,0.0,batch_014.txt,134,train
batch_014:135,batch_014,1,P41_02,3.0,batch_014.txt,135,test
batch_014:136,batch_014,0,,0.0,batch_014.txt,136,train
batch_014:137,batch_014,0,,0.0,batch_014.txt,137,test
batch_014:138,batch_014,1,P41_03,26.0,batch_014.txt,138,test
batch_014:139,batch_014,1,P41_02,3.0,batch_014.txt,139,train
batch_014:140,batch_014,0,,0.0,batch_014.txt,140,train
batch_014:141,batch_014,0,,0.0,batch_014.txt,141,train
batch_014:142,batch_014,1,P41_06_notch,6.0,batch_014.txt,142,train
batch_014:143,batch_014,1,P41_01,2.0,batch_014.txt,143,train
batch_014:144,batch_014,0,,0.0,batch_014.txt,144,train
batch_014:145,batch_014,0,,0.0,batch_014.txt,145,train
batch_014:146,batch_014,0,,0.0,batch_014.txt,146,validation
batch_014:147,batch_014,0,,0.0,batch_014.txt,147,test
batch_014:148,batch_014,1,P41_03,26.0,batch_014.txt,148,train
batch_014:149,batch_014,0,,0.0,batch_014.txt,149,train
batch_014:150,batch_014,0,,0.0,batch_014.txt,150,train
batch_014:151,batch_014,1,P41_02,3.0,batch_014.txt,151,validation
batch_014:152,batch_014,0,,0.0,batch_014.txt,152,train
batch_014:153,batch_014,0,,0.0,batch_014.txt,153,validation
batch_014:154,batch_014,0,,0.0,batch_014.txt,154,train
batch_014:155,batch_014,0,,0.0,batch_014.txt,155,test
batch_014:156,batch_014,1,P41_06_notch,6.0,batch_014.txt,156,train
batch_014:157,batch_014,0,,0.0,batch_014.txt,157,validation
batch_014:158,batch_014,1,P41_03,26.0,batch_014.txt,158,train
batch_014:159,batch_014,1,P41_02,3.0,batch_014.txt,159,train
batch_014:160,batch_014,0,,0.0,batch_014.txt,160,validation
batch_014:161,batch_014,0,,0.0,batch_014.txt,161,train
batch_014:162,batch_014,0,,0.0,batch_014.txt,162,train
batch_014:163,batch_014,0,,0.0,batch_014.txt,163,train
batch_014:164,batch_014,1,P41_02,3.0,batch_014.txt,164,train
batch_014:165,batch_014,1,P41_01,2.0,batch_014.txt,165,test
batch_014:166,batch_014,0,,0.0,batch_014.txt,166,train
batch_014:167,batch_014,1,P41_04,6.0,batch_014.txt,167,train
batch_014:168,batch_014,0,,0.0,batch_014.txt,168,test
batch_014:169,batch_014,0,,0.0,batch_014.txt,169,train
batch_014:170,batch_014,1,P41_04,6.0,batch_014.txt,170,train
batch_014:171,batch_014,1,P41_02,3.0,batch_014.txt,171,train
batch_014:172,batch_014,0,,0.0,batch_014.txt,172,train
batch_014:173,batch_014,1,P41_06_notch,6.0,batch_014.txt,173,train
batch_014:174,batch_014,1,P41_03,26.0,batch_014.txt,174,validation
batch_014:175,batch_014,0,,0.0,batch_014.txt,175,train
batch_014:176,batch_014,1,P41_01,2.0,batch_014.txt,176,train
batch_014:177,batch_014,0,,0.0,batch_014.txt,177,train
batch_014:178,batch_014,0,,0.0,batch_014.txt,178,validation
batch_014:179,batch_014,1,P41_04,6.0,batch_014.txt,179,train
batch_014:180,batch_014,0,,0.0,batch_014.txt,180,train
batch_014:181,batch_014,0,,0.0,batch_014.txt,181,train
batch_014:182,batch_014,0,,0.0,batch_014.txt,182,train
batch_014:183,batch_014,0,,0.0,batch_014.txt,183,train
batch_014:184,batch_014,1,P41_03,26.0,batch_014.txt,184,train
batch_014:185,batch_014,1,P41_05,17.0,batch_014.txt,185,train
batch_014:186,batch_014,0,,0.0,batch_014.txt,186,train
batch_014:187,batch_014,1,P41_04,6.0,batch_014.txt,187,test
batch_014:188,batch_014,1,P41_01,2.0,batch_014.txt,188,train
batch_014:189,batch_014,1,P41_05,17.0,batch_014.txt,189,train
batch_014:190,batch_014,1,P41_01,2.0,batch_014.txt,190,validation
batch_014:191,batch_014,0,,0.0,batch_014.txt,191,train
batch_014:192,batch_014,0,,0.0,batch_014.txt,192,test
batch_014:193,batch_014,0,,0.0,batch_014.txt,193,train
batch_014:194,batch_014,1,P41_03,26.0,batch_014.txt,194,validation
batch_014:195,batch_014,0,,0.0,batch_014.txt,195,train
batch_014:196,batch_014,0,,0.0,batch_014.txt,196,validation
batch_014:197,batch_014,0,,0.0,batch_014.txt,197,train
batch_014:198,batch_014,0,,0.0,batch_014.txt,198,test
batch_014:199,batch_014,1,P41_04,6.0,batch_014.txt,199,train
batch_014:200,batch_014,0,,0.0,batch_014.txt,200,train
batch_014:201,batch_014,1,P41_01,2.0,batch_014.txt,201,train
batch_014:202,batch_014,0,,0.0,batch_014.txt,202,validation
batch_014:203,batch_014,1,P41_01,2.0,batch_014.txt,203,test
batch_014:204,batch_014,1,P41_05,17.0,batch_014.txt,204,train
batch_014:205,batch_014,1,P41_03,26.0,batch_014.txt,205,test
batch_014:206,batch_014,1,P41_02,3.0,batch_014.txt,206,validation
batch_014:207,batch_014,0,,0.0,batch_014.txt,207,train
batch_014:208,batch_014,1,P41_03,26.0,batch_014.txt,208,train
batch_014:209,batch_014,1,P41_04,6.0,batch_014.txt,209,train
batch_014:210,batch_014,1,P41_05,17.0,batch_014.txt,210,train
batch_014:211,batch_014,1,P41_06_notch,6.0,batch_014.txt,211,train
batch_014:212,batch_014,0,,0.0,batch_014.txt,212,validation
batch_014:213,batch_014,0,,0.0,batch_014.txt,213,train
batch_014:214,batch_014,1,P41_02,3.0,batch_014.txt,214,validation
batch_014:215,batch_014,1,P41_03,26.0,batch_014.txt,215,train
batch_014:216,batch_014,1,P41_03,26.0,batch_014.txt,216,train
batch_014:217,batch_014,0,,0.0,batch_014.txt,217,train
batch_014:218,batch_014,1,P41_04,6.0,batch_014.txt,218,train
batch_014:219,batch_014,0,,0.0,batch_014.txt,219,train
batch_014:220,batch_014,1,P41_04,6.0,batch_014.txt,220,validation
batch_014:221,batch_014,1,P41_03,26.0,batch_014.txt,221,train
batch_014:222,batch_014,1,P41_01,2.0,batch_014.txt,222,validation
batch_014:223,batch_014,0,,0.0,batch_014.txt,223,train
batch_014:224,batch_014,0,,0.0,batch_014.txt,224,train
batch_014:225,batch_014,1,P41_05,17.0,batch_014.txt,225,validation
batch_014:226,batch_014,1,P41_02,3.0,batch_014.txt,226,train
batch_014:227,batch_014,1,P41_06_notch,6.0,batch_014.txt,227,train
batch_014:228,batch_014,0,,0.0,batch_014.txt,228,train
batch_014:229,batch_014,0,,0.0,batch_014.txt,229,train
batch_014:230,batch_014,0,,0.0,batch_014.txt,230,train
batch_014:231,batch_014,0,,0.0,batch_014.txt,231,test
batch_014:232,batch_014,0,,0.0,batch_014.txt,232,train
batch_014:233,batch_014,1,P41_01,2.0,batch_014.txt,233,train
batch_014:234,batch_014,1,P41_01,2.0,batch_014.txt,234,train
batch_014:235,batch_014,0,,0.0,batch_014.txt,235,train
batch_014:236,batch_014,1,P41_05,17.0,batch_014.txt,236,validation
batch_014:237,batch_014,0,,0.0,batch_014.txt,237,train
batch_014:238,batch_014,1,P41_04,6.0,batch_014.txt,238,validation
batch_014:239,batch_014,1,P41_04,6.0,batch_014.txt,239,validation
batch_014:240,batch_014,1,P41_04,6.0,batch_014.txt,240,train
batch_014:241,batch_014,1,P41_05,17.0,batch_014.txt,241,train
batch_014:242,batch_014,1,P41_01,2.0,batch_014.txt,242,train
batch_014:243,batch_014,1,P41_06_notch,6.0,batch_014.txt,243,validation
batch_014:244,batch_014,1,P41_05,17.0,batch_014.txt,244,validation
batch_014:245,batch_014,1,P41_05,17.0,batch_014.txt,245,train
batch_014:246,batch_014,0,,0.0,batch_014.txt,246,train
batch_014:247,batch_014,0,,0.0,batch_014.txt,247,validation
batch_014:248,batch_014,0,,0.0,batch_014.txt,248,train
batch_014:249,batch_014,1,P41_06_notch,6.0,batch_014.txt,249,train
batch_014:250,batch_014,0,,0.0,batch_014.txt,250,train
batch_014:251,batch_014,0,,0.0,batch_014.txt,251,validation
batch_014:252,batch_014,1,P41_01,2.0,batch_014.txt,252,train
batch_014:253,batch_014,0,,0.0,batch_014.txt,253,train
batch_014:254,batch_014,0,,0.0,batch_014.txt,254,train
batch_014:255,batch_014,1,P41_03,26.0,batch_014.txt,255,train
batch_014:256,batch_014,1,P41_01,2.0,batch_014.txt,256,train
batch_014:257,batch_014,1,P41_02,3.0,batch_014.txt,257,train
batch_014:258,batch_014,1,P41_01,2.0,batch_014.txt,258,train
batch_014:259,batch_014,1,P41_03,26.0,batch_014.txt,259,validation
batch_014:260,batch_014,1,P41_01,2.0,batch_014.txt,260,train
batch_014:261,batch_014,1,P41_02,3.0,batch_014.txt,261,train
batch_014:262,batch_014,1,P41_01,2.0,batch_014.txt,262,train
batch_014:263,batch_014,1,P41_04,6.0,batch_014.txt,263,train
batch_014:264,batch_014,0,,0.0,batch_014.txt,264,train
batch_014:265,batch_014,1,P41_01,2.0,batch_014.txt,265,train
batch_014:266,batch_014,1,P41_03,26.0,batch_014.txt,266,train
batch_014:267,batch_014,0,,0.0,batch_014.txt,267,train
batch_014:268,batch_014,0,,0.0,batch_014.txt,268,train
batch_014:269,batch_014,1,P41_05,17.0,batch_014.txt,269,test
batch_014:270,batch_014,1,P41_02,3.0,batch_014.txt,270,validation
batch_014:271,batch_014,0,,0.0,batch_014.txt,271,test
batch_014:272,batch_014,0,,0.0,batch_014.txt,272,train
batch_014:273,batch_014,1,P41_06_notch,6.0,batch_014.txt,273,train
batch_014:274,batch_014,1,P41_05,17.0,batch_014.txt,274,train
batch_014:275,batch_014,1,P41_06_notch,6.0,batch_014.txt,275,train
batch_014:276,batch_014,1,P41_05,17.0,batch_014.txt,276,train
batch_014:277,batch_014,1,P41_02,3.0,batch_014.txt,277,train
batch_014:278,batch_014,1,P41_04,6.0,batch_014.txt,278,validation
batch_014:279,batch_014,0,,0.0,batch_014.txt,279,test
batch_014:280,batch_014,0,,0.0,batch_014.txt,280,train
batch_014:281,batch_014,0,,0.0,batch_014.txt,281,validation
batch_014:282,batch_014,0,,0.0,batch_014.txt,282,test
batch_014:283,batch_014,0,,0.0,batch_014.txt,283,train
batch_014:284,batch_014,1,P41_03,26.0,batch_014.txt,284,train
batch_014:285,batch_014,0,,0.0,batch_014.txt,285,validation
batch_014:286,batch_014,0,,0.0,batch_014.txt,286,train
batch_014:287,batch_014,0,,0.0,batch_014.txt,287,train
batch_014:288,batch_014,1,P41_04,6.0,batch_014.txt,288,train
batch_014:289,batch_014,0,,0.0,batch_014.txt,289,test
batch_014:290,batch_014,0,,0.0,batch_014.txt,290,train
batch_014:291,batch_014,0,,0.0,batch_014.txt,291,train
batch_014:292,batch_014,0,,0.0,batch_014.txt,292,train
batch_014:293,batch_014,1,P41_06_notch,6.0,batch_014.txt,293,train
batch_014:294,batch_014,0,,0.0,batch_014.txt,294,train
batch_014:295,batch_014,1,P41_02,3.0,batch_014.txt,295,train
batch_014:296,batch_014,1,P41_02,3.0,batch_014.txt,296,validation
batch_014:297,batch_014,1,P41_01,2.0,batch_014.txt,297,train
batch_014:298,batch_014,1,P41_05,17.0,batch_014.txt,298,train
batch_014:299,batch_014,0,,0.0,batch_014.txt,299,train
batch_014:300,batch_014,1,P41_05,17.0,batch_014.txt,300,train
batch_014:301,batch_014,0,,0.0,batch_014.txt,301,train
batch_014:302,batch_014,0,,0.0,batch_014.txt,302,train
batch_014:303,batch_014,0,,0.0,batch_014.txt,303,train
batch_014:304,batch_014,0,,0.0,batch_014.txt,304,train
batch_014:305,batch_014,1,P41_06_notch,6.0,batch_014.txt,305,validation
batch_014:306,batch_014,0,,0.0,batch_014.txt,306,train
batch_014:307,batch_014,1,P41_05,17.0,batch_014.txt,307,train
batch_014:308,batch_014,0,,0.0,batch_014.txt,308,train
batch_014:309,batch_014,1,P41_04,6.0,batch_014.txt,309,train
batch_014:310,batch_014,1,P41_01,2.0,batch_014.txt,310,train
batch_014:311,batch_014,1,P41_04,6.0,batch_014.txt,311,train
batch_014:312,batch_014,0,,0.0,batch_014.txt,312,train
batch_014:313,batch_014,1,P41_04,6.0,batch_014.txt,313,train
batch_014:314,batch_014,0,,0.0,batch_014.txt,314,validation
batch_014:315,batch_014,1,P41_04,6.0,batch_014.txt,315,train
batch_014:316,batch_014,0,,0.0,batch_014.txt,316,validation
batch_014:317,batch_014,0,,0.0,batch_014.txt,317,train
batch_014:318,batch_014,1,P41_02,3.0,batch_014.txt,318,validation
batch_014:319,batch_014,1,P41_06_notch,6.0,batch_014.txt,319,train
batch_014:320,batch_014,1,P41_06_notch,6.0,batch_014.txt,320,train
batch_014:321,batch_014,0,,0.0,batch_014.txt,321,train
batch_014:322,batch_014,0,,0.0,batch_014.txt,322,train
batch_014:323,batch_014,1,P41_06_notch,6.0,batch_014.txt,323,train
batch_014:324,batch_014,1,P41_06_notch,6.0,batch_014.txt,324,train
batch_014:325,batch_014,1,P41_01,2.0,batch_014.txt,325,train
batch_014:326,batch_014,0,,0.0,batch_014.txt,326,train
batch_014:327,batch_014,0,,0.0,batch_014.txt,327,train
batch_014:328,batch_014,1,P41_05,17.0,batch_014.txt,328,test
batch_014:329,batch_014,1,P41_05,17.0,batch_014.txt,329,validation
batch_014:330,batch_014,0,,0.0,batch_014.txt,330,test
batch_014:331,batch_014,1,P41_05,17.0,batch_014.txt,331,validation
batch_014:332,batch_014,1,P41_02,3.0,batch_014.txt,332,train
batch_014:333,batch_014,1,P41_05,17.0,batch_014.txt,333,train
batch_014:334,batch_014,0,,0.0,batch_014.txt,334,validation
batch_014:335,batch_014,0,,0.0,batch_014.txt,335,train
batch_014:336,batch_014,0,,0.0,batch_014.txt,336,train
batch_014:337,batch_014,1,P41_01,2.0,batch_014.txt,337,train
batch_014:338,batch_014,0,,0.0,batch_014.txt,338,train
batch_014:339,batch_014,0,,0.0,batch_014.txt,339,train
batch_014:340,batch_014,0,,0.0,batch_014.txt,340,validation
batch_014:341,batch_014,0,,0.0,batch_014.txt,341,train
batch_014:342,batch_014,0,,0.0,batch_014.txt,342,train
batch_014:343,batch_014,1,P41_03,26.0,batch_014.txt,343,train
batch_014:344,batch_014,1,P41_01,2.0,batch_014.txt,344,train
batch_014:345,batch_014,1,P41_05,17.0,batch_014.txt,345,test
batch_014:346,batch_014,0,,0.0,batch_014.txt,346,train
batch_014:347,batch_014,0,,0.0,batch_014.txt,347,train
batch_014:348,batch_014,0,,0.0,batch_014.txt,348,test
batch_014:349,batch_014,0,,0.0,batch_014.txt,349,test
batch_014:350,batch_014,0,,0.0,batch_014.txt,350,validation
batch_014:351,batch_014,0,,0.0,batch_014.txt,351,test
batch_014:352,batch_014,1,P41_01,2.0,batch_014.txt,352,test
batch_014:353,batch_014,1,P41_03,26.0,batch_014.txt,353,train
batch_014:354,batch_014,1,P41_06_notch,6.0,batch_014.txt,354,validation
batch_014:355,batch_014,1,P41_05,17.0,batch_014.txt,355,validation
batch_014:356,batch_014,1,P41_04,6.0,batch_014.txt,356,validation
batch_014:357,batch_014,0,,0.0,batch_014.txt,357,train
batch_014:358,batch_014,1,P41_03,26.0,batch_014.txt,358,train
batch_014:359,batch_014,1,P41_06_notch,6.0,batch_014.txt,359,train
batch_014:360,batch_014,0,,0.0,batch_014.txt,360,test
batch_014:361,batch_014,0,,0.0,batch_014.txt,361,train
batch_014:362,batch_014,0,,0.0,batch_014.txt,362,train
batch_014:363,batch_014,1,P41_01,2.0,batch_014.txt,363,train
batch_014:364,batch_014,0,,0.0,batch_014.txt,364,train
batch_014:365,batch_014,1,P41_06_notch,6.0,batch_014.txt,365,validation
batch_014:366,batch_014,1,P41_02,3.0,batch_014.txt,366,train
batch_014:367,batch_014,0,,0.0,batch_014.txt,367,test
batch_014:368,batch_014,1,P41_01,2.0,batch_014.txt,368,validation
batch_014:369,batch_014,1,P41_03,26.0,batch_014.txt,369,validation
batch_014:370,batch_014,0,,0.0,batch_014.txt,370,test
batch_014:371,batch_014,0,,0.0,batch_014.txt,371,train
batch_014:372,batch_014,1,P41_01,2.0,batch_014.txt,372,train
batch_014:373,batch_014,0,,0.0,batch_014.txt,373,train
batch_014:374,batch_014,0,,0.0,batch_014.txt,374,train
batch_014:375,batch_014,0,,0.0,batch_014.txt,375,train
batch_014:376,batch_014,0,,0.0,batch_014.txt,376,train
batch_014:377,batch_014,1,P41_06_notch,6.0,batch_014.txt,377,train
batch_014:378,batch_014,1,P41_01,2.0,batch_014.txt,378,train
batch_014:379,batch_014,0,,0.0,batch_014.txt,379,train
batch_014:380,batch_014,1,P41_05,17.0,batch_014.txt,380,train
batch_014:381,batch_014,1,P41_05,17.0,batch_014.txt,381,train
batch_014:382,batch_014,0,,0.0,batch_014.txt,382,train
batch_014:383,batch_014,0,,0.0,batch_014.txt,383,test
batch_014:384,batch_014,1,P41_04,6.0,batch_014.txt,384,train
batch_014:385,batch_014,1,P41_03,26.0,batch_014.txt,385,train
batch_014:386,batch_014,0,,0.0,batch_014.txt,386,train
batch_014:387,batch_014,1,P41_06_notch,6.0,batch_014.txt,387,test
batch_014:388,batch_014,0,,0.0,batch_014.txt,388,train
batch_014:389,batch_014,1,P41_02,3.0,batch_014.txt,389,train
batch_014:390,batch_014,0,,0.0,batch_014.txt,390,train
batch_014:391,batch_014,1,P41_03,26.0,batch_014.txt,391,train
batch_014:392,batch_014,0,,0.0,batch_014.txt,392,train
batch_014:393,batch_014,1,P41_05,17.0,batch_014.txt,393,train
batch_014:394,batch_014,0,,0.0,batch_014.txt,394,train
batch_014:395,batch_014,0,,0.0,batch_014.txt,395,train
batch_014:396,batch_014,1,P41_04,6.0,batch_014.txt,396,train
batch_014:397,batch_014,1,P41_01,2.0,batch_014.txt,397,train
batch_014:398,batch_014,0,,0.0,batch_014.txt,398,train
batch_014:399,batch_014,1,P41_04,6.0,batch_014.txt,399,test
batch_014:400,batch_014,1,P41_01,2.0,batch_014.txt,400,train
batch_014:401,batch_014,1,P41_06_notch,6.0,batch_014.txt,401,test
batch_014:402,batch_014,0,,0.0,batch_014.txt,402,validation
batch_014:403,batch_014,0,,0.0,batch_014.txt,403,test
batch_014:404,batch_014,0,,0.0,batch_014.txt,404,test
batch_014:405,batch_014,0,,0.0,batch_014.txt,405,train
batch_014:406,batch_014,0,,0.0,batch_014.txt,406,train
batch_014:407,batch_014,1,P41_06_notch,6.0,batch_014.txt,407,train
batch_014:408,batch_014,1,P41_05,17.0,batch_014.txt,408,validation
batch_014:409,batch_014,0,,0.0,batch_014.txt,409,train
batch_014:410,batch_014,1,P41_06_notch,6.0,batch_014.txt,410,train
batch_014:411,batch_014,0,,0.0,batch_014.txt,411,train
batch_014:412,batch_014,0,,0.0,batch_014.txt,412,train
batch_014:413,batch_014,0,,0.0,batch_014.txt,413,train
batch_014:414,batch_014,1,P41_03,26.0,batch_014.txt,414,train
batch_014:415,batch_014,1,P41_01,2.0,batch_014.txt,415,train
batch_014:416,batch_014,1,P41_01,2.0,batch_014.txt,416,test
batch_014:417,batch_014,1,P41_05,17.0,batch_014.txt,417,train
batch_014:418,batch_014,0,,0.0,batch_014.txt,418,train
batch_014:419,batch_014,1,P41_04,6.0,batch_014.txt,419,train
batch_014:420,batch_014,1,P41_05,17.0,batch_014.txt,420,validation
batch_014:421,batch_014,1,P41_05,17.0,batch_014.txt,421,train
batch_014:422,batch_014,0,,0.0,batch_014.txt,422,train
batch_014:423,batch_014,0,,0.0,batch_014.txt,423,train
batch_014:424,batch_014,0,,0.0,batch_014.txt,424,train
batch_014:425,batch_014,0,,0.0,batch_014.txt,425,train
batch_014:426,batch_014,1,P41_02,3.0,batch_014.txt,426,train
batch_014:427,batch_014,1,P41_03,26.0,batch_014.txt,427,train
batch_014:428,batch_014,0,,0.0,batch_014.txt,428,train
batch_014:429,batch_014,1,P41_02,3.0,batch_014.txt,429,validation
batch_014:430,batch_014,1,P41_06_notch,6.0,batch_014.txt,430,train
batch_014:431,batch_014,0,,0.0,batch_014.txt,431,train
batch_014:432,batch_014,0,,0.0,batch_014.txt,432,train
batch_014:433,batch_014,1,P41_04,6.0,batch_014.txt,433,train
batch_014:434,batch_014,0,,0.0,batch_014.txt,434,test
batch_014:435,batch_014,1,P41_06_notch,6.0,batch_014.txt,435,train
batch_014:436,batch_014,1,P41_06_notch,6.0,batch_014.txt,436,train
batch_014:437,batch_014,1,P41_03,26.0,batch_014.txt,437,test
batch_014:438,batch_014,0,,0.0,batch_014.txt,438,train
batch_014:439,batch_014,1,P41_05,17.0,batch_014.txt,439,train
batch_014:440,batch_014,1,P41_03,26.0,batch_014.txt,440,test
batch_014:441,batch_014,0,,0.0,batch_014.txt,441,test
batch_014:442,batch_014,0,,0.0,batch_014.txt,442,train
batch_014:443,batch_014,0,,0.0,batch_014.txt,443,validation
batch_014:444,batch_014,1,P41_03,26.0,batch_014.txt,444,test
batch_014:445,batch_014,1,P41_03,26.0,batch_014.txt,445,train
batch_014:446,batch_014,0,,0.0,batch_014.txt,446,train
batch_014:447,batch_014,0,,0.0,batch_014.txt,447,train
batch_014:448,batch_014,0,,0.0,batch_014.txt,448,train
batch_014:449,batch_014,0,,0.0,batch_014.txt,449,train
batch_014:450,batch_014,0,,0.0,batch_014.txt,450,train
batch_014:451,batch_014,0,,0.0,batch_014.txt,451,train
batch_014:452,batch_014,1,P41_02,3.0,batch_014.txt,452,train
batch_014:453,batch_014,0,,0.0,batch_014.txt,453,validation
batch_014:454,batch_014,0,,0.0,batch_014.txt,454,test
batch_014:455,batch_014,1,P41_06_notch,6.0,batch_014.txt,455,train
batch_014:456,batch_014,0,,0.0,batch_014.txt,456,test
batch_014:457,batch_014,0,,0.0,batch_014.txt,457,train
batch_014:458,batch_014,1,P41_05,17.0,batch_014.txt,458,train
batch_014:459,batch_014,1,P41_02,3.0,batch_014.txt,459,train
batch_014:460,batch_014,1,P41_04,6.0,batch_014.txt,460,train
batch_014:461,batch_014,1,P41_01,2.0,batch_014.txt,461,train
batch_014:462,batch_014,0,,0.0,batch_014.txt,462,train
batch_014:463,batch_014,0,,0.0,batch_014.txt,463,train
batch_014:464,batch_014,1,P41_04,6.0,batch_014.txt,464,train
batch_014:465,batch_014,1,P41_03,26.0,batch_014.txt,465,train
batch_014:466,batch_014,0,,0.0,batch_014.txt,466,train
batch_014:467,batch_014,1,P41_04,6.0,batch_014.txt,467,validation
batch_014:468,batch_014,1,P41_06_notch,6.0,batch_014.txt,468,train
batch_014:469,batch_014,0,,0.0,batch_014.txt,469,train
batch_014:470,batch_014,0,,0.0,batch_014.txt,470,train
batch_014:471,batch_014,0,,0.0,batch_014.txt,471,train
batch_014:472,batch_014,1,P41_04,6.0,batch_014.txt,472,train
batch_014:473,batch_014,1,P41_04,6.0,batch_014.txt,473,train
batch_014:474,batch_014,0,,0.0,batch_014.txt,474,train
batch_014:475,batch_014,1,P41_06_notch,6.0,batch_014.txt,475,validation
batch_014:476,batch_014,0,,0.0,batch_014.txt,476,train
batch_014:477,batch_014,1,P41_05,17.0,batch_014.txt,477,train
batch_014:478,batch_014,0,,0.0,batch_014.txt,478,train
batch_014:479,batch_014,1,P41_06_notch,6.0,batch_014.txt,479,test
batch_014:480,batch_014,1,P41_03,26.0,batch_014.txt,480,test
batch_014:481,batch_014,0,,0.0,batch_014.txt,481,test
batch_014:482,batch_014,1,P41_05,17.0,batch_014.txt,482,validation
batch_014:483,batch_014,0,,0.0,batch_014.txt,483,validation
batch_014:484,batch_014,0,,0.0,batch_014.txt,484,train
batch_014:485,batch_014,1,P41_06_notch,6.0,batch_014.txt,485,train
batch_014:486,batch_014,1,P41_04,6.0,batch_014.txt,486,train
batch_014:487,batch_014,0,,0.0,batch_014.txt,487,train
batch_014:488,batch_014,1,P41_02,3.0,batch_014.txt,488,train
batch_014:489,batch_014,1,P41_01,2.0,batch_014.txt,489,train
batch_014:490,batch_014,1,P41_01,2.0,batch_014.txt,490,train
batch_014:491,batch_014,0,,0.0,batch_014.txt,491,train
batch_014:492,batch_014,0,,0.0,batch_014.txt,492,train
batch_014:493,batch_014,0,,0.0,batch_014.txt,493,train
batch_014:494,batch_014,1,P41_04,6.0,batch_014.txt,494,validation
batch_014:495,batch_014,0,,0.0,batch_014.txt,495,train
batch_014:496,batch_014,1,P41_03,26.0,batch_014.txt,496,train
batch_014:497,batch_014,0,,0.0,batch_014.txt,497,train
batch_014:498,batch_014,1,P41_02,3.0,batch_014.txt,498,train
batch_014:499,batch_014,1,P41_03,26.0,batch_014.txt,499,train
batch_014:500,batch_014,0,,0.0,batch_014.txt,500,train
batch_014:501,batch_014,1,P41_01,2.0,batch_014.txt,501,test
batch_014:502,batch_014,0,,0.0,batch_014.txt,502,train
batch_014:503,batch_014,0,,0.0,batch_014.txt,503,train
batch_014:504,batch_014,0,,0.0,batch_014.txt,504,train
batch_014:505,batch_014,1,P41_01,2.0,batch_014.txt,505,train
batch_014:506,batch_014,1,P41_02,3.0,batch_014.txt,506,train
batch_014:507,batch_014,0,,0.0,batch_014.txt,507,train
batch_014:508,batch_014,0,,0.0,batch_014.txt,508,validation
batch_014:509,batch_014,1,P41_04,6.0,batch_014.txt,509,test
batch_014:510,batch_014,0,,0.0,batch_014.txt,510,test
batch_014:511,batch_014,0,,0.0,batch_014.txt,511,validation
batch_014:512,batch_014,0,,0.0,batch_014.txt,512,train
batch_014:513,batch_014,0,,0.0,batch_014.txt,513,train
batch_014:514,batch_014,1,P41_03,26.0,batch_014.txt,514,train
batch_014:515,batch_014,0,,0.0,batch_014.txt,515,train
batch_014:516,batch_014,1,P41_02,3.0,batch_014.txt,516,train
batch_014:517,batch_014,0,,0.0,batch_014.txt,517,train
batch_014:518,batch_014,1,P41_05,17.0,batch_014.txt,518,train
batch_014:519,batch_014,0,,0.0,batch_014.txt,519,train
batch_014:520,batch_014,1,P41_06_notch,6.0,batch_014.txt,520,validation
batch_014:521,batch_014,0,,0.0,batch_014.txt,521,train
batch_014:522,batch_014,1,P41_03,26.0,batch_014.txt,522,train
batch_014:523,batch_014,0,,0.0,batch_014.txt,523,train
batch_014:524,batch_014,0,,0.0,batch_014.txt,524,train
batch_014:525,batch_014,0,,0.0,batch_014.txt,525,train
batch_014:526,batch_014,0,,0.0,batch_014.txt,526,train
batch_014:527,batch_014,0,,0.0,batch_014.txt,527,test
batch_014:528,batch_014,1,P41_03,26.0,batch_014.txt,528,train
batch_014:529,batch_014,1,P41_03,26.0,batch_014.txt,529,train
batch_014:530,batch_014,0,,0.0,batch_014.txt,530,validation
batch_014:531,batch_014,1,P41_04,6.0,batch_014.txt,531,train
batch_014:532,batch_014,0,,0.0,batch_014.txt,532,validation
batch_014:533,batch_014,0,,0.0,batch_014.txt,533,train
batch_014:534,batch_014,1,P41_01,2.0,batch_014.txt,534,train
batch_014:535,batch_014,0,,0.0,batch_014.txt,535,train
batch_014:536,batch_014,0,,0.0,batch_014.txt,536,validation
batch_014:537,batch_014,0,,0.0,batch_014.txt,537,validation
batch_014:538,batch_014,1,P41_03,26.0,batch_014.txt,538,validation
batch_014:539,batch_014,0,,0.0,batch_014.txt,539,train
batch_014:540,batch_014,1,P41_03,26.0,batch_014.txt,540,test
batch_014:541,batch_014,1,P41_03,26.0,batch_014.txt,541,train
batch_014:542,batch_014,0,,0.0,batch_014.txt,542,train
batch_014:543,batch_014,0,,0.0,batch_014.txt,543,train
batch_014:544,batch_014,0,,0.0,batch_014.txt,544,train
batch_014:545,batch_014,1,P41_04,6.0,batch_014.txt,545,train
batch_014:546,batch_014,1,P41_06_notch,6.0,batch_014.txt,546,test
batch_014:547,batch_014,1,P41_06_notch,6.0,batch_014.txt,547,validation
batch_014:548,batch_014,1,P41_04,6.0,batch_014.txt,548,train
batch_014:549,batch_014,0,,0.0,batch_014.txt,549,train
batch_014:550,batch_014,1,P41_04,6.0,batch_014.txt,550,train
batch_014:551,batch_014,1,P41_01,2.0,batch_014.txt,551,train
batch_014:552,batch_014,1,P41_05,17.0,batch_014.txt,552,validation
batch_014:553,batch_014,1,P41_06_notch,6.0,batch_014.txt,553,train
batch_014:554,batch_014,0,,0.0,batch_014.txt,554,train
batch_014:555,batch_014,1,P41_01,2.0,batch_014.txt,555,train
batch_014:556,batch_014,0,,0.0,batch_014.txt,556,train
batch_014:557,batch_014,1,P41_04,6.0,batch_014.txt,557,train
batch_014:558,batch_014,0,,0.0,batch_014.txt,558,test
batch_014:559,batch_014,1,P41_04,6.0,batch_014.txt,559,train
batch_014:560,batch_014,0,,0.0,batch_014.txt,560,train
batch_014:561,batch_014,1,P41_03,26.0,batch_014.txt,561,train
batch_014:562,batch_014,1,P41_01,2.0,batch_014.txt,562,test
batch_014:563,batch_014,0,,0.0,batch_014.txt,563,train
batch_014:564,batch_014,0,,0.0,batch_014.txt,564,train
batch_014:565,batch_014,1,P41_01,2.0,batch_014.txt,565,train
batch_014:566,batch_014,0,,0.0,batch_014.txt,566,train
batch_014:567,batch_014,0,,0.0,batch_014.txt,567,train
batch_014:568,batch_014,1,P41_01,2.0,batch_014.txt,568,train
batch_014:569,batch_014,0,,0.0,batch_014.txt,569,train
batch_014:570,batch_014,0,,0.0,batch_014.txt,570,train
batch_014:571,batch_014,0,,0.0,batch_014.txt,571,test
batch_014:572,batch_014,1,P41_04,6.0,batch_014.txt,572,test
batch_014:573,batch_014,1,P41_05,17.0,batch_014.txt,573,train
batch_014:574,batch_014,0,,0.0,batch_014.txt,574,test
batch_014:575,batch_014,0,,0.0,batch_014.txt,575,train
batch_014:576,batch_014,1,P41_03,26.0,batch_014.txt,576,train
batch_014:577,batch_014,1,P41_04,6.0,batch_014.txt,577,test
batch_014:578,batch_014,1,P41_04,6.0,batch_014.txt,578,validation
batch_014:579,batch_014,1,P41_03,26.0,batch_014.txt,579,train
batch_014:580,batch_014,1,P41_05,17.0,batch_014.txt,580,train
batch_014:581,batch_014,0,,0.0,batch_014.txt,581,test
batch_014:582,batch_014,0,,0.0,batch_014.txt,582,validation
batch_014:583,batch_014,0,,0.0,batch_014.txt,583,train
batch_014:584,batch_014,0,,0.0,batch_014.txt,584,train
batch_014:585,batch_014,0,,0.0,batch_014.txt,585,train
batch_014:586,batch_014,0,,0.0,batch_014.txt,586,test
batch_014:587,batch_014,0,,0.0,batch_014.txt,587,train
batch_014:588,batch_014,0,,0.0,batch_014.txt,588,test
batch_014:589,batch_014,1,P41_06_notch,6.0,batch_014.txt,589,train
batch_014:590,batch_014,1,P41_06_notch,6.0,batch_014.txt,590,validation
batch_014:591,batch_014,0,,0.0,batch_014.txt,591,validation
batch_014:592,batch_014,1,P41_05,17.0,batch_014.txt,592,validation
batch_014:593,batch_014,0,,0.0,batch_014.txt,593,train
batch_014:594,batch_014,0,,0.0,batch_014.txt,594,train
batch_014:595,batch_014,0,,0.0,batch_014.txt,595,test
batch_014:596,batch_014,1,P41_04,6.0,batch_014.txt,596,train
batch_014:597,batch_014,1,P41_02,3.0,batch_014.txt,597,test
batch_014:598,batch_014,0,,0.0,batch_014.txt,598,train
batch_014:599,batch_014,0,,0.0,batch_014.txt,599,train
batch_014:600,batch_014,0,,0.0,batch_014.txt,600,validation
batch_014:601,batch_014,0,,0.0,batch_014.txt,601,validation
batch_014:602,batch_014,1,P41_03,26.0,batch_014.txt,602,train
batch_014:603,batch_014,1,P41_04,6.0,batch_014.txt,603,train
batch_014:604,batch_014,0,,0.0,batch_014.txt,604,test
batch_014:605,batch_014,0,,0.0,batch_014.txt,605,train
batch_014:606,batch_014,0,,0.0,batch_014.txt,606,test
batch_014:607,batch_014,1,P41_03,26.0,batch_014.txt,607,train
batch_014:608,batch_014,1,P41_05,17.0,batch_014.txt,608,test
batch_014:609,batch_014,1,P41_05,17.0,batch_014.txt,609,validation
batch_014:610,batch_014,0,,0.0,batch_014.txt,610,validation
batch_014:611,batch_014,0,,0.0,batch_014.txt,611,train
batch_014:612,batch_014,0,,0.0,batch_014.txt,612,train
batch_014:613,batch_014,1,P41_01,2.0,batch_014.txt,613,train
batch_014:614,batch_014,0,,0.0,batch_014.txt,614,train
batch_014:615,batch_014,1,P41_05,17.0,batch_014.txt,615,train
batch_014:616,batch_014,0,,0.0,batch_014.txt,616,train
batch_014:617,batch_014,0,,0.0,batch_014.txt,617,validation
batch_014:618,batch_014,0,,0.0,batch_014.txt,618,train
batch_014:619,batch_014,0,,0.0,batch_014.txt,619,train
batch_014:620,batch_014,1,P41_06_notch,6.0,batch_014.txt,620,train
batch_014:621,batch_014,0,,0.0,batch_014.txt,621,validation
batch_014:622,batch_014,0,,0.0,batch_014.txt,622,train
batch_014:623,batch_014,1,P41_06_notch,6.0,batch_014.txt,623,train
batch_014:624,batch_014,0,,0.0,batch_014.txt,624,validation
batch_014:625,batch_014,1,P41_02,3.0,batch_014.txt,625,train
batch_014:626,batch_014,0,,0.0,batch_014.txt,626,train
batch_014:627,batch_014,0,,0.0,batch_014.txt,627,train
batch_014:628,batch_014,0,,0.0,batch_014.txt,628,train
batch_014:629,batch_014,1,P41_03,26.0,batch_014.txt,629,train
batch_014:630,batch_014,1,P41_05,17.0,batch_014.txt,630,train
batch_014:631,batch_014,0,,0.0,batch_014.txt,631,train
batch_014:632,batch_014,1,P41_03,26.0,batch_014.txt,632,train
batch_014:633,batch_014,1,P41_05,17.0,batch_014.txt,633,train
batch_014:634,batch_014,0,,0.0,batch_014.txt,634,test
batch_014:635,batch_014,0,,0.0,batch_014.txt,635,test
batch_014:636,batch_014,1,P41_06_notch,6.0,batch_014.txt,636,validation
batch_014:637,batch_014,0,,0.0,batch_014.txt,637,train
batch_014:638,batch_014,0,,0.0,batch_014.txt,638,train
batch_014:639,batch_014,0,,0.0,batch_014.txt,639,train
batch_014:640,batch_014,0,,0.0,batch_014.txt,640,train
batch_014:641,batch_014,1,P41_03,26.0,batch_014.txt,641,train
batch_014:642,batch_014,0,,0.0,batch_014.txt,642,train
batch_014:643,batch_014,1,P41_06_notch,6.0,batch_014.txt,643,validation
batch_014:644,batch_014,0,,0.0,batch_014.txt,644,validation
batch_014:645,batch_014,0,,0.0,batch_014.txt,645,train
batch_014:646,batch_014,1,P41_03,26.0,batch_014.txt,646,test
batch_014:647,batch_014,0,,0.0,batch_014.txt,647,train
batch_014:648,batch_014,1,P41_01,2.0,batch_014.txt,648,train
batch_014:649,batch_014,1,P41_03,26.0,batch_014.txt,649,train
batch_014:650,batch_014,1,P41_06_notch,6.0,batch_014.txt,650,test
batch_014:651,batch_014,1,P41_03,26.0,batch_014.txt,651,train
batch_014:652,batch_014,1,P41_03,26.0,batch_014.txt,652,train
batch_014:653,batch_014,0,,0.0,batch_014.txt,653,test
batch_014:654,batch_014,0,,0.0,batch_014.txt,654,train
batch_014:655,batch_014,1,P41_04,6.0,batch_014.txt,655,train
batch_014:656,batch_014,0,,0.0,batch_014.txt,656,train
batch_014:657,batch_014,1,P41_02,3.0,batch_014.txt,657,train
batch_014:658,batch_014,1,P41_02,3.0,batch_014.txt,658,train
batch_014:659,batch_014,0,,0.0,batch_014.txt,659,train
batch_014:660,batch_014,0,,0.0,batch_014.txt,660,train
batch_014:661,batch_014,0,,0.0,batch_014.txt,661,train
batch_014:662,batch_014,1,P41_06_notch,6.0,batch_014.txt,662,validation
batch_014:663,batch_014,1,P41_06_notch,6.0,batch_014.txt,663,train
batch_014:664,batch_014,1,P41_06_notch,6.0,batch_014.txt,664,train
batch_014:665,batch_014,0,,0.0,batch_014.txt,665,test
batch_014:666,batch_014,0,,0.0,batch_014.txt,666,train
batch_014:667,batch_014,1,P41_04,6.0,batch_014.txt,667,train
batch_014:668,batch_014,0,,0.0,batch_014.txt,668,train
batch_014:669,batch_014,0,,0.0,batch_014.txt,669,train
batch_014:670,batch_014,1,P41_02,3.0,batch_014.txt,670,train
batch_014:671,batch_014,1,P41_04,6.0,batch_014.txt,671,train
batch_014:672,batch_014,0,,0.0,batch_014.txt,672,train
batch_014:673,batch_014,1,P41_06_notch,6.0,batch_014.txt,673,train
batch_014:674,batch_014,0,,0.0,batch_014.txt,674,validation
batch_014:675,batch_014,0,,0.0,batch_014.txt,675,train
batch_014:676,batch_014,1,P41_06_notch,6.0,batch_014.txt,676,validation
batch_014:677,batch_014,1,P41_04,6.0,batch_014.txt,677,train
batch_014:678,batch_014,1,P41_04,6.0,batch_014.txt,678,validation
batch_014:679,batch_014,1,P41_04,6.0,batch_014.txt,679,train
batch_014:680,batch_014,1,P41_06_notch,6.0,batch_014.txt,680,train
batch_014:681,batch_014,0,,0.0,batch_014.txt,681,train
batch_014:682,batch_014,1,P41_05,17.0,batch_014.txt,682,train
batch_014:683,batch_014,1,P41_02,3.0,batch_014.txt,683,train
batch_014:684,batch_014,0,,0.0,batch_014.txt,684,train
batch_014:685,batch_014,1,P41_06_notch,6.0,batch_014.txt,685,validation
batch_014:686,batch_014,0,,0.0,batch_014.txt,686,train
batch_014:687,batch_014,1,P41_04,6.0,batch_014.txt,687,train
batch_014:688,batch_014,1,P41_01,2.0,batch_014.txt,688,train
batch_014:689,batch_014,0,,0.0,batch_014.txt,689,train
batch_014:690,batch_014,1,P41_02,3.0,batch_014.txt,690,train
batch_014:691,batch_014,1,P41_02,3.0,batch_014.txt,691,test
batch_014:692,batch_014,1,P41_04,6.0,batch_014.txt,692,train
batch_014:693,batch_014,0,,0.0,batch_014.txt,693,test
batch_014:694,batch_014,1,P41_05,17.0,batch_014.txt,694,test
batch_014:695,batch_014,0,,0.0,batch_014.txt,695,validation
batch_014:696,batch_014,1,P41_02,3.0,batch_014.txt,696,train
batch_014:697,batch_014,0,,0.0,batch_014.txt,697,train
batch_014:698,batch_014,0,,0.0,batch_014.txt,698,train
batch_014:699,batch_014,1,P41_03,26.0,batch_014.txt,699,test
batch_014:700,batch_014,1,P41_03,26.0,batch_014.txt,700,train
batch_014:701,batch_014,0,,0.0,batch_014.txt,701,train
batch_014:702,batch_014,1,P41_06_notch,6.0,batch_014.txt,702,train
batch_014:703,batch_014,1,P41_04,6.0,batch_014.txt,703,train
batch_014:704,batch_014,1,P41_04,6.0,batch_014.txt,704,train
batch_014:705,batch_014,1,P41_03,26.0,batch_014.txt,705,validation
batch_014:706,batch_014,0,,0.0,batch_014.txt,706,train
batch_014:707,batch_014,1,P41_05,17.0,batch_014.txt,707,train
batch_014:708,batch_014,0,,0.0,batch_014.txt,708,validation
batch_014:709,batch_014,1,P41_02,3.0,batch_014.txt,709,test
batch_014:710,batch_014,1,P41_04,6.0,batch_014.txt,710,train
batch_014:711,batch_014,0,,0.0,batch_014.txt,711,test
batch_014:712,batch_014,0,,0.0,batch_014.txt,712,test
batch_014:713,batch_014,1,P41_05,17.0,batch_014.txt,713,train
batch_014:714,batch_014,1,P41_05,17.0,batch_014.txt,714,train
batch_014:715,batch_014,0,,0.0,batch_014.txt,715,train
batch_014:716,batch_014,1,P41_04,6.0,batch_014.txt,716,test
batch_014:717,batch_014,0,,0.0,batch_014.txt,717,train
batch_014:718,batch_014,0,,0.0,batch_014.txt,718,train
batch_014:719,batch_014,0,,0.0,batch_014.txt,719,train
batch_014:720,batch_014,0,,0.0,batch_014.txt,720,train
batch_014:721,batch_014,0,,0.0,batch_014.txt,721,train
batch_014:722,batch_014,0,,0.0,batch_014.txt,722,train
batch_014:723,batch_014,0,,0.0,batch_014.txt,723,train
batch_014:724,batch_014,0,,0.0,batch_014.txt,724,train
batch_014:725,batch_014,1,P41_02,3.0,batch_014.txt,725,train
batch_014:726,batch_014,1,P41_02,3.0,batch_014.txt,726,validation
batch_014:727,batch_014,0,,0.0,batch_014.txt,727,train
batch_014:728,batch_014,1,P41_04,6.0,batch_014.txt,728,train
batch_014:729,batch_014,1,P41_05,17.0,batch_014.txt,729,validation
batch_014:730,batch_014,0,,0.0,batch_014.txt,730,train
batch_014:731,batch_014,0,,0.0,batch_014.txt,731,train
batch_014:732,batch_014,0,,0.0,batch_014.txt,732,train
batch_014:733,batch_014,0,,0.0,batch_014.txt,733,train
batch_014:734,batch_014,1,P41_06_notch,6.0,batch_014.txt,734,train
batch_014:735,batch_014,0,,0.0,batch_014.txt,735,train
batch_014:736,batch_014,0,,0.0,batch_014.txt,736,train
batch_014:737,batch_014,1,P41_06_notch,6.0,batch_014.txt,737,validation
batch_014:738,batch_014,0,,0.0,batch_014.txt,738,train
batch_014:739,batch_014,1,P41_02,3.0,batch_014.txt,739,validation
batch_014:740,batch_014,0,,0.0,batch_014.txt,740,validation
batch_014:741,batch_014,1,P41_03,26.0,batch_014.txt,741,test
batch_014:742,batch_014,1,P41_02,3.0,batch_014.txt,742,train
batch_014:743,batch_014,1,P41_06_notch,6.0,batch_014.txt,743,test
batch_014:744,batch_014,1,P41_03,26.0,batch_014.txt,744,train
batch_014:745,batch_014,0,,0.0,batch_014.txt,745,train
batch_014:746,batch_014,1,P41_02,3.0,batch_014.txt,746,validation
batch_014:747,batch_014,0,,0.0,batch_014.txt,747,test
batch_014:748,batch_014,1,P41_05,17.0,batch_014.txt,748,train
batch_014:749,batch_014,0,,0.0,batch_014.txt,749,train
batch_014:750,batch_014,0,,0.0,batch_014.txt,750,validation
batch_014:751,batch_014,1,P41_02,3.0,batch_014.txt,751,train
batch_014:752,batch_014,0,,0.0,batch_014.txt,752,train
batch_014:753,batch_014,1,P41_02,3.0,batch_014.txt,753,train
batch_014:754,batch_014,1,P41_03,26.0,batch_014.txt,754,test
batch_014:755,batch_014,1,P41_02,3.0,batch_014.txt,755,train
batch_014:756,batch_014,1,P41_03,26.0,batch_014.txt,756,test
batch_014:757,batch_014,0,,0.0,batch_014.txt,757,train
batch_014:758,batch_014,0,,0.0,batch_014.txt,758,test
batch_014:759,batch_014,0,,0.0,batch_014.txt,759,test
batch_014:760,batch_014,0,,0.0,batch_014.txt,760,train
batch_014:761,batch_014,0,,0.0,batch_014.txt,761,test
batch_014:762,batch_014,1,P41_01,2.0,batch_014.txt,762,train
batch_014:763,batch_014,0,,0.0,batch_014.txt,763,train
batch_014:764,batch_014,0,,0.0,batch_014.txt,764,validation
batch_014:765,batch_014,1,P41_06_notch,6.0,batch_014.txt,765,test
batch_014:766,batch_014,0,,0.0,batch_014.txt,766,train
batch_014:767,batch_014,0,,0.0,batch_014.txt,767,train
batch_014:768,batch_014,0,,0.0,batch_014.txt,768,train
batch_014:769,batch_014,0,,0.0,batch_014.txt,769,train
batch_014:770,batch_014,0,,0.0,batch_014.txt,770,train
batch_014:771,batch_014,1,P41_03,26.0,batch_014.txt,771,train
batch_014:772,batch_014,1,P41_05,17.0,batch_014.txt,772,validation
batch_014:773,batch_014,1,P41_06_notch,6.0,batch_014.txt,773,train
batch_014:774,batch_014,1,P41_02,3.0,batch_014.txt,774,test
batch_014:775,batch_014,0,,0.0,batch_014.txt,775,train
batch_014:776,batch_014,0,,0.0,batch_014.txt,776,train
batch_014:777,batch_014,0,,0.0,batch_014.txt,777,train
batch_014:778,batch_014,0,,0.0,batch_014.txt,778,validation
batch_014:779,batch_014,1,P41_03,26.0,batch_014.txt,779,train
batch_014:780,batch_014,1,P41_05,17.0,batch_014.txt,780,train
batch_014:781,batch_014,0,,0.0,batch_014.txt,781,train
batch_014:782,batch_014,0,,0.0,batch_014.txt,782,validation
batch_014:783,batch_014,0,,0.0,batch_014.txt,783,train
batch_014:784,batch_014,0,,0.0,batch_014.txt,784,test
batch_014:785,batch_014,0,,0.0,batch_014.txt,785,test
batch_014:786,batch_014,0,,0.0,batch_014.txt,786,train
batch_014:787,batch_014,1,P41_05,17.0,batch_014.txt,787,train
batch_014:788,batch_014,1,P41_03,26.0,batch_014.txt,788,train
batch_014:789,batch_014,0,,0.0,batch_014.txt,789,train
batch_014:790,batch_014,1,P41_04,6.0,batch_014.txt,790,train
batch_014:791,batch_014,1,P41_03,26.0,batch_014.txt,791,train
batch_014:792,batch_014,1,P41_02,3.0,batch_014.txt,792,test
batch_014:793,batch_014,1,P41_05,17.0,batch_014.txt,793,train
batch_014:794,batch_014,0,,0.0,batch_014.txt,794,train
batch_014:795,batch_014,1,P41_01,2.0,batch_014.txt,795,train
batch_014:796,batch_014,1,P41_02,3.0,batch_014.txt,796,train
batch_014:797,batch_014,0,,0.0,batch_014.txt,797,train
batch_014:798,batch_014,1,P41_02,3.0,batch_014.txt,798,train
batch_014:799,batch_014,1,P41_06_notch,6.0,batch_014.txt,799,validation
batch_014:800,batch_014,1,P41_03,26.0,batch_014.txt,800,train
batch_014:801,batch_014,1,P41_03,26.0,batch_014.txt,801,train
batch_014:802,batch_014,0,,0.0,batch_014.txt,802,train
batch_014:803,batch_014,0,,0.0,batch_014.txt,803,validation
batch_014:804,batch_014,0,,0.0,batch_014.txt,804,validation
batch_014:805,batch_014,0,,0.0,batch_014.txt,805,train
batch_014:806,batch_014,1,P41_06_notch,6.0,batch_014.txt,806,train
batch_014:807,batch_014,1,P41_02,3.0,batch_014.txt,807,train
batch_014:808,batch_014,0,,0.0,batch_014.txt,808,train
batch_014:809,batch_014,0,,0.0,batch_014.txt,809,test
batch_014:810,batch_014,1,P41_04,6.0,batch_014.txt,810,test
batch_014:811,batch_014,0,,0.0,batch_014.txt,811,train
batch_014:812,batch_014,1,P41_05,17.0,batch_014.txt,812,test
batch_014:813,batch_014,1,P41_03,26.0,batch_014.txt,813,train
batch_014:814,batch_014,0,,0.0,batch_014.txt,814,train
batch_014:815,batch_014,1,P41_04,6.0,batch_014.txt,815,train
batch_014:816,batch_014,0,,0.0,batch_014.txt,816,train
batch_014:817,batch_014,0,,0.0,batch_014.txt,817,train
batch_014:818,batch_014,0,,0.0,batch_014.txt,818,train
batch_014:819,batch_014,0,,0.0,batch_014.txt,819,train
batch_014:820,batch_014,1,P41_03,26.0,batch_014.txt,820,train
batch_014:821,batch_014,0,,0.0,batch_014.txt,821,train
batch_014:822,batch_014,1,P41_04,6.0,batch_014.txt,822,train
batch_014:823,batch_014,1,P41_01,2.0,batch_014.txt,823,test
batch_014:824,batch_014,1,P41_03,26.0,batch_014.txt,824,train
batch_014:825,batch_014,1,P41_01,2.0,batch_014.txt,825,train
batch_014:826,batch_014,1,P41_01,2.0,batch_014.txt,826,validation
batch_014:827,batch_014,0,,0.0,batch_014.txt,827,train
batch_014:828,batch_014,0,,0.0,batch_014.txt,828,train
batch_014:829,batch_014,0,,0.0,batch_014.txt,829,validation
batch_014:830,batch_014,1,P41_04,6.0,batch_014.txt,830,train
batch_014:831,batch_014,1,P41_05,17.0,batch_014.txt,831,train
batch_014:832,batch_014,1,P41_03,26.0,batch_014.txt,832,train
batch_014:833,batch_014,1,P41_06_notch,6.0,batch_014.txt,833,train
batch_014:834,batch_014,0,,0.0,batch_014.txt,834,train
batch_014:835,batch_014,1,P41_04,6.0,batch_014.txt,835,train
batch_014:836,batch_014,1,P41_04,6.0,batch_014.txt,836,train
batch_014:837,batch_014,1,P41_02,3.0,batch_014.txt,837,train
batch_014:838,batch_014,0,,0.0,batch_014.txt,838,train
batch_014:839,batch_014,0,,0.0,batch_014.txt,839,train
batch_014:840,batch_014,0,,0.0,batch_014.txt,840,train
batch_014:841,batch_014,1,P41_06_notch,6.0,batch_014.txt,841,train
batch_014:842,batch_014,1,P41_02,3.0,batch_014.txt,842,train
batch_014:843,batch_014,1,P41_05,17.0,batch_014.txt,843,train
batch_014:844,batch_014,1,P41_04,6.0,batch_014.txt,844,train
batch_014:845,batch_014,0,,0.0,batch_014.txt,845,train
batch_014:846,batch_014,1,P41_03,26.0,batch_014.txt,846,train
batch_014:847,batch_014,0,,0.0,batch_014.txt,847,train
batch_014:848,batch_014,0,,0.0,batch_014.txt,848,test
batch_014:849,batch_014,0,,0.0,batch_014.txt,849,train
batch_014:850,batch_014,1,P41_05,17.0,batch_014.txt,850,validation
batch_014:851,batch_014,0,,0.0,batch_014.txt,851,train
batch_014:852,batch_014,0,,0.0,batch_014.txt,852,train
batch_014:853,batch_014,0,,0.0,batch_014.txt,853,train
batch_014:854,batch_014,1,P41_04,6.0,batch_014.txt,854,train
batch_014:855,batch_014,1,P41_02,3.0,batch_014.txt,855,train
batch_014:856,batch_014,0,,0.0,batch_014.txt,856,train
batch_014:857,batch_014,1,P41_03,26.0,batch_014.txt,857,test
batch_014:858,batch_014,1,P41_06_notch,6.0,batch_014.txt,858,validation
batch_014:859,batch_014,1,P41_06_notch,6.0,batch_014.txt,859,validation
batch_014:860,batch_014,1,P41_02,3.0,batch_014.txt,860,train
batch_014:861,batch_014,0,,0.0,batch_014.txt,861,train
batch_014:862,batch_014,0,,0.0,batch_014.txt,862,train
batch_014:863,batch_014,1,P41_02,3.0,batch_014.txt,863,train
batch_014:864,batch_014,1,P41_03,26.0,batch_014.txt,864,validation
batch_014:865,batch_014,0,,0.0,batch_014.txt,865,train
batch_014:866,batch_014,1,P41_06_notch,6.0,batch_014.txt,866,train
batch_014:867,batch_014,1,P41_05,17.0,batch_014.txt,867,test
batch_014:868,batch_014,0,,0.0,batch_014.txt,868,validation
batch_014:869,batch_014,1,P41_01,2.0,batch_014.txt,869,train
batch_014:870,batch_014,1,P41_01,2.0,batch_014.txt,870,validation
batch_014:871,batch_014,1,P41_05,17.0,batch_014.txt,871,train
batch_014:872,batch_014,1,P41_06_notch,6.0,batch_014.txt,872,train
batch_014:873,batch_014,1,P41_04,6.0,batch_014.txt,873,train
batch_014:874,batch_014,1,P41_03,26.0,batch_014.txt,874,train
batch_014:875,batch_014,1,P41_06_notch,6.0,batch_014.txt,875,train
batch_014:876,batch_014,1,P41_04,6.0,batch_014.txt,876,validation
batch_014:877,batch_014,0,,0.0,batch_014.txt,877,train
batch_014:878,batch_014,0,,0.0,batch_014.txt,878,train
batch_014:879,batch_014,0,,0.0,batch_014.txt,879,train
batch_014:880,batch_014,1,P41_04,6.0,batch_014.txt,880,train
batch_014:881,batch_014,1,P41_04,6.0,batch_014.txt,881,validation
batch_014:882,batch_014,0,,0.0,batch_014.txt,882,test
batch_014:883,batch_014,1,P41_03,26.0,batch_014.txt,883,validation
batch_014:884,batch_014,1,P41_02,3.0,batch_014.txt,884,train
batch_014:885,batch_014,1,P41_03,26.0,batch_014.txt,885,validation
batch_014:886,batch_014,0,,0.0,batch_014.txt,886,test
batch_014:887,batch_014,1,P41_02,3.0,batch_014.txt,887,train
batch_014:888,batch_014,0,,0.0,batch_014.txt,888,train
batch_014:889,batch_014,1,P41_05,17.0,batch_014.txt,889,test
batch_014:890,batch_014,0,,0.0,batch_014.txt,890,train
batch_014:891,batch_014,1,P41_04,6.0,batch_014.txt,891,train
batch_014:892,batch_014,0,,0.0,batch_014.txt,892,test
batch_014:893,batch_014,0,,0.0,batch_014.txt,893,train
batch_014:894,batch_014,0,,0.0,batch_014.txt,894,train
batch_014:895,batch_014,0,,0.0,batch_014.txt,895,train
batch_014:896,batch_014,0,,0.0,batch_014.txt,896,train
batch_014:897,batch_014,1,P41_05,17.0,batch_014.txt,897,train
batch_014:898,batch_014,1,P41_01,2.0,batch_014.txt,898,train
batch_014:899,batch_014,0,,0.0,batch_014.txt,899,train
batch_014:900,batch_014,1,P41_01,2.0,batch_014.txt,900,train
batch_014:901,batch_014,0,,0.0,batch_014.txt,901,validation
batch_014:902,batch_014,1,P41_03,26.0,batch_014.txt,902,train
batch_014:903,batch_014,1,P41_06_notch,6.0,batch_014.txt,903,validation
batch_014:904,batch_014,1,P41_04,6.0,batch_014.txt,904,test
batch_014:905,batch_014,1,P41_02,3.0,batch_014.txt,905,train
batch_014:906,batch_014,1,P41_05,17.0,batch_014.txt,906,train
batch_014:907,batch_014,1,P41_03,26.0,batch_014.txt,907,train
batch_014:908,batch_014,1,P41_05,17.0,batch_014.txt,908,train
batch_014:909,batch_014,1,P41_01,2.0,batch_014.txt,909,train
batch_014:910,batch_014,1,P41_05,17.0,batch_014.txt,910,train
batch_014:911,batch_014,1,P41_06_notch,6.0,batch_014.txt,911,train
batch_014:912,batch_014,0,,0.0,batch_014.txt,912,train
batch_014:913,batch_014,1,P41_06_notch,6.0,batch_014.txt,913,train
batch_014:914,batch_014,1,P41_06_notch,6.0,batch_014.txt,914,train
batch_014:915,batch_014,0,,0.0,batch_014.txt,915,train
batch_014:916,batch_014,0,,0.0,batch_014.txt,916,train
batch_014:917,batch_014,0,,0.0,batch_014.txt,917,test
batch_014:918,batch_014,1,P41_03,26.0,batch_014.txt,918,train
batch_014:919,batch_014,0,,0.0,batch_014.txt,919,validation
batch_014:920,batch_014,1,P41_02,3.0,batch_014.txt,920,test
batch_014:921,batch_014,0,,0.0,batch_014.txt,921,validation
batch_014:922,batch_014,1,P41_03,26.0,batch_014.txt,922,train
batch_014:923,batch_014,0,,0.0,batch_014.txt,923,test
batch_014:924,batch_014,1,P41_06_notch,6.0,batch_014.txt,924,validation
batch_014:925,batch_014,1,P41_02,3.0,batch_014.txt,925,train
batch_014:926,batch_014,1,P41_02,3.0,batch_014.txt,926,test
batch_014:927,batch_014,1,P41_01,2.0,batch_014.txt,927,train
batch_014:928,batch_014,1,P41_06_notch,6.0,batch_014.txt,928,validation
batch_014:929,batch_014,0,,0.0,batch_014.txt,929,train
batch_014:930,batch_014,0,,0.0,batch_014.txt,930,train
batch_014:931,batch_014,1,P41_01,2.0,batch_014.txt,931,train
batch_014:932,batch_014,1,P41_02,3.0,batch_014.txt,932,train
batch_014:933,batch_014,0,,0.0,batch_014.txt,933,train
batch_014:934,batch_014,1,P41_04,6.0,batch_014.txt,934,train
batch_014:935,batch_014,1,P41_01,2.0,batch_014.txt,935,train
batch_014:936,batch_014,0,,0.0,batch_014.txt,936,train
batch_014:937,batch_014,0,,0.0,batch_014.txt,937,train
batch_014:938,batch_014,0,,0.0,batch_014.txt,938,train
batch_014:939,batch_014,1,P41_01,2.0,batch_014.txt,939,train
batch_014:940,batch_014,0,,0.0,batch_014.txt,940,validation
batch_014:941,batch_014,0,,0.0,batch_014.txt,941,train
batch_014:942,batch_014,0,,0.0,batch_014.txt,942,train
batch_014:943,batch_014,1,P41_03,26.0,batch_014.txt,943,test
batch_014:944,batch_014,1,P41_04,6.0,batch_014.txt,944,train
batch_014:945,batch_014,1,P41_03,26.0,batch_014.txt,945,train
batch_014:946,batch_014,0,,0.0,batch_014.txt,946,train
batch_014:947,batch_014,0,,0.0,batch_014.txt,947,train
batch_014:948,batch_014,0,,0.0,batch_014.txt,948,train
batch_014:949,batch_014,0,,0.0,batch_014.txt,949,train
batch_014:950,batch_014,0,,0.0,batch_014.txt,950,validation
batch_014:951,batch_014,1,P41_03,26.0,batch_014.txt,951,train
batch_014:952,batch_014,1,P41_05,17.0,batch_014.txt,952,train
batch_014:953,batch_014,1,P41_02,3.0,batch_014.txt,953,train
batch_014:954,batch_014,0,,0.0,batch_014.txt,954,train
batch_014:955,batch_014,1,P41_03,26.0,batch_014.txt,955,train
batch_014:956,batch_014,0,,0.0,batch_014.txt,956,train
batch_014:957,batch_014,0,,0.0,batch_014.txt,957,train
batch_014:958,batch_014,0,,0.0,batch_014.txt,958,train
batch_014:959,batch_014,1,P41_02,3.0,batch_014.txt,959,train
batch_014:960,batch_014,1,P41_05,17.0,batch_014.txt,960,train
batch_014:961,batch_014,1,P41_04,6.0,batch_014.txt,961,train
batch_014:962,batch_014,1,P41_02,3.0,batch_014.txt,962,test
batch_014:963,batch_014,1,P41_05,17.0,batch_014.txt,963,test
batch_014:964,batch_014,1,P41_03,26.0,batch_014.txt,964,validation
batch_014:965,batch_014,0,,0.0,batch_014.txt,965,train
batch_014:966,batch_014,1,P41_02,3.0,batch_014.txt,966,train
batch_014:967,batch_014,0,,0.0,batch_014.txt,967,train
batch_014:968,batch_014,0,,0.0,batch_014.txt,968,test
batch_014:969,batch_014,1,P41_05,17.0,batch_014.txt,969,validation
batch_014:970,batch_014,1,P41_04,6.0,batch_014.txt,970,train
batch_014:971,batch_014,1,P41_03,26.0,batch_014.txt,971,train
batch_014:972,batch_014,0,,0.0,batch_014.txt,972,train
batch_014:973,batch_014,1,P41_05,17.0,batch_014.txt,973,train
batch_014:974,batch_014,1,P41_06_notch,6.0,batch_014.txt,974,train
batch_014:975,batch_014,1,P41_06_notch,6.0,batch_014.txt,975,train
batch_014:976,batch_014,0,,0.0,batch_014.txt,976,train
batch_014:977,batch_014,1,P41_06_notch,6.0,batch_014.txt,977,validation
batch_014:978,batch_014,0,,0.0,batch_014.txt,978,train
batch_014:979,batch_014,0,,0.0,batch_014.txt,979,train
batch_014:980,batch_014,1,P41_03,26.0,batch_014.txt,980,train
batch_014:981,batch_014,0,,0.0,batch_014.txt,981,validation
batch_014:982,batch_014,1,P41_04,6.0,batch_014.txt,982,train
batch_014:983,batch_014,0,,0.0,batch_014.txt,983,train
batch_014:984,batch_014,0,,0.0,batch_014.txt,984,train
batch_014:985,batch_014,1,P41_01,2.0,batch_014.txt,985,test
batch_014:986,batch_014,0,,0.0,batch_014.txt,986,train
batch_014:987,batch_014,1,P41_06_notch,6.0,batch_014.txt,987,test
batch_014:988,batch_014,1,P41_01,2.0,batch_014.txt,988,train
batch_014:989,batch_014,1,P41_04,6.0,batch_014.txt,989,train
batch_014:990,batch_014,0,,0.0,batch_014.txt,990,train
batch_014:991,batch_014,0,,0.0,batch_014.txt,991,train
batch_014:992,batch_014,1,P41_06_notch,6.0,batch_014.txt,992,train
batch_014:993,batch_014,1,P41_02,3.0,batch_014.txt,993,test
batch_014:994,batch_014,1,P41_03,26.0,batch_014.txt,994,train
batch_014:995,batch_014,0,,0.0,batch_014.txt,995,test
batch_014:996,batch_014,0,,0.0,batch_014.txt,996,test
batch_014:997,batch_014,0,,0.0,batch_014.txt,997,train
batch_014:998,batch_014,0,,0.0,batch_014.txt,998,train
batch_014:999,batch_014,0,,0.0,batch_014.txt,999,validation
batch_014:1000,batch_014,1,P41_05,17.0,batch_014.txt,1000,validation
batch_015:1,batch_015,0,,0.0,batch_015.txt,1,train
batch_015:2,batch_015,0,,0.0,batch_015.txt,2,train
batch_015:3,batch_015,1,P41_04,6.0,batch_015.txt,3,train
batch_015:4,batch_015,1,P41_05,17.0,batch_015.txt,4,validation
batch_015:5,batch_015,1,P41_06_notch,6.0,batch_015.txt,5,train
batch_015:6,batch_015,0,,0.0,batch_015.txt,6,train
batch_015:7,batch_015,0,,0.0,batch_015.txt,7,train
batch_015:8,batch_015,0,,0.0,batch_015.txt,8,test
batch_015:9,batch_015,1,P41_01,2.0,batch_015.txt,9,train
batch_015:10,batch_015,1,P41_03,26.0,batch_015.txt,10,validation
batch_015:11,batch_015,1,P41_04,6.0,batch_015.txt,11,train
batch_015:12,batch_015,0,,0.0,batch_015.txt,12,train
batch_015:13,batch_015,1,P41_01,2.0,batch_015.txt,13,train
batch_015:14,batch_015,0,,0.0,batch_015.txt,14,validation
batch_015:15,batch_015,1,P41_01,2.0,batch_015.txt,15,train
batch_015:16,batch_015,0,,0.0,batch_015.txt,16,train
batch_015:17,batch_015,1,P41_06_notch,6.0,batch_015.txt,17,train
batch_015:18,batch_015,1,P41_06_notch,6.0,batch_015.txt,18,test
batch_015:19,batch_015,0,,0.0,batch_015.txt,19,train
batch_015:20,batch_015,1,P41_04,6.0,batch_015.txt,20,train
batch_015:21,batch_015,1,P41_06_notch,6.0,batch_015.txt,21,train
batch_015:22,batch_015,1,P41_05,17.0,batch_015.txt,22,train
batch_015:23,batch_015,0,,0.0,batch_015.txt,23,train
batch_015:24,batch_015,1,P41_01,2.0,batch_015.txt,24,train
batch_015:25,batch_015,1,P41_04,6.0,batch_015.txt,25,train
batch_015:26,batch_015,1,P41_06_notch,6.0,batch_015.txt,26,test
batch_015:27,batch_015,0,,0.0,batch_015.txt,27,test
batch_015:28,batch_015,1,P41_06_notch,6.0,batch_015.txt,28,train
batch_015:29,batch_015,1,P41_03,26.0,batch_015.txt,29,test
batch_015:30,batch_015,1,P41_05,17.0,batch_015.txt,30,test
batch_015:31,batch_015,1,P41_05,17.0,batch_015.txt,31,validation
batch_015:32,batch_015,0,,0.0,batch_015.txt,32,train
batch_015:33,batch_015,1,P41_01,2.0,batch_015.txt,33,validation
batch_015:34,batch_015,1,P41_06_notch,6.0,batch_015.txt,34,validation
batch_015:35,batch_015,1,P41_02,3.0,batch_015.txt,35,train
batch_015:36,batch_015,1,P41_02,3.0,batch_015.txt,36,train
batch_015:37,batch_015,1,P41_06_notch,6.0,batch_015.txt,37,train
batch_015:38,batch_015,1,P41_06_notch,6.0,batch_015.txt,38,train
batch_015:39,batch_015,1,P41_01,2.0,batch_015.txt,39,test
batch_015:40,batch_015,0,,0.0,batch_015.txt,40,test
batch_015:41,batch_015,0,,0.0,batch_015.txt,41,train
batch_015:42,batch_015,0,,0.0,batch_015.txt,42,test
batch_015:43,batch_015,0,,0.0,batch_015.txt,43,train
batch_015:44,batch_015,1,P41_02,3.0,batch_015.txt,44,train
batch_015:45,batch_015,0,,0.0,batch_015.txt,45,train
batch_015:46,batch_015,0,,0.0,batch_015.txt,46,train
batch_015:47,batch_015,0,,0.0,batch_015.txt,47,train
batch_015:48,batch_015,0,,0.0,batch_015.txt,48,train
batch_015:49,batch_015,1,P41_01,2.0,batch_015.txt,49,train
batch_015:50,batch_015,1,P41_05,17.0,batch_015.txt,50,test
batch_015:51,batch_015,0,,0.0,batch_015.txt,51,train
batch_015:52,batch_015,0,,0.0,batch_015.txt,52,validation
batch_015:53,batch_015,0,,0.0,batch_015.txt,53,validation
batch_015:54,batch_015,1,P41_02,3.0,batch_015.txt,54,train
batch_015:55,batch_015,1,P41_02,3.0,batch_015.txt,55,validation
batch_015:56,batch_015,1,P41_01,2.0,batch_015.txt,56,train
batch_015:57,batch_015,0,,0.0,batch_015.txt,57,validation
batch_015:58,batch_015,0,,0.0,batch_015.txt,58,train
batch_015:59,batch_015,1,P41_04,6.0,batch_015.txt,59,validation
batch_015:60,batch_015,1,P41_01,2.0,batch_015.txt,60,train
batch_015:61,batch_015,1,P41_03,26.0,batch_015.txt,61,train
batch_015:62,batch_015,0,,0.0,batch_015.txt,62,train
batch_015:63,batch_015,1,P41_01,2.0,batch_015.txt,63,train
batch_015:64,batch_015,1,P41_05,17.0,batch_015.txt,64,train
batch_015:65,batch_015,0,,0.0,batch_015.txt,65,validation
batch_015:66,batch_015,1,P41_01,2.0,batch_015.txt,66,test
batch_015:67,batch_015,0,,0.0,batch_015.txt,67,train
batch_015:68,batch_015,0,,0.0,batch_015.txt,68,validation
batch_015:69,batch_015,1,P41_06_notch,6.0,batch_015.txt,69,validation
batch_015:70,batch_015,1,P41_06_notch,6.0,batch_015.txt,70,train
batch_015:71,batch_015,0,,0.0,batch_015.txt,71,train
batch_015:72,batch_015,0,,0.0,batch_015.txt,72,train
batch_015:73,batch_015,0,,0.0,batch_015.txt,73,train
batch_015:74,batch_015,0,,0.0,batch_015.txt,74,train
batch_015:75,batch_015,0,,0.0,batch_015.txt,75,train
batch_015:76,batch_015,1,P41_06_notch,6.0,batch_015.txt,76,train
batch_015:77,batch_015,0,,0.0,batch_015.txt,77,test
batch_015:78,batch_015,1,P41_05,17.0,batch_015.txt,78,train
batch_015:79,batch_015,0,,0.0,batch_015.txt,79,train
batch_015:80,batch_015,1,P41_03,26.0,batch_015.txt,80,train
batch_015:81,batch_015,0,,0.0,batch_015.txt,81,test
batch_015:82,batch_015,1,P41_01,2.0,batch_015.txt,82,test
batch_015:83,batch_015,1,P41_05,17.0,batch_015.txt,83,train
batch_015:84,batch_015,0,,0.0,batch_015.txt,84,train
batch_015:85,batch_015,1,P41_01,2.0,batch_015.txt,85,validation
batch_015:86,batch_015,1,P41_02,3.0,batch_015.txt,86,train
batch_015:87,batch_015,0,,0.0,batch_015.txt,87,train
batch_015:88,batch_015,1,P41_01,2.0,batch_015.txt,88,train
batch_015:89,batch_015,1,P41_03,26.0,batch_015.txt,89,train
batch_015:90,batch_015,1,P41_06_notch,6.0,batch_015.txt,90,validation
batch_015:91,batch_015,1,P41_03,26.0,batch_015.txt,91,train
batch_015:92,batch_015,0,,0.0,batch_015.txt,92,validation
batch_015:93,batch_015,1,P41_03,26.0,batch_015.txt,93,train
batch_015:94,batch_015,0,,0.0,batch_015.txt,94,train
batch_015:95,batch_015,1,P41_04,6.0,batch_015.txt,95,test
batch_015:96,batch_015,0,,0.0,batch_015.txt,96,train
batch_015:97,batch_015,1,P41_02,3.0,batch_015.txt,97,test
batch_015:98,batch_015,1,P41_03,26.0,batch_015.txt,98,train
batch_015:99,batch_015,0,,0.0,batch_015.txt,99,test
batch_015:100,batch_015,1,P41_02,3.0,batch_015.txt,100,train
batch_015:101,batch_015,0,,0.0,batch_015.txt,101,validation
batch_015:102,batch_015,1,P41_02,3.0,batch_015.txt,102,train
batch_015:103,batch_015,0,,0.0,batch_015.txt,103,train
batch_015:104,batch_015,0,,0.0,batch_015.txt,104,train
batch_015:105,batch_015,1,P41_03,26.0,batch_015.txt,105,train
batch_015:106,batch_015,0,,0.0,batch_015.txt,106,train
batch_015:107,batch_015,1,P41_03,26.0,batch_015.txt,107,test
batch_015:108,batch_015,0,,0.0,batch_015.txt,108,test
batch_015:109,batch_015,1,P41_03,26.0,batch_015.txt,109,train
batch_015:110,batch_015,1,P41_06_notch,6.0,batch_015.txt,110,train
batch_015:111,batch_015,0,,0.0,batch_015.txt,111,train
batch_015:112,batch_015,1,P41_03,26.0,batch_015.txt,112,train
batch_015:113,batch_015,0,,0.0,batch_015.txt,113,train
batch_015:114,batch_015,0,,0.0,batch_015.txt,114,train
batch_015:115,batch_015,0,,0.0,batch_015.txt,115,train
batch_015:116,batch_015,1,P41_03,26.0,batch_015.txt,116,validation
batch_015:117,batch_015,1,P41_03,26.0,batch_015.txt,117,train
batch_015:118,batch_015,0,,0.0,batch_015.txt,118,train
batch_015:119,batch_015,1,P41_03,26.0,batch_015.txt,119,train
batch_015:120,batch_015,1,P41_04,6.0,batch_015.txt,120,train
batch_015:121,batch_015,0,,0.0,batch_015.txt,121,validation
batch_015:122,batch_015,0,,0.0,batch_015.txt,122,validation
batch_015:123,batch_015,1,P41_05,17.0,batch_015.txt,123,train
batch_015:124,batch_015,0,,0.0,batch_015.txt,124,train
batch_015:125,batch_015,1,P41_03,26.0,batch_015.txt,125,validation
batch_015:126,batch_015,0,,0.0,batch_015.txt,126,train
batch_015:127,batch_015,0,,0.0,batch_015.txt,127,test
batch_015:128,batch_015,1,P41_04,6.0,batch_015.txt,128,train
batch_015:129,batch_015,0,,0.0,batch_015.txt,129,train
batch_015:130,batch_015,1,P41_05,17.0,batch_015.txt,130,test
batch_015:131,batch_015,1,P41_01,2.0,batch_015.txt,131,train
batch_015:132,batch_015,1,P41_04,6.0,batch_015.txt,132,test
batch_015:133,batch_015,0,,0.0,batch_015.txt,133,train
batch_015:134,batch_015,0,,0.0,batch_015.txt,134,train
batch_015:135,batch_015,1,P41_01,2.0,batch_015.txt,135,test
batch_015:136,batch_015,0,,0.0,batch_015.txt,136,train
batch_015:137,batch_015,1,P41_01,2.0,batch_015.txt,137,train
batch_015:138,batch_015,0,,0.0,batch_015.txt,138,train
batch_015:139,batch_015,0,,0.0,batch_015.txt,139,train
batch_015:140,batch_015,0,,0.0,batch_015.txt,140,train
batch_015:141,batch_015,1,P41_05,17.0,batch_015.txt,141,train
batch_015:142,batch_015,1,P41_02,3.0,batch_015.txt,142,train
batch_015:143,batch_015,1,P41_03,26.0,batch_015.txt,143,test
batch_015:144,batch_015,1,P41_01,2.0,batch_015.txt,144,train
batch_015:145,batch_015,1,P41_02,3.0,batch_015.txt,145,train
batch_015:146,batch_015,1,P41_01,2.0,batch_015.txt,146,train
batch_015:147,batch_015,0,,0.0,batch_015.txt,147,train
batch_015:148,batch_015,1,P41_01,2.0,batch_015.txt,148,validation
batch_015:149,batch_015,0,,0.0,batch_015.txt,149,train
batch_015:150,batch_015,1,P41_06_notch,6.0,batch_015.txt,150,test
batch_015:151,batch_015,1,P41_02,3.0,batch_015.txt,151,train
batch_015:152,batch_015,1,P41_05,17.0,batch_015.txt,152,train
batch_015:153,batch_015,0,,0.0,batch_015.txt,153,train
batch_015:154,batch_015,0,,0.0,batch_015.txt,154,train
batch_015:155,batch_015,1,P41_04,6.0,batch_015.txt,155,train
batch_015:156,batch_015,0,,0.0,batch_015.txt,156,test
batch_015:157,batch_015,0,,0.0,batch_015.txt,157,validation
batch_015:158,batch_015,1,P41_06_notch,6.0,batch_015.txt,158,train
batch_015:159,batch_015,1,P41_01,2.0,batch_015.txt,159,test
batch_015:160,batch_015,0,,0.0,batch_015.txt,160,train
batch_015:161,batch_015,0,,0.0,batch_015.txt,161,train
batch_015:162,batch_015,0,,0.0,batch_015.txt,162,train
batch_015:163,batch_015,1,P41_06_notch,6.0,batch_015.txt,163,train
batch_015:164,batch_015,0,,0.0,batch_015.txt,164,validation
batch_015:165,batch_015,1,P41_04,6.0,batch_015.txt,165,test
batch_015:166,batch_015,1,P41_05,17.0,batch_015.txt,166,train
batch_015:167,batch_015,1,P41_04,6.0,batch_015.txt,167,train
batch_015:168,batch_015,0,,0.0,batch_015.txt,168,train
batch_015:169,batch_015,0,,0.0,batch_015.txt,169,validation
batch_015:170,batch_015,0,,0.0,batch_015.txt,170,train
batch_015:171,batch_015,0,,0.0,batch_015.txt,171,train
batch_015:172,batch_015,1,P41_04,6.0,batch_015.txt,172,train
batch_015:173,batch_015,0,,0.0,batch_015.txt,173,train
batch_015:174,batch_015,1,P41_03,26.0,batch_015.txt,174,train
batch_015:175,batch_015,0,,0.0,batch_015.txt,175,train
batch_015:176,batch_015,1,P41_05,17.0,batch_015.txt,176,train
batch_015:177,batch_015,1,P41_04,6.0,batch_015.txt,177,train
batch_015:178,batch_015,1,P41_03,26.0,batch_015.txt,178,test
batch_015:179,batch_015,0,,0.0,batch_015.txt,179,train
batch_015:180,batch_015,1,P41_02,3.0,batch_015.txt,180,train
batch_015:181,batch_015,0,,0.0,batch_015.txt,181,test
batch_015:182,batch_015,0,,0.0,batch_015.txt,182,train
batch_015:183,batch_015,1,P41_05,17.0,batch_015.txt,183,train
batch_015:184,batch_015,0,,0.0,batch_015.txt,184,train
batch_015:185,batch_015,0,,0.0,batch_015.txt,185,train
batch_015:186,batch_015,0,,0.0,batch_015.txt,186,train
batch_015:187,batch_015,0,,0.0,batch_015.txt,187,validation
batch_015:188,batch_015,1,P41_04,6.0,batch_015.txt,188,validation
batch_015:189,batch_015,1,P41_05,17.0,batch_015.txt,189,train
batch_015:190,batch_015,0,,0.0,batch_015.txt,190,train
batch_015:191,batch_015,1,P41_04,6.0,batch_015.txt,191,train
batch_015:192,batch_015,0,,0.0,batch_015.txt,192,train
batch_015:193,batch_015,0,,0.0,batch_015.txt,193,validation
batch_015:194,batch_015,1,P41_05,17.0,batch_015.txt,194,train
batch_015:195,batch_015,0,,0.0,batch_015.txt,195,train
batch_015:196,batch_015,1,P41_01,2.0,batch_015.txt,196,train
batch_015:197,batch_015,1,P41_05,17.0,batch_015.txt,197,train
batch_015:198,batch_015,1,P41_05,17.0,batch_015.txt,198,train
batch_015:199,batch_015,0,,0.0,batch_015.txt,199,test
batch_015:200,batch_015,0,,0.0,batch_015.txt,200,validation
batch_015:201,batch_015,1,P41_03,26.0,batch_015.txt,201,train
batch_015:202,batch_015,1,P41_02,3.0,batch_015.txt,202,train
batch_015:203,batch_015,0,,0.0,batch_015.txt,203,validation
batch_015:204,batch_015,0,,0.0,batch_015.txt,204,train
batch_015:205,batch_015,0,,0.0,batch_015.txt,205,train
batch_015:206,batch_015,1,P41_04,6.0,batch_015.txt,206,train
batch_015:207,batch_015,0,,0.0,batch_015.txt,207,validation
batch_015:208,batch_015,1,P41_05,17.0,batch_015.txt,208,train
batch_015:209,batch_015,0,,0.0,batch_015.txt,209,train
batch_015:210,batch_015,0,,0.0,batch_015.txt,210,validation
batch_015:211,batch_015,1,P41_02,3.0,batch_015.txt,211,train
batch_015:212,batch_015,0,,0.0,batch_015.txt,212,train
batch_015:213,batch_015,0,,0.0,batch_015.txt,213,train
batch_015:214,batch_015,1,P41_02,3.0,batch_015.txt,214,train
batch_015:215,batch_015,1,P41_01,2.0,batch_015.txt,215,test
batch_015:216,batch_015,1,P41_06_notch,6.0,batch_015.txt,216,validation
batch_015:217,batch_015,1,P41_03,26.0,batch_015.txt,217,train
batch_015:218,batch_015,0,,0.0,batch_015.txt,218,train
batch_015:219,batch_015,0,,0.0,batch_015.txt,219,train
batch_015:220,batch_015,0,,0.0,batch_015.txt,220,train
batch_015:221,batch_015,1,P41_05,17.0,batch_015.txt,221,train
batch_015:222,batch_015,1,P41_04,6.0,batch_015.txt,222,train
batch_015:223,batch_015,0,,0.0,batch_015.txt,223,train
batch_015:224,batch_015,1,P41_02,3.0,batch_015.txt,224,train
batch_015:225,batch_015,0,,0.0,batch_015.txt,225,train
batch_015:226,batch_015,0,,0.0,batch_015.txt,226,train
batch_015:227,batch_015,1,P41_01,2.0,batch_015.txt,227,train
batch_015:228,batch_015,0,,0.0,batch_015.txt,228,train
batch_015:229,batch_015,0,,0.0,batch_015.txt,229,test
batch_015:230,batch_015,1,P41_04,6.0,batch_015.txt,230,train
batch_015:231,batch_015,1,P41_03,26.0,batch_015.txt,231,test
batch_015:232,batch_015,0,,0.0,batch_015.txt,232,train
batch_015:233,batch_015,1,P41_05,17.0,batch_015.txt,233,train
batch_015:234,batch_015,1,P41_04,6.0,batch_015.txt,234,train
batch_015:235,batch_015,0,,0.0,batch_015.txt,235,train
batch_015:236,batch_015,1,P41_05,17.0,batch_015.txt,236,test
batch_015:237,batch_015,0,,0.0,batch_015.txt,237,test
batch_015:238,batch_015,0,,0.0,batch_015.txt,238,train
batch_015:239,batch_015,1,P41_06_notch,6.0,batch_015.txt,239,train
batch_015:240,batch_015,1,P41_01,2.0,batch_015.txt,240,validation
batch_015:241,batch_015,1,P41_03,26.0,batch_015.txt,241,validation
batch_015:242,batch_015,1,P41_03,26.0,batch_015.txt,242,train
batch_015:243,batch_015,0,,0.0,batch_015.txt,243,train
batch_015:244,batch_015,1,P41_01,2.0,batch_015.txt,244,train
batch_015:245,batch_015,0,,0.0,batch_015.txt,245,train
batch_015:246,batch_015,1,P41_05,17.0,batch_015.txt,246,train
batch_015:247,batch_015,0,,0.0,batch_015.txt,247,validation
batch_015:248,batch_015,1,P41_03,26.0,batch_015.txt,248,test
batch_015:249,batch_015,1,P41_01,2.0,batch_015.txt,249,train
batch_015:250,batch_015,0,,0.0,batch_015.txt,250,train
batch_015:251,batch_015,0,,0.0,batch_015.txt,251,train
batch_015:252,batch_015,1,P41_01,2.0,batch_015.txt,252,train
batch_015:253,batch_015,1,P41_06_notch,6.0,batch_015.txt,253,validation
batch_015:254,batch_015,1,P41_04,6.0,batch_015.txt,254,train
batch_015:255,batch_015,1,P41_01,2.0,batch_015.txt,255,train
batch_015:256,batch_015,0,,0.0,batch_015.txt,256,test
batch_015:257,batch_015,0,,0.0,batch_015.txt,257,test
batch_015:258,batch_015,0,,0.0,batch_015.txt,258,validation
batch_015:259,batch_015,1,P41_05,17.0,batch_015.txt,259,train
batch_015:260,batch_015,0,,0.0,batch_015.txt,260,train
batch_015:261,batch_015,1,P41_01,2.0,batch_015.txt,261,train
batch_015:262,batch_015,1,P41_04,6.0,batch_015.txt,262,train
batch_015:263,batch_015,0,,0.0,batch_015.txt,263,train
batch_015:264,batch_015,0,,0.0,batch_015.txt,264,train
batch_015:265,batch_015,1,P41_04,6.0,batch_015.txt,265,train
batch_015:266,batch_015,1,P41_06_notch,6.0,batch_015.txt,266,train
batch_015:267,batch_015,0,,0.0,batch_015.txt,267,test
batch_015:268,batch_015,1,P41_06_notch,6.0,batch_015.txt,268,train
batch_015:269,batch_015,0,,0.0,batch_015.txt,269,train
batch_015:270,batch_015,1,P41_05,17.0,batch_015.txt,270,train
batch_015:271,batch_015,1,P41_05,17.0,batch_015.txt,271,train
batch_015:272,batch_015,1,P41_04,6.0,batch_015.txt,272,train
batch_015:273,batch_015,0,,0.0,batch_015.txt,273,train
batch_015:274,batch_015,1,P41_01,2.0,batch_015.txt,274,test
batch_015:275,batch_015,1,P41_06_notch,6.0,batch_015.txt,275,train
batch_015:276,batch_015,1,P41_04,6.0,batch_015.txt,276,train
batch_015:277,batch_015,0,,0.0,batch_015.txt,277,train
batch_015:278,batch_015,0,,0.0,batch_015.txt,278,train
batch_015:279,batch_015,0,,0.0,batch_015.txt,279,train
batch_015:280,batch_015,1,P41_04,6.0,batch_015.txt,280,test
batch_015:281,batch_015,1,P41_05,17.0,batch_015.txt,281,train
batch_015:282,batch_015,1,P41_01,2.0,batch_015.txt,282,validation
batch_015:283,batch_015,0,,0.0,batch_015.txt,283,test
batch_015:284,batch_015,1,P41_04,6.0,batch_015.txt,284,train
batch_015:285,batch_015,0,,0.0,batch_015.txt,285,train
batch_015:286,batch_015,0,,0.0,batch_015.txt,286,train
batch_015:287,batch_015,1,P41_05,17.0,batch_015.txt,287,train
batch_015:288,batch_015,1,P41_06_notch,6.0,batch_015.txt,288,train
batch_015:289,batch_015,1,P41_03,26.0,batch_015.txt,289,test
batch_015:290,batch_015,1,P41_05,17.0,batch_015.txt,290,train
batch_015:291,batch_015,1,P41_01,2.0,batch_015.txt,291,validation
batch_015:292,batch_015,0,,0.0,batch_015.txt,292,train
batch_015:293,batch_015,1,P41_04,6.0,batch_015.txt,293,train
batch_015:294,batch_015,0,,0.0,batch_015.txt,294,train
batch_015:295,batch_015,0,,0.0,batch_015.txt,295,train
batch_015:296,batch_015,1,P41_03,26.0,batch_015.txt,296,test
batch_015:297,batch_015,0,,0.0,batch_015.txt,297,train
batch_015:298,batch_015,1,P41_01,2.0,batch_015.txt,298,train
batch_015:299,batch_015,0,,0.0,batch_015.txt,299,train
batch_015:300,batch_015,0,,0.0,batch_015.txt,300,train
batch_015:301,batch_015,1,P41_04,6.0,batch_015.txt,301,train
batch_015:302,batch_015,0,,0.0,batch_015.txt,302,train
batch_015:303,batch_015,0,,0.0,batch_015.txt,303,train
batch_015:304,batch_015,0,,0.0,batch_015.txt,304,train
batch_015:305,batch_015,0,,0.0,batch_015.txt,305,train
batch_015:306,batch_015,0,,0.0,batch_015.txt,306,train
batch_015:307,batch_015,0,,0.0,batch_015.txt,307,train
batch_015:308,batch_015,0,,0.0,batch_015.txt,308,train
batch_015:309,batch_015,1,P41_02,3.0,batch_015.txt,309,train
batch_015:310,batch_015,1,P41_01,2.0,batch_015.txt,310,validation
batch_015:311,batch_015,0,,0.0,batch_015.txt,311,train
batch_015:312,batch_015,0,,0.0,batch_015.txt,312,train
batch_015:313,batch_015,1,P41_04,6.0,batch_015.txt,313,train
batch_015:314,batch_015,1,P41_04,6.0,batch_015.txt,314,train
batch_015:315,batch_015,0,,0.0,batch_015.txt,315,train
batch_015:316,batch_015,1,P41_02,3.0,batch_015.txt,316,train
batch_015:317,batch_015,0,,0.0,batch_015.txt,317,train
batch_015:318,batch_015,1,P41_03,26.0,batch_015.txt,318,train
batch_015:319,batch_015,1,P41_03,26.0,batch_015.txt,319,validation
batch_015:320,batch_015,0,,0.0,batch_015.txt,320,train
batch_015:321,batch_015,0,,0.0,batch_015.txt,321,train
batch_015:322,batch_015,1,P41_02,3.0,batch_015.txt,322,test
batch_015:323,batch_015,0,,0.0,batch_015.txt,323,validation
batch_015:324,batch_015,0,,0.0,batch_015.txt,324,train
batch_015:325,batch_015,0,,0.0,batch_015.txt,325,train
batch_015:326,batch_015,1,P41_05,17.0,batch_015.txt,326,train
batch_015:327,batch_015,0,,0.0,batch_015.txt,327,train
batch_015:328,batch_015,0,,0.0,batch_015.txt,328,train
batch_015:329,batch_015,0,,0.0,batch_015.txt,329,validation
batch_015:330,batch_015,0,,0.0,batch_015.txt,330,test
batch_015:331,batch_015,1,P41_01,2.0,batch_015.txt,331,train
batch_015:332,batch_015,1,P41_06_notch,6.0,batch_015.txt,332,train
batch_015:333,batch_015,0,,0.0,batch_015.txt,333,train
batch_015:334,batch_015,1,P41_01,2.0,batch_015.txt,334,train
batch_015:335,batch_015,0,,0.0,batch_015.txt,335,train
batch_015:336,batch_015,0,,0.0,batch_015.txt,336,train
batch_015:337,batch_015,1,P41_03,26.0,batch_015.txt,337,validation
batch_015:338,batch_015,1,P41_06_notch,6.0,batch_015.txt,338,train
batch_015:339,batch_015,0,,0.0,batch_015.txt,339,train
batch_015:340,batch_015,1,P41_05,17.0,batch_015.txt,340,train
batch_015:341,batch_015,0,,0.0,batch_015.txt,341,train
batch_015:342,batch_015,0,,0.0,batch_015.txt,342,validation
batch_015:343,batch_015,0,,0.0,batch_015.txt,343,test
batch_015:344,batch_015,0,,0.0,batch_015.txt,344,train
batch_015:345,batch_015,0,,0.0,batch_015.txt,345,train
batch_015:346,batch_015,0,,0.0,batch_015.txt,346,train
batch_015:347,batch_015,1,P41_06_notch,6.0,batch_015.txt,347,train
batch_015:348,batch_015,0,,0.0,batch_015.txt,348,train
batch_015:349,batch_015,1,P41_01,2.0,batch_015.txt,349,test
batch_015:350,batch_015,0,,0.0,batch_015.txt,350,train
batch_015:351,batch_015,1,P41_01,2.0,batch_015.txt,351,train
batch_015:352,batch_015,1,P41_04,6.0,batch_015.txt,352,train
batch_015:353,batch_015,1,P41_06_notch,6.0,batch_015.txt,353,train
batch_015:354,batch_015,1,P41_05,17.0,batch_015.txt,354,train
batch_015:355,batch_015,0,,0.0,batch_015.txt,355,train
batch_015:356,batch_015,0,,0.0,batch_015.txt,356,train
batch_015:357,batch_015,1,P41_03,26.0,batch_015.txt,357,train
batch_015:358,batch_015,1,P41_06_notch,6.0,batch_015.txt,358,train
batch_015:359,batch_015,1,P41_02,3.0,batch_015.txt,359,train
batch_015:360,batch_015,1,P41_05,17.0,batch_015.txt,360,train
batch_015:361,batch_015,1,P41_02,3.0,batch_015.txt,361,train
batch_015:362,batch_015,1,P41_02,3.0,batch_015.txt,362,validation
batch_015:363,batch_015,1,P41_03,26.0,batch_015.txt,363,train
batch_015:364,batch_015,0,,0.0,batch_015.txt,364,test
batch_015:365,batch_015,0,,0.0,batch_015.txt,365,train
batch_015:366,batch_015,0,,0.0,batch_015.txt,366,test
batch_015:367,batch_015,1,P41_05,17.0,batch_015.txt,367,test
batch_015:368,batch_015,1,P41_06_notch,6.0,batch_015.txt,368,train
batch_015:369,batch_015,0,,0.0,batch_015.txt,369,train
batch_015:370,batch_015,1,P41_06_notch,6.0,batch_015.txt,370,train
batch_015:371,batch_015,0,,0.0,batch_015.txt,371,train
batch_015:372,batch_015,0,,0.0,batch_015.txt,372,train
batch_015:373,batch_015,0,,0.0,batch_015.txt,373,validation
batch_015:374,batch_015,0,,0.0,batch_015.txt,374,test
batch_015:375,batch_015,1,P41_04,6.0,batch_015.txt,375,test
batch_015:376,batch_015,0,,0.0,batch_015.txt,376,train
batch_015:377,batch_015,1,P41_02,3.0,batch_015.txt,377,train
batch_015:378,batch_015,1,P41_03,26.0,batch_015.txt,378,train
batch_015:379,batch_015,1,P41_05,17.0,batch_015.txt,379,train
batch_015:380,batch_015,0,,0.0,batch_015.txt,380,validation
batch_015:381,batch_015,1,P41_02,3.0,batch_015.txt,381,train
batch_015:382,batch_015,1,P41_02,3.0,batch_015.txt,382,train
batch_015:383,batch_015,0,,0.0,batch_015.txt,383,validation
batch_015:384,batch_015,0,,0.0,batch_015.txt,384,validation
batch_015:385,batch_015,1,P41_02,3.0,batch_015.txt,385,train
batch_015:386,batch_015,1,P41_06_notch,6.0,batch_015.txt,386,train
batch_015:387,batch_015,1,P41_05,17.0,batch_015.txt,387,train
batch_015:388,batch_015,1,P41_05,17.0,batch_015.txt,388,train
batch_015:389,batch_015,0,,0.0,batch_015.txt,389,train
batch_015:390,batch_015,1,P41_01,2.0,batch_015.txt,390,train
batch_015:391,batch_015,1,P41_04,6.0,batch_015.txt,391,train
batch_015:392,batch_015,1,P41_03,26.0,batch_015.txt,392,test
batch_015:393,batch_015,1,P41_02,3.0,batch_015.txt,393,train
batch_015:394,batch_015,1,P41_03,26.0,batch_015.txt,394,train
batch_015:395,batch_015,1,P41_06_notch,6.0,batch_015.txt,395,train
batch_015:396,batch_015,0,,0.0,batch_015.txt,396,train
batch_015:397,batch_015,0,,0.0,batch_015.txt,397,train
batch_015:398,batch_015,0,,0.0,batch_015.txt,398,train
batch_015:399,batch_015,1,P41_01,2.0,batch_015.txt,399,train
batch_015:400,batch_015,1,P41_03,26.0,batch_015.txt,400,train
batch_015:401,batch_015,1,P41_02,3.0,batch_015.txt,401,validation
batch_015:402,batch_015,1,P41_03,26.0,batch_015.txt,402,train
batch_015:403,batch_015,0,,0.0,batch_015.txt,403,train
batch_015:404,batch_015,1,P41_06_notch,6.0,batch_015.txt,404,test
batch_015:405,batch_015,1,P41_02,3.0,batch_015.txt,405,test
batch_015:406,batch_015,1,P41_03,26.0,batch_015.txt,406,validation
batch_015:407,batch_015,1,P41_06_notch,6.0,batch_015.txt,407,train
batch_015:408,batch_015,0,,0.0,batch_015.txt,408,test
batch_015:409,batch_015,1,P41_01,2.0,batch_015.txt,409,train
batch_015:410,batch_015,0,,0.0,batch_015.txt,410,train
batch_015:411,batch_015,1,P41_05,17.0,batch_015.txt,411,test
batch_015:412,batch_015,1,P41_03,26.0,batch_015.txt,412,train
batch_015:413,batch_015,1,P41_04,6.0,batch_015.txt,413,train
batch_015:414,batch_015,0,,0.0,batch_015.txt,414,validation
batch_015:415,batch_015,1,P41_05,17.0,batch_015.txt,415,train
batch_015:416,batch_015,0,,0.0,batch_015.txt,416,train
batch_015:417,batch_015,0,,0.0,batch_015.txt,417,train
batch_015:418,batch_015,0,,0.0,batch_015.txt,418,train
batch_015:419,batch_015,0,,0.0,batch_015.txt,419,train
batch_015:420,batch_015,0,,0.0,batch_015.txt,420,train
batch_015:421,batch_015,0,,0.0,batch_015.txt,421,train
batch_015:422,batch_015,0,,0.0,batch_015.txt,422,validation
batch_015:423,batch_015,1,P41_06_notch,6.0,batch_015.txt,423,train
batch_015:424,batch_015,1,P41_06_notch,6.0,batch_015.txt,424,train
batch_015:425,batch_015,0,,0.0,batch_015.txt,425,validation
batch_015:426,batch_015,0,,0.0,batch_015.txt,426,train
batch_015:427,batch_015,1,P41_05,17.0,batch_015.txt,427,train
batch_015:428,batch_015,1,P41_05,17.0,batch_015.txt,428,validation
batch_015:429,batch_015,0,,0.0,batch_015.txt,429,validation
batch_015:430,batch_015,0,,0.0,batch_015.txt,430,train
batch_015:431,batch_015,1,P41_06_notch,6.0,batch_015.txt,431,test
batch_015:432,batch_015,0,,0.0,batch_015.txt,432,train
batch_015:433,batch_015,0,,0.0,batch_015.txt,433,test
batch_015:434,batch_015,1,P41_06_notch,6.0,batch_015.txt,434,train
batch_015:435,batch_015,1,P41_04,6.0,batch_015.txt,435,train
batch_015:436,batch_015,0,,0.0,batch_015.txt,436,train
batch_015:437,batch_015,0,,0.0,batch_015.txt,437,train
batch_015:438,batch_015,1,P41_05,17.0,batch_015.txt,438,train
batch_015:439,batch_015,0,,0.0,batch_015.txt,439,train
batch_015:440,batch_015,0,,0.0,batch_015.txt,440,test
batch_015:441,batch_015,1,P41_06_notch,6.0,batch_015.txt,441,validation
batch_015:442,batch_015,0,,0.0,batch_015.txt,442,train
batch_015:443,batch_015,0,,0.0,batch_015.txt,443,train
batch_015:444,batch_015,0,,0.0,batch_015.txt,444,train
batch_015:445,batch_015,0,,0.0,batch_015.txt,445,train
batch_015:446,batch_015,1,P41_05,17.0,batch_015.txt,446,test
batch_015:447,batch_015,1,P41_01,2.0,batch_015.txt,447,validation
batch_015:448,batch_015,0,,0.0,batch_015.txt,448,train
batch_015:449,batch_015,0,,0.0,batch_015.txt,449,test
batch_015:450,batch_015,0,,0.0,batch_015.txt,450,train
batch_015:451,batch_015,0,,0.0,batch_015.txt,451,train
batch_015:452,batch_015,1,P41_04,6.0,batch_015.txt,452,train
batch_015:453,batch_015,0,,0.0,batch_015.txt,453,validation
batch_015:454,batch_015,0,,0.0,batch_015.txt,454,validation
batch_015:455,batch_015,0,,0.0,batch_015.txt,455,train
batch_015:456,batch_015,1,P41_04,6.0,batch_015.txt,456,validation
batch_015:457,batch_015,0,,0.0,batch_015.txt,457,train
batch_015:458,batch_015,1,P41_03,26.0,batch_015.txt,458,train
batch_015:459,batch_015,0,,0.0,batch_015.txt,459,validation
batch_015:460,batch_015,1,P41_03,26.0,batch_015.txt,460,train
batch_015:461,batch_015,0,,0.0,batch_015.txt,461,test
batch_015:462,batch_015,1,P41_01,2.0,batch_015.txt,462,train
batch_015:463,batch_015,1,P41_05,17.0,batch_015.txt,463,train
batch_015:464,batch_015,0,,0.0,batch_015.txt,464,train
batch_015:465,batch_015,1,P41_03,26.0,batch_015.txt,465,train
batch_015:466,batch_015,0,,0.0,batch_015.txt,466,train
batch_015:467,batch_015,1,P41_06_notch,6.0,batch_015.txt,467,train
batch_015:468,batch_015,0,,0.0,batch_015.txt,468,train
batch_015:469,batch_015,0,,0.0,batch_015.txt,469,validation
batch_015:470,batch_015,0,,0.0,batch_015.txt,470,validation
batch_015:471,batch_015,0,,0.0,batch_015.txt,471,train
batch_015:472,batch_015,1,P41_03,26.0,batch_015.txt,472,train
batch_015:473,batch_015,0,,0.0,batch_015.txt,473,train
batch_015:474,batch_015,0,,0.0,batch_015.txt,474,test
batch_015:475,batch_015,0,,0.0,batch_015.txt,475,test
batch_015:476,batch_015,0,,0.0,batch_015.txt,476,test
batch_015:477,batch_015,1,P41_06_notch,6.0,batch_015.txt,477,test
batch_015:478,batch_015,0,,0.0,batch_015.txt,478,train
batch_015:479,batch_015,1,P41_04,6.0,batch_015.txt,479,test
batch_015:480,batch_015,0,,0.0,batch_015.txt,480,train
batch_015:481,batch_015,1,P41_01,2.0,batch_015.txt,481,train
batch_015:482,batch_015,1,P41_01,2.0,batch_015.txt,482,train
batch_015:483,batch_015,0,,0.0,batch_015.txt,483,train
batch_015:484,batch_015,1,P41_05,17.0,batch_015.txt,484,test
batch_015:485,batch_015,1,P41_05,17.0,batch_015.txt,485,train
batch_015:486,batch_015,1,P41_03,26.0,batch_015.txt,486,train
batch_015:487,batch_015,1,P41_01,2.0,batch_015.txt,487,train
batch_015:488,batch_015,1,P41_05,17.0,batch_015.txt,488,train
batch_015:489,batch_015,0,,0.0,batch_015.txt,489,train
batch_015:490,batch_015,0,,0.0,batch_015.txt,490,train
batch_015:491,batch_015,0,,0.0,batch_015.txt,491,train
batch_015:492,batch_015,1,P41_03,26.0,batch_015.txt,492,test
batch_015:493,batch_015,0,,0.0,batch_015.txt,493,test
batch_015:494,batch_015,0,,0.0,batch_015.txt,494,train
batch_015:495,batch_015,1,P41_01,2.0,batch_015.txt,495,train
batch_015:496,batch_015,1,P41_01,2.0,batch_015.txt,496,train
batch_015:497,batch_015,0,,0.0,batch_015.txt,497,train
batch_015:498,batch_015,1,P41_06_notch,6.0,batch_015.txt,498,train
batch_015:499,batch_015,0,,0.0,batch_015.txt,499,train
batch_015:500,batch_015,0,,0.0,batch_015.txt,500,train
batch_015:501,batch_015,1,P41_04,6.0,batch_015.txt,501,train
batch_015:502,batch_015,1,P41_01,2.0,batch_015.txt,502,train
batch_015:503,batch_015,1,P41_01,2.0,batch_015.txt,503,train
batch_015:504,batch_015,1,P41_05,17.0,batch_015.txt,504,train
batch_015:505,batch_015,0,,0.0,batch_015.txt,505,train
batch_015:506,batch_015,0,,0.0,batch_015.txt,506,train
batch_015:507,batch_015,0,,0.0,batch_015.txt,507,validation
batch_015:508,batch_015,0,,0.0,batch_015.txt,508,train
batch_015:509,batch_015,0,,0.0,batch_015.txt,509,test
batch_015:510,batch_015,1,P41_01,2.0,batch_015.txt,510,train
batch_015:511,batch_015,1,P41_05,17.0,batch_015.txt,511,validation
batch_015:512,batch_015,0,,0.0,batch_015.txt,512,train
batch_015:513,batch_015,0,,0.0,batch_015.txt,513,train
batch_015:514,batch_015,1,P41_06_notch,6.0,batch_015.txt,514,validation
batch_015:515,batch_015,1,P41_02,3.0,batch_015.txt,515,train
batch_015:516,batch_015,1,P41_03,26.0,batch_015.txt,516,train
batch_015:517,batch_015,1,P41_05,17.0,batch_015.txt,517,validation
batch_015:518,batch_015,0,,0.0,batch_015.txt,518,train
batch_015:519,batch_015,0,,0.0,batch_015.txt,519,train
batch_015:520,batch_015,1,P41_03,26.0,batch_015.txt,520,validation
batch_015:521,batch_015,1,P41_05,17.0,batch_015.txt,521,train
batch_015:522,batch_015,0,,0.0,batch_015.txt,522,test
batch_015:523,batch_015,1,P41_06_notch,6.0,batch_015.txt,523,train
batch_015:524,batch_015,0,,0.0,batch_015.txt,524,train
batch_015:525,batch_015,0,,0.0,batch_015.txt,525,train
batch_015:526,batch_015,0,,0.0,batch_015.txt,526,train
batch_015:527,batch_015,1,P41_01,2.0,batch_015.txt,527,train
batch_015:528,batch_015,0,,0.0,batch_015.txt,528,train
batch_015:529,batch_015,0,,0.0,batch_015.txt,529,train
batch_015:530,batch_015,1,P41_01,2.0,batch_015.txt,530,train
batch_015:531,batch_015,1,P41_05,17.0,batch_015.txt,531,test
batch_015:532,batch_015,0,,0.0,batch_015.txt,532,train
batch_015:533,batch_015,0,,0.0,batch_015.txt,533,train
batch_015:534,batch_015,1,P41_01,2.0,batch_015.txt,534,train
batch_015:535,batch_015,0,,0.0,batch_015.txt,535,validation
batch_015:536,batch_015,1,P41_05,17.0,batch_015.txt,536,test
batch_015:537,batch_015,0,,0.0,batch_015.txt,537,train
batch_015:538,batch_015,0,,0.0,batch_015.txt,538,test
batch_015:539,batch_015,1,P41_05,17.0,batch_015.txt,539,train
batch_015:540,batch_015,1,P41_01,2.0,batch_015.txt,540,validation
batch_015:541,batch_015,1,P41_04,6.0,batch_015.txt,541,train
batch_015:542,batch_015,0,,0.0,batch_015.txt,542,test
batch_015:543,batch_015,0,,0.0,batch_015.txt,543,test
batch_015:544,batch_015,1,P41_02,3.0,batch_015.txt,544,train
batch_015:545,batch_015,1,P41_01,2.0,batch_015.txt,545,test
batch_015:546,batch_015,1,P41_05,17.0,batch_015.txt,546,train
batch_015:547,batch_015,0,,0.0,batch_015.txt,547,train
batch_015:548,batch_015,1,P41_06_notch,6.0,batch_015.txt,548,train
batch_015:549,batch_015,1,P41_05,17.0,batch_015.txt,549,train
batch_015:550,batch_015,1,P41_04,6.0,batch_015.txt,550,validation
batch_015:551,batch_015,0,,0.0,batch_015.txt,551,train
batch_015:552,batch_015,0,,0.0,batch_015.txt,552,train
batch_015:553,batch_015,1,P41_02,3.0,batch_015.txt,553,train
batch_015:554,batch_015,1,P41_06_notch,6.0,batch_015.txt,554,train
batch_015:555,batch_015,1,P41_06_notch,6.0,batch_015.txt,555,test
batch_015:556,batch_015,0,,0.0,batch_015.txt,556,train
batch_015:557,batch_015,1,P41_03,26.0,batch_015.txt,557,test
batch_015:558,batch_015,1,P41_03,26.0,batch_015.txt,558,train
batch_015:559,batch_015,0,,0.0,batch_015.txt,559,train
batch_015:560,batch_015,0,,0.0,batch_015.txt,560,test
batch_015:561,batch_015,1,P41_03,26.0,batch_015.txt,561,train
batch_015:562,batch_015,0,,0.0,batch_015.txt,562,train
batch_015:563,batch_015,1,P41_01,2.0,batch_015.txt,563,train
batch_015:564,batch_015,1,P41_04,6.0,batch_015.txt,564,train
batch_015:565,batch_015,0,,0.0,batch_015.txt,565,train
batch_015:566,batch_015,1,P41_06_notch,6.0,batch_015.txt,566,validation
batch_015:567,batch_015,1,P41_03,26.0,batch_015.txt,567,test
batch_015:568,batch_015,0,,0.0,batch_015.txt,568,validation
batch_015:569,batch_015,0,,0.0,batch_015.txt,569,train
batch_015:570,batch_015,1,P41_06_notch,6.0,batch_015.txt,570,train
batch_015:571,batch_015,0,,0.0,batch_015.txt,571,train
batch_015:572,batch_015,1,P41_04,6.0,batch_015.txt,572,train
batch_015:573,batch_015,0,,0.0,batch_015.txt,573,train
batch_015:574,batch_015,0,,0.0,batch_015.txt,574,test
batch_015:575,batch_015,1,P41_05,17.0,batch_015.txt,575,train
batch_015:576,batch_015,1,P41_03,26.0,batch_015.txt,576,validation
batch_015:577,batch_015,1,P41_06_notch,6.0,batch_015.txt,577,train
batch_015:578,batch_015,0,,0.0,batch_015.txt,578,train
batch_015:579,batch_015,0,,0.0,batch_015.txt,579,train
batch_015:580,batch_015,1,P41_04,6.0,batch_015.txt,580,train
batch_015:581,batch_015,0,,0.0,batch_015.txt,581,train
batch_015:582,batch_015,0,,0.0,batch_015.txt,582,test
batch_015:583,batch_015,0,,0.0,batch_015.txt,583,validation
batch_015:584,batch_015,0,,0.0,batch_015.txt,584,train
batch_015:585,batch_015,1,P41_05,17.0,batch_015.txt,585,train
batch_015:586,batch_015,1,P41_05,17.0,batch_015.txt,586,validation
batch_015:587,batch_015,0,,0.0,batch_015.txt,587,train
batch_015:588,batch_015,1,P41_02,3.0,batch_015.txt,588,train
batch_015:589,batch_015,1,P41_01,2.0,batch_015.txt,589,train
batch_015:590,batch_015,0,,0.0,batch_015.txt,590,train
batch_015:591,batch_015,1,P41_06_notch,6.0,batch_015.txt,591,train
batch_015:592,batch_015,0,,0.0,batch_015.txt,592,train
batch_015:593,batch_015,0,,0.0,batch_015.txt,593,validation
batch_015:594,batch_015,0,,0.0,batch_015.txt,594,validation
batch_015:595,batch_015,0,,0.0,batch_015.txt,595,validation
batch_015:596,batch_015,1,P41_05,17.0,batch_015.txt,596,train
batch_015:597,batch_015,0,,0.0,batch_015.txt,597,train
batch_015:598,batch_015,1,P41_03,26.0,batch_015.txt,598,train
batch_015:599,batch_015,1,P41_06_notch,6.0,batch_015.txt,599,train
batch_015:600,batch_015,0,,0.0,batch_015.txt,600,train
batch_015:601,batch_015,0,,0.0,batch_015.txt,601,train
batch_015:602,batch_015,0,,0.0,batch_015.txt,602,test
batch_015:603,batch_015,1,P41_04,6.0,batch_015.txt,603,train
batch_015:604,batch_015,0,,0.0,batch_015.txt,604,train
batch_015:605,batch_015,1,P41_02,3.0,batch_015.txt,605,test
batch_015:606,batch_015,0,,0.0,batch_015.txt,606,train
batch_015:607,batch_015,1,P41_06_notch,6.0,batch_015.txt,607,train
batch_015:608,batch_015,1,P41_04,6.0,batch_015.txt,608,train
batch_015:609,batch_015,0,,0.0,batch_015.txt,609,train
batch_015:610,batch_015,1,P41_02,3.0,batch_015.txt,610,test
batch_015:611,batch_015,0,,0.0,batch_015.txt,611,train
batch_015:612,batch_015,0,,0.0,batch_015.txt,612,train
batch_015:613,batch_015,1,P41_05,17.0,batch_015.txt,613,test
batch_015:614,batch_015,1,P41_01,2.0,batch_015.txt,614,train
batch_015:615,batch_015,0,,0.0,batch_015.txt,615,train
batch_015:616,batch_015,1,P41_05,17.0,batch_015.txt,616,test
batch_015:617,batch_015,0,,0.0,batch_015.txt,617,train
batch_015:618,batch_015,1,P41_06_notch,6.0,batch_015.txt,618,train
batch_015:619,batch_015,0,,0.0,batch_015.txt,619,test
batch_015:620,batch_015,0,,0.0,batch_015.txt,620,train
batch_015:621,batch_015,0,,0.0,batch_015.txt,621,train
batch_015:622,batch_015,0,,0.0,batch_015.txt,622,validation
batch_015:623,batch_015,0,,0.0,batch_015.txt,623,train
batch_015:624,batch_015,1,P41_05,17.0,batch_015.txt,624,train
batch_015:625,batch_015,1,P41_05,17.0,batch_015.txt,625,train
batch_015:626,batch_015,0,,0.0,batch_015.txt,626,validation
batch_015:627,batch_015,1,P41_01,2.0,batch_015.txt,627,train
batch_015:628,batch_015,0,,0.0,batch_015.txt,628,train
batch_015:629,batch_015,1,P41_03,26.0,batch_015.txt,629,test
batch_015:630,batch_015,0,,0.0,batch_015.txt,630,test
batch_015:631,batch_015,1,P41_01,2.0,batch_015.txt,631,test
batch_015:632,batch_015,1,P41_04,6.0,batch_015.txt,632,train
batch_015:633,batch_015,1,P41_02,3.0,batch_015.txt,633,train
batch_015:634,batch_015,1,P41_02,3.0,batch_015.txt,634,train
batch_015:635,batch_015,1,P41_02,3.0,batch_015.txt,635,validation
batch_015:636,batch_015,0,,0.0,batch_015.txt,636,train
batch_015:637,batch_015,0,,0.0,batch_015.txt,637,train
batch_015:638,batch_015,1,P41_04,6.0,batch_015.txt,638,train
batch_015:639,batch_015,1,P41_02,3.0,batch_015.txt,639,train
batch_015:640,batch_015,1,P41_05,17.0,batch_015.txt,640,test
batch_015:641,batch_015,1,P41_06_notch,6.0,batch_015.txt,641,train
batch_015:642,batch_015,0,,0.0,batch_015.txt,642,train
batch_015:643,batch_015,1,P41_06_notch,6.0,batch_015.txt,643,test
batch_015:644,batch_015,0,,0.0,batch_015.txt,644,train
batch_015:645,batch_015,0,,0.0,batch_015.txt,645,test
batch_015:646,batch_015,1,P41_03,26.0,batch_015.txt,646,train
batch_015:647,batch_015,0,,0.0,batch_015.txt,647,test
batch_015:648,batch_015,0,,0.0,batch_015.txt,648,train
batch_015:649,batch_015,1,P41_03,26.0,batch_015.txt,649,validation
batch_015:650,batch_015,0,,0.0,batch_015.txt,650,train
batch_015:651,batch_015,1,P41_04,6.0,batch_015.txt,651,validation
batch_015:652,batch_015,0,,0.0,batch_015.txt,652,train
batch_015:653,batch_015,0,,0.0,batch_015.txt,653,train
batch_015:654,batch_015,0,,0.0,batch_015.txt,654,test
batch_015:655,batch_015,1,P41_06_notch,6.0,batch_015.txt,655,validation
batch_015:656,batch_015,0,,0.0,batch_015.txt,656,train
batch_015:657,batch_015,0,,0.0,batch_015.txt,657,validation
batch_015:658,batch_015,0,,0.0,batch_015.txt,658,train
batch_015:659,batch_015,1,P41_04,6.0,batch_015.txt,659,train
batch_015:660,batch_015,1,P41_02,3.0,batch_015.txt,660,train
batch_015:661,batch_015,1,P41_05,17.0,batch_015.txt,661,train
batch_015:662,batch_015,1,P41_04,6.0,batch_015.txt,662,train
batch_015:663,batch_015,0,,0.0,batch_015.txt,663,validation
batch_015:664,batch_015,0,,0.0,batch_015.txt,664,train
batch_015:665,batch_015,1,P41_04,6.0,batch_015.txt,665,train
batch_015:666,batch_015,0,,0.0,batch_015.txt,666,train
batch_015:667,batch_015,1,P41_05,17.0,batch_015.txt,667,train
batch_015:668,batch_015,1,P41_03,26.0,batch_015.txt,668,test
batch_015:669,batch_015,1,P41_03,26.0,batch_015.txt,669,test
batch_015:670,batch_015,1,P41_03,26.0,batch_015.txt,670,train
batch_015:671,batch_015,0,,0.0,batch_015.txt,671,train
batch_015:672,batch_015,0,,0.0,batch_015.txt,672,train
batch_015:673,batch_015,0,,0.0,batch_015.txt,673,validation
batch_015:674,batch_015,0,,0.0,batch_015.txt,674,validation
batch_015:675,batch_015,0,,0.0,batch_015.txt,675,test
batch_015:676,batch_015,1,P41_02,3.0,batch_015.txt,676,validation
batch_015:677,batch_015,0,,0.0,batch_015.txt,677,train
batch_015:678,batch_015,1,P41_01,2.0,batch_015.txt,678,validation
batch_015:679,batch_015,1,P41_02,3.0,batch_015.txt,679,train
batch_015:680,batch_015,1,P41_02,3.0,batch_015.txt,680,train
batch_015:681,batch_015,1,P41_03,26.0,batch_015.txt,681,train
batch_015:682,batch_015,0,,0.0,batch_015.txt,682,test
batch_015:683,batch_015,1,P41_03,26.0,batch_015.txt,683,test
batch_015:684,batch_015,1,P41_04,6.0,batch_015.txt,684,test
batch_015:685,batch_015,0,,0.0,batch_015.txt,685,train
batch_015:686,batch_015,1,P41_05,17.0,batch_015.txt,686,test
batch_015:687,batch_015,0,,0.0,batch_015.txt,687,test
batch_015:688,batch_015,1,P41_06_notch,6.0,batch_015.txt,688,train
batch_015:689,batch_015,0,,0.0,batch_015.txt,689,validation
batch_015:690,batch_015,0,,0.0,batch_015.txt,690,train
batch_015:691,batch_015,1,P41_05,17.0,batch_015.txt,691,train
batch_015:692,batch_015,1,P41_04,6.0,batch_015.txt,692,train
batch_015:693,batch_015,1,P41_05,17.0,batch_015.txt,693,train
batch_015:694,batch_015,1,P41_06_notch,6.0,batch_015.txt,694,validation
batch_015:695,batch_015,0,,0.0,batch_015.txt,695,validation
batch_015:696,batch_015,0,,0.0,batch_015.txt,696,validation
batch_015:697,batch_015,0,,0.0,batch_015.txt,697,train
batch_015:698,batch_015,0,,0.0,batch_015.txt,698,test
batch_015:699,batch_015,1,P41_03,26.0,batch_015.txt,699,train
batch_015:700,batch_015,1,P41_03,26.0,batch_015.txt,700,test
batch_015:701,batch_015,1,P41_06_notch,6.0,batch_015.txt,701,train
batch_015:702,batch_015,0,,0.0,batch_015.txt,702,train
batch_015:703,batch_015,1,P41_06_notch,6.0,batch_015.txt,703,train
batch_015:704,batch_015,1,P41_05,17.0,batch_015.txt,704,train
batch_015:705,batch_015,1,P41_02,3.0,batch_015.txt,705,train
batch_015:706,batch_015,0,,0.0,batch_015.txt,706,test
batch_015:707,batch_015,0,,0.0,batch_015.txt,707,train
batch_015:708,batch_015,0,,0.0,batch_015.txt,708,train
batch_015:709,batch_015,1,P41_01,2.0,batch_015.txt,709,train
batch_015:710,batch_015,0,,0.0,batch_015.txt,710,test
batch_015:711,batch_015,0,,0.0,batch_015.txt,711,validation
batch_015:712,batch_015,0,,0.0,batch_015.txt,712,train
batch_015:713,batch_015,1,P41_01,2.0,batch_015.txt,713,train
batch_015:714,batch_015,1,P41_05,17.0,batch_015.txt,714,train
batch_015:715,batch_015,0,,0.0,batch_015.txt,715,train
batch_015:716,batch_015,1,P41_05,17.0,batch_015.txt,716,train
batch_015:717,batch_015,1,P41_01,2.0,batch_015.txt,717,train
batch_015:718,batch_015,1,P41_03,26.0,batch_015.txt,718,train
batch_015:719,batch_015,1,P41_01,2.0,batch_015.txt,719,train
batch_015:720,batch_015,0,,0.0,batch_015.txt,720,train
batch_015:721,batch_015,1,P41_01,2.0,batch_015.txt,721,train
batch_015:722,batch_015,1,P41_03,26.0,batch_015.txt,722,train
batch_015:723,batch_015,1,P41_02,3.0,batch_015.txt,723,train
batch_015:724,batch_015,0,,0.0,batch_015.txt,724,train
batch_015:725,batch_015,1,P41_06_notch,6.0,batch_015.txt,725,train
batch_015:726,batch_015,0,,0.0,batch_015.txt,726,train
batch_015:727,batch_015,0,,0.0,batch_015.txt,727,train
batch_015:728,batch_015,0,,0.0,batch_015.txt,728,train
batch_015:729,batch_015,1,P41_03,26.0,batch_015.txt,729,train
batch_015:730,batch_015,0,,0.0,batch_015.txt,730,train
batch_015:731,batch_015,0,,0.0,batch_015.txt,731,train
batch_015:732,batch_015,1,P41_05,17.0,batch_015.txt,732,train
batch_015:733,batch_015,1,P41_03,26.0,batch_015.txt,733,validation
batch_015:734,batch_015,1,P41_05,17.0,batch_015.txt,734,validation
batch_015:735,batch_015,1,P41_01,2.0,batch_015.txt,735,train
batch_015:736,batch_015,0,,0.0,batch_015.txt,736,test
batch_015:737,batch_015,1,P41_06_notch,6.0,batch_015.txt,737,train
batch_015:738,batch_015,1,P41_04,6.0,batch_015.txt,738,train
batch_015:739,batch_015,1,P41_01,2.0,batch_015.txt,739,validation
batch_015:740,batch_015,1,P41_05,17.0,batch_015.txt,740,train
batch_015:741,batch_015,0,,0.0,batch_015.txt,741,train
batch_015:742,batch_015,0,,0.0,batch_015.txt,742,test
batch_015:743,batch_015,1,P41_05,17.0,batch_015.txt,743,test
batch_015:744,batch_015,1,P41_01,2.0,batch_015.txt,744,train
batch_015:745,batch_015,0,,0.0,batch_015.txt,745,train
batch_015:746,batch_015,1,P41_05,17.0,batch_015.txt,746,test
batch_015:747,batch_015,1,P41_03,26.0,batch_015.txt,747,train
batch_015:748,batch_015,1,P41_01,2.0,batch_015.txt,748,test
batch_015:749,batch_015,0,,0.0,batch_015.txt,749,train
batch_015:750,batch_015,0,,0.0,batch_015.txt,750,train
batch_015:751,batch_015,0,,0.0,batch_015.txt,751,train
batch_015:752,batch_015,0,,0.0,batch_015.txt,752,train
batch_015:753,batch_015,0,,0.0,batch_015.txt,753,train
batch_015:754,batch_015,1,P41_03,26.0,batch_015.txt,754,train
batch_015:755,batch_015,1,P41_04,6.0,batch_015.txt,755,train
batch_015:756,batch_015,1,P41_06_notch,6.0,batch_015.txt,756,test
batch_015:757,batch_015,1,P41_05,17.0,batch_015.txt,757,train
batch_015:758,batch_015,1,P41_02,3.0,batch_015.txt,758,train
batch_015:759,batch_015,0,,0.0,batch_015.txt,759,test
batch_015:760,batch_015,1,P41_01,2.0,batch_015.txt,760,train
batch_015:761,batch_015,1,P41_02,3.0,batch_015.txt,761,train
batch_015:762,batch_015,0,,0.0,batch_015.txt,762,train
batch_015:763,batch_015,0,,0.0,batch_015.txt,763,train
batch_015:764,batch_015,0,,0.0,batch_015.txt,764,train
batch_015:765,batch_015,1,P41_01,2.0,batch_015.txt,765,train
batch_015:766,batch_015,1,P41_04,6.0,batch_015.txt,766,test
batch_015:767,batch_015,1,P41_03,26.0,batch_015.txt,767,test
batch_015:768,batch_015,1,P41_03,26.0,batch_015.txt,768,train
batch_015:769,batch_015,0,,0.0,batch_015.txt,769,train
batch_015:770,batch_015,1,P41_05,17.0,batch_015.txt,770,test
batch_015:771,batch_015,1,P41_02,3.0,batch_015.txt,771,validation
batch_015:772,batch_015,0,,0.0,batch_015.txt,772,train
batch_015:773,batch_015,1,P41_01,2.0,batch_015.txt,773,train
batch_015:774,batch_015,1,P41_05,17.0,batch_015.txt,774,validation
batch_015:775,batch_015,1,P41_01,2.0,batch_015.txt,775,train
batch_015:776,batch_015,1,P41_06_notch,6.0,batch_015.txt,776,train
batch_015:777,batch_015,0,,0.0,batch_015.txt,777,train
batch_015:778,batch_015,1,P41_02,3.0,batch_015.txt,778,test
batch_015:779,batch_015,0,,0.0,batch_015.txt,779,test
batch_015:780,batch_015,0,,0.0,batch_015.txt,780,train
batch_015:781,batch_015,1,P41_04,6.0,batch_015.txt,781,train
batch_015:782,batch_015,0,,0.0,batch_015.txt,782,train
batch_015:783,batch_015,1,P41_04,6.0,batch_015.txt,783,train
batch_015:784,batch_015,0,,0.0,batch_015.txt,784,train
batch_015:785,batch_015,1,P41_06_notch,6.0,batch_015.txt,785,train
batch_015:786,batch_015,0,,0.0,batch_015.txt,786,validation
batch_015:787,batch_015,1,P41_03,26.0,batch_015.txt,787,train
batch_015:788,batch_015,0,,0.0,batch_015.txt,788,train
batch_015:789,batch_015,1,P41_04,6.0,batch_015.txt,789,train
batch_015:790,batch_015,0,,0.0,batch_015.txt,790,train
batch_015:791,batch_015,0,,0.0,batch_015.txt,791,train
batch_015:792,batch_015,0,,0.0,batch_015.txt,792,train
batch_015:793,batch_015,0,,0.0,batch_015.txt,793,test
batch_015:794,batch_015,1,P41_06_notch,6.0,batch_015.txt,794,test
batch_015:795,batch_015,1,P41_05,17.0,batch_015.txt,795,train
batch_015:796,batch_015,0,,0.0,batch_015.txt,796,train
batch_015:797,batch_015,0,,0.0,batch_015.txt,797,train
batch_015:798,batch_015,1,P41_06_notch,6.0,batch_015.txt,798,validation
batch_015:799,batch_015,1,P41_04,6.0,batch_015.txt,799,train
batch_015:800,batch_015,0,,0.0,batch_015.txt,800,train
batch_015:801,batch_015,0,,0.0,batch_015.txt,801,validation
batch_015:802,batch_015,1,P41_05,17.0,batch_015.txt,802,validation
batch_015:803,batch_015,0,,0.0,batch_015.txt,803,validation
batch_015:804,batch_015,0,,0.0,batch_015.txt,804,train
batch_015:805,batch_015,1,P41_04,6.0,batch_015.txt,805,train
batch_015:806,batch_015,0,,0.0,batch_015.txt,806,train
batch_015:807,batch_015,0,,0.0,batch_015.txt,807,train
batch_015:808,batch_015,1,P41_06_notch,6.0,batch_015.txt,808,test
batch_015:809,batch_015,0,,0.0,batch_015.txt,809,validation
batch_015:810,batch_015,0,,0.0,batch_015.txt,810,train
batch_015:811,batch_015,1,P41_02,3.0,batch_015.txt,811,train
batch_015:812,batch_015,1,P41_03,26.0,batch_015.txt,812,train
batch_015:813,batch_015,1,P41_02,3.0,batch_015.txt,813,train
batch_015:814,batch_015,0,,0.0,batch_015.txt,814,train
batch_015:815,batch_015,0,,0.0,batch_015.txt,815,train
batch_015:816,batch_015,1,P41_04,6.0,batch_015.txt,816,train
batch_015:817,batch_015,1,P41_04,6.0,batch_015.txt,817,train
batch_015:818,batch_015,0,,0.0,batch_015.txt,818,test
batch_015:819,batch_015,0,,0.0,batch_015.txt,819,train
batch_015:820,batch_015,0,,0.0,batch_015.txt,820,train
batch_015:821,batch_015,1,P41_01,2.0,batch_015.txt,821,train
batch_015:822,batch_015,0,,0.0,batch_015.txt,822,validation
batch_015:823,batch_015,1,P41_06_notch,6.0,batch_015.txt,823,train
batch_015:824,batch_015,0,,0.0,batch_015.txt,824,train
batch_015:825,batch_015,1,P41_03,26.0,batch_015.txt,825,train
batch_015:826,batch_015,1,P41_03,26.0,batch_015.txt,826,train
batch_015:827,batch_015,0,,0.0,batch_015.txt,827,train
batch_015:828,batch_015,0,,0.0,batch_015.txt,828,train
batch_015:829,batch_015,1,P41_01,2.0,batch_015.txt,829,test
batch_015:830,batch_015,0,,0.0,batch_015.txt,830,train
batch_015:831,batch_015,0,,0.0,batch_015.txt,831,train
batch_015:832,batch_015,0,,0.0,batch_015.txt,832,validation
batch_015:833,batch_015,0,,0.0,batch_015.txt,833,train
batch_015:834,batch_015,0,,0.0,batch_015.txt,834,train
batch_015:835,batch_015,1,P41_06_notch,6.0,batch_015.txt,835,test
batch_015:836,batch_015,0,,0.0,batch_015.txt,836,train
batch_015:837,batch_015,0,,0.0,batch_015.txt,837,train
batch_015:838,batch_015,0,,0.0,batch_015.txt,838,test
batch_015:839,batch_015,1,P41_05,17.0,batch_015.txt,839,train
batch_015:840,batch_015,1,P41_04,6.0,batch_015.txt,840,test
batch_015:841,batch_015,1,P41_06_notch,6.0,batch_015.txt,841,train
batch_015:842,batch_015,1,P41_02,3.0,batch_015.txt,842,train
batch_015:843,batch_015,1,P41_05,17.0,batch_015.txt,843,train
batch_015:844,batch_015,0,,0.0,batch_015.txt,844,validation
batch_015:845,batch_015,0,,0.0,batch_015.txt,845,validation
batch_015:846,batch_015,0,,0.0,batch_015.txt,846,test
batch_015:847,batch_015,1,P41_04,6.0,batch_015.txt,847,train
batch_015:848,batch_015,0,,0.0,batch_015.txt,848,train
batch_015:849,batch_015,1,P41_06_notch,6.0,batch_015.txt,849,train
batch_015:850,batch_015,0,,0.0,batch_015.txt,850,validation
batch_015:851,batch_015,0,,0.0,batch_015.txt,851,train
batch_015:852,batch_015,0,,0.0,batch_015.txt,852,test
batch_015:853,batch_015,1,P41_02,3.0,batch_015.txt,853,test
batch_015:854,batch_015,0,,0.0,batch_015.txt,854,train
batch_015:855,batch_015,0,,0.0,batch_015.txt,855,train
batch_015:856,batch_015,0,,0.0,batch_015.txt,856,train
batch_015:857,batch_015,0,,0.0,batch_015.txt,857,train
batch_015:858,batch_015,1,P41_02,3.0,batch_015.txt,858,train
batch_015:859,batch_015,1,P41_04,6.0,batch_015.txt,859,train
batch_015:860,batch_015,0,,0.0,batch_015.txt,860,train
batch_015:861,batch_015,0,,0.0,batch_015.txt,861,validation
batch_015:862,batch_015,1,P41_05,17.0,batch_015.txt,862,train
batch_015:863,batch_015,1,P41_06_notch,6.0,batch_015.txt,863,validation
batch_015:864,batch_015,1,P41_02,3.0,batch_015.txt,864,train
batch_015:865,batch_015,0,,0.0,batch_015.txt,865,train
batch_015:866,batch_015,0,,0.0,batch_015.txt,866,train
batch_015:867,batch_015,1,P41_06_notch,6.0,batch_015.txt,867,test
batch_015:868,batch_015,1,P41_01,2.0,batch_015.txt,868,test
batch_015:869,batch_015,1,P41_05,17.0,batch_015.txt,869,validation
batch_015:870,batch_015,1,P41_05,17.0,batch_015.txt,870,train
batch_015:871,batch_015,0,,0.0,batch_015.txt,871,train
batch_015:872,batch_015,0,,0.0,batch_015.txt,872,train
batch_015:873,batch_015,1,P41_01,2.0,batch_015.txt,873,train
batch_015:874,batch_015,1,P41_05,17.0,batch_015.txt,874,test
batch_015:875,batch_015,1,P41_04,6.0,batch_015.txt,875,validation
batch_015:876,batch_015,0,,0.0,batch_015.txt,876,test
batch_015:877,batch_015,1,P41_02,3.0,batch_015.txt,877,train
batch_015:878,batch_015,1,P41_01,2.0,batch_015.txt,878,train
batch_015:879,batch_015,0,,0.0,batch_015.txt,879,validation
batch_015:880,batch_015,0,,0.0,batch_015.txt,880,train
batch_015:881,batch_015,1,P41_03,26.0,batch_015.txt,881,train
batch_015:882,batch_015,0,,0.0,batch_015.txt,882,train
batch_015:883,batch_015,1,P41_01,2.0,batch_015.txt,883,train
batch_015:884,batch_015,1,P41_04,6.0,batch_015.txt,884,train
batch_015:885,batch_015,1,P41_06_notch,6.0,batch_015.txt,885,test
batch_015:886,batch_015,1,P41_04,6.0,batch_015.txt,886,train
batch_015:887,batch_015,0,,0.0,batch_015.txt,887,train
batch_015:888,batch_015,0,,0.0,batch_015.txt,888,train
batch_015:889,batch_015,0,,0.0,batch_015.txt,889,train
batch_015:890,batch_015,0,,0.0,batch_015.txt,890,train
batch_015:891,batch_015,1,P41_03,26.0,batch_015.txt,891,validation
batch_015:892,batch_015,1,P41_01,2.0,batch_015.txt,892,train
batch_015:893,batch_015,0,,0.0,batch_015.txt,893,test
batch_015:894,batch_015,1,P41_05,17.0,batch_015.txt,894,train
batch_015:895,batch_015,0,,0.0,batch_015.txt,895,test
batch_015:896,batch_015,1,P41_01,2.0,batch_015.txt,896,train
batch_015:897,batch_015,1,P41_02,3.0,batch_015.txt,897,train
batch_015:898,batch_015,1,P41_04,6.0,batch_015.txt,898,validation
batch_015:899,batch_015,1,P41_03,26.0,batch_015.txt,899,train
batch_015:900,batch_015,0,,0.0,batch_015.txt,900,validation
batch_015:901,batch_015,1,P41_06_notch,6.0,batch_015.txt,901,train
batch_015:902,batch_015,0,,0.0,batch_015.txt,902,test
batch_015:903,batch_015,1,P41_01,2.0,batch_015.txt,903,train
batch_015:904,batch_015,1,P41_03,26.0,batch_015.txt,904,train
batch_015:905,batch_015,0,,0.0,batch_015.txt,905,validation
batch_015:906,batch_015,0,,0.0,batch_015.txt,906,train
batch_015:907,batch_015,0,,0.0,batch_015.txt,907,train
batch_015:908,batch_015,1,P41_06_notch,6.0,batch_015.txt,908,train
batch_015:909,batch_015,0,,0.0,batch_015.txt,909,validation
batch_015:910,batch_015,1,P41_02,3.0,batch_015.txt,910,train
batch_015:911,batch_015,0,,0.0,batch_015.txt,911,train
batch_015:912,batch_015,1,P41_02,3.0,batch_015.txt,912,validation
batch_015:913,batch_015,1,P41_03,26.0,batch_015.txt,913,train
batch_015:914,batch_015,1,P41_01,2.0,batch_015.txt,914,train
batch_015:915,batch_015,1,P41_02,3.0,batch_015.txt,915,train
batch_015:916,batch_015,1,P41_02,3.0,batch_015.txt,916,train
batch_015:917,batch_015,0,,0.0,batch_015.txt,917,test
batch_015:918,batch_015,0,,0.0,batch_015.txt,918,train
batch_015:919,batch_015,1,P41_06_notch,6.0,batch_015.txt,919,train
batch_015:920,batch_015,0,,0.0,batch_015.txt,920,train
batch_015:921,batch_015,1,P41_03,26.0,batch_015.txt,921,train
batch_015:922,batch_015,1,P41_01,2.0,batch_015.txt,922,train
batch_015:923,batch_015,0,,0.0,batch_015.txt,923,train
batch_015:924,batch_015,0,,0.0,batch_015.txt,924,train
batch_015:925,batch_015,0,,0.0,batch_015.txt,925,train
batch_015:926,batch_015,0,,0.0,batch_015.txt,926,train
batch_015:927,batch_015,1,P41_06_notch,6.0,batch_015.txt,927,test
batch_015:928,batch_015,1,P41_05,17.0,batch_015.txt,928,train
batch_015:929,batch_015,1,P41_03,26.0,batch_015.txt,929,train
batch_015:930,batch_015,1,P41_04,6.0,batch_015.txt,930,train
batch_015:931,batch_015,1,P41_04,6.0,batch_015.txt,931,validation
batch_015:932,batch_015,0,,0.0,batch_015.txt,932,train
batch_015:933,batch_015,1,P41_03,26.0,batch_015.txt,933,validation
batch_015:934,batch_015,0,,0.0,batch_015.txt,934,validation
batch_015:935,batch_015,0,,0.0,batch_015.txt,935,validation
batch_015:936,batch_015,1,P41_06_notch,6.0,batch_015.txt,936,validation
batch_015:937,batch_015,1,P41_02,3.0,batch_015.txt,937,train
batch_015:938,batch_015,0,,0.0,batch_015.txt,938,train
batch_015:939,batch_015,0,,0.0,batch_015.txt,939,train
batch_015:940,batch_015,0,,0.0,batch_015.txt,940,train
batch_015:941,batch_015,0,,0.0,batch_015.txt,941,train
batch_015:942,batch_015,0,,0.0,batch_015.txt,942,train
batch_015:943,batch_015,0,,0.0,batch_015.txt,943,train
batch_015:944,batch_015,0,,0.0,batch_015.txt,944,train
batch_015:945,batch_015,0,,0.0,batch_015.txt,945,train
batch_015:946,batch_015,1,P41_06_notch,6.0,batch_015.txt,946,train
batch_015:947,batch_015,0,,0.0,batch_015.txt,947,train
batch_015:948,batch_015,0,,0.0,batch_015.txt,948,train
batch_015:949,batch_015,0,,0.0,batch_015.txt,949,train
batch_015:950,batch_015,1,P41_06_notch,6.0,batch_015.txt,950,train
batch_015:951,batch_015,0,,0.0,batch_015.txt,951,train
batch_015:952,batch_015,0,,0.0,batch_015.txt,952,validation
batch_015:953,batch_015,1,P41_06_notch,6.0,batch_015.txt,953,train
batch_015:954,batch_015,1,P41_04,6.0,batch_015.txt,954,train
batch_015:955,batch_015,1,P41_04,6.0,batch_015.txt,955,train
batch_015:956,batch_015,1,P41_02,3.0,batch_015.txt,956,train
batch_015:957,batch_015,0,,0.0,batch_015.txt,957,train
batch_015:958,batch_015,1,P41_05,17.0,batch_015.txt,958,train
batch_015:959,batch_015,0,,0.0,batch_015.txt,959,train
batch_015:960,batch_015,0,,0.0,batch_015.txt,960,test
batch_015:961,batch_015,1,P41_05,17.0,batch_015.txt,961,train
batch_015:962,batch_015,0,,0.0,batch_015.txt,962,validation
batch_015:963,batch_015,1,P41_03,26.0,batch_015.txt,963,train
batch_015:964,batch_015,1,P41_01,2.0,batch_015.txt,964,train
batch_015:965,batch_015,0,,0.0,batch_015.txt,965,test
batch_015:966,batch_015,0,,0.0,batch_015.txt,966,test
batch_015:967,batch_015,1,P41_01,2.0,batch_015.txt,967,train
batch_015:968,batch_015,1,P41_02,3.0,batch_015.txt,968,train
batch_015:969,batch_015,1,P41_02,3.0,batch_015.txt,969,validation
batch_015:970,batch_015,1,P41_06_notch,6.0,batch_015.txt,970,train
batch_015:971,batch_015,0,,0.0,batch_015.txt,971,test
batch_015:972,batch_015,1,P41_02,3.0,batch_015.txt,972,train
batch_015:973,batch_015,1,P41_03,26.0,batch_015.txt,973,test
batch_015:974,batch_015,0,,0.0,batch_015.txt,974,test
batch_015:975,batch_015,0,,0.0,batch_015.txt,975,train
batch_015:976,batch_015,1,P41_06_notch,6.0,batch_015.txt,976,train
batch_015:977,batch_015,0,,0.0,batch_015.txt,977,train
batch_015:978,batch_015,1,P41_02,3.0,batch_015.txt,978,train
batch_015:979,batch_015,1,P41_05,17.0,batch_015.txt,979,train
batch_015:980,batch_015,0,,0.0,batch_015.txt,980,test
batch_015:981,batch_015,0,,0.0,batch_015.txt,981,train
batch_015:982,batch_015,1,P41_02,3.0,batch_015.txt,982,train
batch_015:983,batch_015,0,,0.0,batch_015.txt,983,train
batch_015:984,batch_015,0,,0.0,batch_015.txt,984,validation
batch_015:985,batch_015,1,P41_03,26.0,batch_015.txt,985,train
batch_015:986,batch_015,1,P41_03,26.0,batch_015.txt,986,train
batch_015:987,batch_015,1,P41_02,3.0,batch_015.txt,987,train
batch_015:988,batch_015,1,P41_03,26.0,batch_015.txt,988,train
batch_015:989,batch_015,0,,0.0,batch_015.txt,989,validation
batch_015:990,batch_015,1,P41_02,3.0,batch_015.txt,990,train
batch_015:991,batch_015,1,P41_05,17.0,batch_015.txt,991,validation
batch_015:992,batch_015,1,P41_05,17.0,batch_015.txt,992,train
batch_015:993,batch_015,1,P41_05,17.0,batch_015.txt,993,train
batch_015:994,batch_015,0,,0.0,batch_015.txt,994,validation
batch_015:995,batch_015,0,,0.0,batch_015.txt,995,train
batch_015:996,batch_015,1,P41_05,17.0,batch_015.txt,996,validation
batch_015:997,batch_015,0,,0.0,batch_015.txt,997,train
batch_015:998,batch_015,0,,0.0,batch_015.txt,998,validation
batch_015:999,batch_015,0,,0.0,batch_015.txt,999,validation
batch_015:1000,batch_015,0,,0.0,batch_015.txt,1000,train
batch_016:1,batch_016,0,,0.0,batch_016.txt,1,train
batch_016:2,batch_016,0,,0.0,batch_016.txt,2,validation
batch_016:3,batch_016,1,P41_01,2.0,batch_016.txt,3,train
batch_016:4,batch_016,0,,0.0,batch_016.txt,4,train
batch_016:5,batch_016,1,P41_03,26.0,batch_016.txt,5,validation
batch_016:6,batch_016,0,,0.0,batch_016.txt,6,test
batch_016:7,batch_016,0,,0.0,batch_016.txt,7,validation
batch_016:8,batch_016,1,P41_04,6.0,batch_016.txt,8,train
batch_016:9,batch_016,1,P41_04,6.0,batch_016.txt,9,train
batch_016:10,batch_016,0,,0.0,batch_016.txt,10,train
batch_016:11,batch_016,0,,0.0,batch_016.txt,11,train
batch_016:12,batch_016,1,P41_03,26.0,batch_016.txt,12,train
batch_016:13,batch_016,1,P41_04,6.0,batch_016.txt,13,validation
batch_016:14,batch_016,0,,0.0,batch_016.txt,14,train
batch_016:15,batch_016,0,,0.0,batch_016.txt,15,train
batch_016:16,batch_016,0,,0.0,batch_016.txt,16,test
batch_016:17,batch_016,1,P41_04,6.0,batch_016.txt,17,train
batch_016:18,batch_016,1,P41_06_notch,6.0,batch_016.txt,18,validation
batch_016:19,batch_016,0,,0.0,batch_016.txt,19,train
batch_016:20,batch_016,1,P41_02,3.0,batch_016.txt,20,train
batch_016:21,batch_016,0,,0.0,batch_016.txt,21,train
batch_016:22,batch_016,0,,0.0,batch_016.txt,22,train
batch_016:23,batch_016,1,P41_03,26.0,batch_016.txt,23,train
batch_016:24,batch_016,0,,0.0,batch_016.txt,24,train
batch_016:25,batch_016,1,P41_04,6.0,batch_016.txt,25,train
batch_016:26,batch_016,0,,0.0,batch_016.txt,26,train
batch_016:27,batch_016,1,P41_04,6.0,batch_016.txt,27,train
batch_016:28,batch_016,1,P41_03,26.0,batch_016.txt,28,train
batch_016:29,batch_016,1,P41_01,2.0,batch_016.txt,29,train
batch_016:30,batch_016,1,P41_04,6.0,batch_016.txt,30,train
batch_016:31,batch_016,0,,0.0,batch_016.txt,31,train
batch_016:32,batch_016,0,,0.0,batch_016.txt,32,train
batch_016:33,batch_016,1,P41_03,26.0,batch_016.txt,33,train
batch_016:34,batch_016,0,,0.0,batch_016.txt,34,train
batch_016:35,batch_016,0,,0.0,batch_016.txt,35,train
batch_016:36,batch_016,0,,0.0,batch_016.txt,36,train
batch_016:37,batch_016,1,P41_03,26.0,batch_016.txt,37,train
batch_016:38,batch_016,1,P41_06_notch,6.0,batch_016.txt,38,train
batch_016:39,batch_016,1,P41_02,3.0,batch_016.txt,39,train
batch_016:40,batch_016,0,,0.0,batch_016.txt,40,train
batch_016:41,batch_016,0,,0.0,batch_016.txt,41,validation
batch_016:42,batch_016,0,,0.0,batch_016.txt,42,train
batch_016:43,batch_016,0,,0.0,batch_016.txt,43,train
batch_016:44,batch_016,0,,0.0,batch_016.txt,44,train
batch_016:45,batch_016,1,P41_02,3.0,batch_016.txt,45,train
batch_016:46,batch_016,1,P41_04,6.0,batch_016.txt,46,test
batch_016:47,batch_016,1,P41_04,6.0,batch_016.txt,47,train
batch_016:48,batch_016,1,P41_06_notch,6.0,batch_016.txt,48,train
batch_016:49,batch_016,0,,0.0,batch_016.txt,49,test
batch_016:50,batch_016,0,,0.0,batch_016.txt,50,train
batch_016:51,batch_016,0,,0.0,batch_016.txt,51,train
batch_016:52,batch_016,0,,0.0,batch_016.txt,52,train
batch_016:53,batch_016,0,,0.0,batch_016.txt,53,train
batch_016:54,batch_016,1,P41_01,2.0,batch_016.txt,54,train
batch_016:55,batch_016,1,P41_06_notch,6.0,batch_016.txt,55,train
batch_016:56,batch_016,0,,0.0,batch_016.txt,56,train
batch_016:57,batch_016,0,,0.0,batch_016.txt,57,train
batch_016:58,batch_016,0,,0.0,batch_016.txt,58,validation
batch_016:59,batch_016,0,,0.0,batch_016.txt,59,train
batch_016:60,batch_016,1,P41_01,2.0,batch_016.txt,60,train
batch_016:61,batch_016,0,,0.0,batch_016.txt,61,test
batch_016:62,batch_016,0,,0.0,batch_016.txt,62,train
batch_016:63,batch_016,0,,0.0,batch_016.txt,63,validation
batch_016:64,batch_016,0,,0.0,batch_016.txt,64,train
batch_016:65,batch_016,0,,0.0,batch_016.txt,65,test
batch_016:66,batch_016,1,P41_05,17.0,batch_016.txt,66,test
batch_016:67,batch_016,0,,0.0,batch_016.txt,67,train
batch_016:68,batch_016,0,,0.0,batch_016.txt,68,train
batch_016:69,batch_016,0,,0.0,batch_016.txt,69,train
batch_016:70,batch_016,1,P41_03,26.0,batch_016.txt,70,train
batch_016:71,batch_016,1,P41_02,3.0,batch_016.txt,71,test
batch_016:72,batch_016,1,P41_01,2.0,batch_016.txt,72,test
batch_016:73,batch_016,0,,0.0,batch_016.txt,73,train
batch_016:74,batch_016,0,,0.0,batch_016.txt,74,train
batch_016:75,batch_016,0,,0.0,batch_016.txt,75,test
batch_016:76,batch_016,1,P41_01,2.0,batch_016.txt,76,train
batch_016:77,batch_016,1,P41_03,26.0,batch_016.txt,77,train
batch_016:78,batch_016,0,,0.0,batch_016.txt,78,test
batch_016:79,batch_016,0,,0.0,batch_016.txt,79,train
batch_016:80,batch_016,0,,0.0,batch_016.txt,80,train
batch_016:81,batch_016,0,,0.0,batch_016.txt,81,validation
batch_016:82,batch_016,0,,0.0,batch_016.txt,82,train
batch_016:83,batch_016,0,,0.0,batch_016.txt,83,train
batch_016:84,batch_016,1,P41_05,17.0,batch_016.txt,84,train
batch_016:85,batch_016,1,P41_04,6.0,batch_016.txt,85,validation
batch_016:86,batch_016,1,P41_05,17.0,batch_016.txt,86,test
batch_016:87,batch_016,0,,0.0,batch_016.txt,87,test
batch_016:88,batch_016,1,P41_04,6.0,batch_016.txt,88,train
batch_016:89,batch_016,1,P41_04,6.0,batch_016.txt,89,validation
batch_016:90,batch_016,1,P41_06_notch,6.0,batch_016.txt,90,train
batch_016:91,batch_016,0,,0.0,batch_016.txt,91,train
batch_016:92,batch_016,0,,0.0,batch_016.txt,92,train
batch_016:93,batch_016,1,P41_04,6.0,batch_016.txt,93,train
batch_016:94,batch_016,0,,0.0,batch_016.txt,94,train
batch_016:95,batch_016,0,,0.0,batch_016.txt,95,train
batch_016:96,batch_016,1,P41_04,6.0,batch_016.txt,96,train
batch_016:97,batch_016,1,P41_04,6.0,batch_016.txt,97,train
batch_016:98,batch_016,0,,0.0,batch_016.txt,98,validation
batch_016:99,batch_016,0,,0.0,batch_016.txt,99,train
batch_016:100,batch_016,1,P41_03,26.0,batch_016.txt,100,train
batch_016:101,batch_016,0,,0.0,batch_016.txt,101,train
batch_016:102,batch_016,0,,0.0,batch_016.txt,102,train
batch_016:103,batch_016,1,P41_03,26.0,batch_016.txt,103,validation
batch_016:104,batch_016,0,,0.0,batch_016.txt,104,train
batch_016:105,batch_016,1,P41_03,26.0,batch_016.txt,105,validation
batch_016:106,batch_016,0,,0.0,batch_016.txt,106,train
batch_016:107,batch_016,1,P41_03,26.0,batch_016.txt,107,train
batch_016:108,batch_016,1,P41_05,17.0,batch_016.txt,108,test
batch_016:109,batch_016,1,P41_06_notch,6.0,batch_016.txt,109,train
batch_016:110,batch_016,1,P41_06_notch,6.0,batch_016.txt,110,test
batch_016:111,batch_016,1,P41_01,2.0,batch_016.txt,111,test
batch_016:112,batch_016,0,,0.0,batch_016.txt,112,test
batch_016:113,batch_016,1,P41_03,26.0,batch_016.txt,113,test
batch_016:114,batch_016,1,P41_02,3.0,batch_016.txt,114,train
batch_016:115,batch_016,1,P41_03,26.0,batch_016.txt,115,test
batch_016:116,batch_016,1,P41_06_notch,6.0,batch_016.txt,116,validation
batch_016:117,batch_016,0,,0.0,batch_016.txt,117,train
batch_016:118,batch_016,1,P41_05,17.0,batch_016.txt,118,test
batch_016:119,batch_016,0,,0.0,batch_016.txt,119,train
batch_016:120,batch_016,0,,0.0,batch_016.txt,120,validation
batch_016:121,batch_016,1,P41_04,6.0,batch_016.txt,121,train
batch_016:122,batch_016,0,,0.0,batch_016.txt,122,train
batch_016:123,batch_016,1,P41_05,17.0,batch_016.txt,123,test
batch_016:124,batch_016,1,P41_02,3.0,batch_016.txt,124,validation
batch_016:125,batch_016,0,,0.0,batch_016.txt,125,test
batch_016:126,batch_016,0,,0.0,batch_016.txt,126,test
batch_016:127,batch_016,0,,0.0,batch_016.txt,127,train
batch_016:128,batch_016,0,,0.0,batch_016.txt,128,train
batch_016:129,batch_016,1,P41_01,2.0,batch_016.txt,129,train
batch_016:130,batch_016,1,P41_06_notch,6.0,batch_016.txt,130,train
batch_016:131,batch_016,0,,0.0,batch_016.txt,131,train
batch_016:132,batch_016,0,,0.0,batch_016.txt,132,validation
batch_016:133,batch_016,0,,0.0,batch_016.txt,133,train
batch_016:134,batch_016,0,,0.0,batch_016.txt,134,train
batch_016:135,batch_016,0,,0.0,batch_016.txt,135,train
batch_016:136,batch_016,0,,0.0,batch_016.txt,136,train
batch_016:137,batch_016,1,P41_04,6.0,batch_016.txt,137,train
batch_016:138,batch_016,0,,0.0,batch_016.txt,138,test
batch_016:139,batch_016,0,,0.0,batch_016.txt,139,train
batch_016:140,batch_016,1,P41_02,3.0,batch_016.txt,140,train
batch_016:141,batch_016,1,P41_06_notch,6.0,batch_016.txt,141,test
batch_016:142,batch_016,0,,0.0,batch_016.txt,142,train
batch_016:143,batch_016,1,P41_06_notch,6.0,batch_016.txt,143,train
batch_016:144,batch_016,1,P41_03,26.0,batch_016.txt,144,train
batch_016:145,batch_016,1,P41_06_notch,6.0,batch_016.txt,145,train
batch_016:146,batch_016,0,,0.0,batch_016.txt,146,train
batch_016:147,batch_016,1,P41_01,2.0,batch_016.txt,147,test
batch_016:148,batch_016,1,P41_04,6.0,batch_016.txt,148,test
batch_016:149,batch_016,1,P41_02,3.0,batch_016.txt,149,train
batch_016:150,batch_016,1,P41_05,17.0,batch_016.txt,150,validation
batch_016:151,batch_016,0,,0.0,batch_016.txt,151,test
batch_016:152,batch_016,1,P41_04,6.0,batch_016.txt,152,validation
batch_016:153,batch_016,1,P41_03,26.0,batch_016.txt,153,validation
batch_016:154,batch_016,0,,0.0,batch_016.txt,154,train
batch_016:155,batch_016,0,,0.0,batch_016.txt,155,test
batch_016:156,batch_016,1,P41_06_notch,6.0,batch_016.txt,156,test
batch_016:157,batch_016,0,,0.0,batch_016.txt,157,validation
batch_016:158,batch_016,0,,0.0,batch_016.txt,158,train
batch_016:159,batch_016,1,P41_01,2.0,batch_016.txt,159,train
batch_016:160,batch_016,0,,0.0,batch_016.txt,160,train
batch_016:161,batch_016,1,P41_01,2.0,batch_016.txt,161,test
batch_016:162,batch_016,0,,0.0,batch_016.txt,162,train
batch_016:163,batch_016,1,P41_06_notch,6.0,batch_016.txt,163,test
batch_016:164,batch_016,1,P41_06_notch,6.0,batch_016.txt,164,train
batch_016:165,batch_016,0,,0.0,batch_016.txt,165,test
batch_016:166,batch_016,1,P41_01,2.0,batch_016.txt,166,train
batch_016:167,batch_016,1,P41_01,2.0,batch_016.txt,167,validation
batch_016:168,batch_016,1,P41_01,2.0,batch_016.txt,168,train
batch_016:169,batch_016,0,,0.0,batch_016.txt,169,train
batch_016:170,batch_016,0,,0.0,batch_016.txt,170,validation
batch_016:171,batch_016,1,P41_05,17.0,batch_016.txt,171,train
batch_016:172,batch_016,1,P41_03,26.0,batch_016.txt,172,train
batch_016:173,batch_016,1,P41_02,3.0,batch_016.txt,173,validation
batch_016:174,batch_016,1,P41_04,6.0,batch_016.txt,174,test
batch_016:175,batch_016,0,,0.0,batch_016.txt,175,train
batch_016:176,batch_016,0,,0.0,batch_016.txt,176,test
batch_016:177,batch_016,1,P41_06_notch,6.0,batch_016.txt,177,validation
batch_016:178,batch_016,1,P41_02,3.0,batch_016.txt,178,validation
batch_016:179,batch_016,1,P41_02,3.0,batch_016.txt,179,test
batch_016:180,batch_016,1,P41_03,26.0,batch_016.txt,180,validation
batch_016:181,batch_016,0,,0.0,batch_016.txt,181,test
batch_016:182,batch_016,1,P41_04,6.0,batch_016.txt,182,train
batch_016:183,batch_016,1,P41_03,26.0,batch_016.txt,183,validation
batch_016:184,batch_016,0,,0.0,batch_016.txt,184,train
batch_016:185,batch_016,0,,0.0,batch_016.txt,185,train
batch_016:186,batch_016,0,,0.0,batch_016.txt,186,validation
batch_016:187,batch_016,0,,0.0,batch_016.txt,187,test
batch_016:188,batch_016,0,,0.0,batch_016.txt,188,test
batch_016:189,batch_016,1,P41_01,2.0,batch_016.txt,189,train
batch_016:190,batch_016,0,,0.0,batch_016.txt,190,train
batch_016:191,batch_016,1,P41_05,17.0,batch_016.txt,191,validation
batch_016:192,batch_016,1,P41_01,2.0,batch_016.txt,192,train
batch_016:193,batch_016,1,P41_05,17.0,batch_016.txt,193,train
batch_016:194,batch_016,1,P41_06_notch,6.0,batch_016.txt,194,test
batch_016:195,batch_016,0,,0.0,batch_016.txt,195,train
batch_016:196,batch_016,1,P41_01,2.0,batch_016.txt,196,test
batch_016:197,batch_016,0,,0.0,batch_016.txt,197,train
batch_016:198,batch_016,1,P41_01,2.0,batch_016.txt,198,train
batch_016:199,batch_016,0,,0.0,batch_016.txt,199,validation
batch_016:200,batch_016,0,,0.0,batch_016.txt,200,train
batch_016:201,batch_016,1,P41_01,2.0,batch_016.txt,201,train
batch_016:202,batch_016,0,,0.0,batch_016.txt,202,train
batch_016:203,batch_016,1,P41_03,26.0,batch_016.txt,203,validation
batch_016:204,batch_016,0,,0.0,batch_016.txt,204,train
batch_016:205,batch_016,0,,0.0,batch_016.txt,205,train
batch_016:206,batch_016,1,P41_01,2.0,batch_016.txt,206,train
batch_016:207,batch_016,1,P41_01,2.0,batch_016.txt,207,validation
batch_016:208,batch_016,1,P41_02,3.0,batch_016.txt,208,test
batch_016:209,batch_016,0,,0.0,batch_016.txt,209,train
batch_016:210,batch_016,1,P41_03,26.0,batch_016.txt,210,train
batch_016:211,batch_016,0,,0.0,batch_016.txt,211,train
batch_016:212,batch_016,0,,0.0,batch_016.txt,212,train
batch_016:213,batch_016,1,P41_06_notch,6.0,batch_016.txt,213,train
batch_016:214,batch_016,0,,0.0,batch_016.txt,214,train
batch_016:215,batch_016,1,P41_05,17.0,batch_016.txt,215,train
batch_016:216,batch_016,1,P41_06_notch,6.0,batch_016.txt,216,train
batch_016:217,batch_016,1,P41_03,26.0,batch_016.txt,217,validation
batch_016:218,batch_016,0,,0.0,batch_016.txt,218,validation
batch_016:219,batch_016,0,,0.0,batch_016.txt,219,train
batch_016:220,batch_016,1,P41_04,6.0,batch_016.txt,220,train
batch_016:221,batch_016,1,P41_03,26.0,batch_016.txt,221,train
batch_016:222,batch_016,0,,0.0,batch_016.txt,222,train
batch_016:223,batch_016,1,P41_06_notch,6.0,batch_016.txt,223,train
batch_016:224,batch_016,1,P41_03,26.0,batch_016.txt,224,train
batch_016:225,batch_016,0,,0.0,batch_016.txt,225,train
batch_016:226,batch_016,1,P41_06_notch,6.0,batch_016.txt,226,train
batch_016:227,batch_016,1,P41_01,2.0,batch_016.txt,227,train
batch_016:228,batch_016,0,,0.0,batch_016.txt,228,train
batch_016:229,batch_016,1,P41_05,17.0,batch_016.txt,229,validation
batch_016:230,batch_016,1,P41_02,3.0,batch_016.txt,230,train
batch_016:231,batch_016,0,,0.0,batch_016.txt,231,test
batch_016:232,batch_016,0,,0.0,batch_016.txt,232,validation
batch_016:233,batch_016,1,P41_03,26.0,batch_016.txt,233,train
batch_016:234,batch_016,1,P41_01,2.0,batch_016.txt,234,validation
batch_016:235,batch_016,0,,0.0,batch_016.txt,235,train
batch_016:236,batch_016,1,P41_06_notch,6.0,batch_016.txt,236,test
batch_016:237,batch_016,0,,0.0,batch_016.txt,237,train
batch_016:238,batch_016,0,,0.0,batch_016.txt,238,train
batch_016:239,batch_016,0,,0.0,batch_016.txt,239,train
batch_016:240,batch_016,0,,0.0,batch_016.txt,240,test
batch_016:241,batch_016,0,,0.0,batch_016.txt,241,train
batch_016:242,batch_016,0,,0.0,batch_016.txt,242,train
batch_016:243,batch_016,1,P41_03,26.0,batch_016.txt,243,validation
batch_016:244,batch_016,1,P41_02,3.0,batch_016.txt,244,train
batch_016:245,batch_016,0,,0.0,batch_016.txt,245,test
batch_016:246,batch_016,0,,0.0,batch_016.txt,246,test
batch_016:247,batch_016,1,P41_05,17.0,batch_016.txt,247,train
batch_016:248,batch_016,0,,0.0,batch_016.txt,248,train
batch_016:249,batch_016,0,,0.0,batch_016.txt,249,train
batch_016:250,batch_016,1,P41_02,3.0,batch_016.txt,250,train
batch_016:251,batch_016,0,,0.0,batch_016.txt,251,train
batch_016:252,batch_016,0,,0.0,batch_016.txt,252,validation
batch_016:253,batch_016,1,P41_04,6.0,batch_016.txt,253,train
batch_016:254,batch_016,0,,0.0,batch_016.txt,254,train
batch_016:255,batch_016,1,P41_03,26.0,batch_016.txt,255,train
batch_016:256,batch_016,0,,0.0,batch_016.txt,256,train
batch_016:257,batch_016,0,,0.0,batch_016.txt,257,train
batch_016:258,batch_016,1,P41_01,2.0,batch_016.txt,258,test
batch_016:259,batch_016,1,P41_04,6.0,batch_016.txt,259,train
batch_016:260,batch_016,0,,0.0,batch_016.txt,260,test
batch_016:261,batch_016,0,,0.0,batch_016.txt,261,validation
batch_016:262,batch_016,1,P41_04,6.0,batch_016.txt,262,train
batch_016:263,batch_016,1,P41_05,17.0,batch_016.txt,263,train
batch_016:264,batch_016,0,,0.0,batch_016.txt,264,train
batch_016:265,batch_016,0,,0.0,batch_016.txt,265,validation
batch_016:266,batch_016,1,P41_01,2.0,batch_016.txt,266,train
batch_016:267,batch_016,1,P41_02,3.0,batch_016.txt,267,train
batch_016:268,batch_016,1,P41_01,2.0,batch_016.txt,268,train
batch_016:269,batch_016,1,P41_06_notch,6.0,batch_016.txt,269,train
batch_016:270,batch_016,1,P41_02,3.0,batch_016.txt,270,test
batch_016:271,batch_016,0,,0.0,batch_016.txt,271,validation
batch_016:272,batch_016,0,,0.0,batch_016.txt,272,train
batch_016:273,batch_016,0,,0.0,batch_016.txt,273,train
batch_016:274,batch_016,1,P41_03,26.0,batch_016.txt,274,train
batch_016:275,batch_016,1,P41_04,6.0,batch_016.txt,275,train
batch_016:276,batch_016,1,P41_06_notch,6.0,batch_016.txt,276,train
batch_016:277,batch_016,0,,0.0,batch_016.txt,277,train
batch_016:278,batch_016,0,,0.0,batch_016.txt,278,validation
batch_016:279,batch_016,1,P41_05,17.0,batch_016.txt,279,train
batch_016:280,batch_016,1,P41_04,6.0,batch_016.txt,280,train
batch_016:281,batch_016,1,P41_03,26.0,batch_016.txt,281,validation
batch_016:282,batch_016,1,P41_02,3.0,batch_016.txt,282,train
batch_016:283,batch_016,1,P41_04,6.0,batch_016.txt,283,train
batch_016:284,batch_016,0,,0.0,batch_016.txt,284,test
batch_016:285,batch_016,1,P41_02,3.0,batch_016.txt,285,train
batch_016:286,batch_016,0,,0.0,batch_016.txt,286,train
batch_016:287,batch_016,0,,0.0,batch_016.txt,287,validation
batch_016:288,batch_016,0,,0.0,batch_016.txt,288,train
batch_016:289,batch_016,1,P41_04,6.0,batch_016.txt,289,train
batch_016:290,batch_016,1,P41_06_notch,6.0,batch_016.txt,290,test
batch_016:291,batch_016,0,,0.0,batch_016.txt,291,test
batch_016:292,batch_016,1,P41_02,3.0,batch_016.txt,292,train
batch_016:293,batch_016,1,P41_04,6.0,batch_016.txt,293,test
batch_016:294,batch_016,1,P41_02,3.0,batch_016.txt,294,train
batch_016:295,batch_016,0,,0.0,batch_016.txt,295,validation
batch_016:296,batch_016,0,,0.0,batch_016.txt,296,train
batch_016:297,batch_016,1,P41_05,17.0,batch_016.txt,297,train
batch_016:298,batch_016,1,P41_02,3.0,batch_016.txt,298,test
batch_016:299,batch_016,1,P41_04,6.0,batch_016.txt,299,train
batch_016:300,batch_016,0,,0.0,batch_016.txt,300,validation
batch_016:301,batch_016,0,,0.0,batch_016.txt,301,train
batch_016:302,batch_016,0,,0.0,batch_016.txt,302,train
batch_016:303,batch_016,0,,0.0,batch_016.txt,303,train
batch_016:304,batch_016,1,P41_01,2.0,batch_016.txt,304,train
batch_016:305,batch_016,1,P41_05,17.0,batch_016.txt,305,validation
batch_016:306,batch_016,1,P41_01,2.0,batch_016.txt,306,test
batch_016:307,batch_016,0,,0.0,batch_016.txt,307,test
batch_016:308,batch_016,0,,0.0,batch_016.txt,308,test
batch_016:309,batch_016,1,P41_05,17.0,batch_016.txt,309,validation
batch_016:310,batch_016,0,,0.0,batch_016.txt,310,train
batch_016:311,batch_016,0,,0.0,batch_016.txt,311,train
batch_016:312,batch_016,0,,0.0,batch_016.txt,312,test
batch_016:313,batch_016,0,,0.0,batch_016.txt,313,train
batch_016:314,batch_016,0,,0.0,batch_016.txt,314,train
batch_016:315,batch_016,1,P41_03,26.0,batch_016.txt,315,train
batch_016:316,batch_016,1,P41_05,17.0,batch_016.txt,316,test
batch_016:317,batch_016,0,,0.0,batch_016.txt,317,train
batch_016:318,batch_016,1,P41_02,3.0,batch_016.txt,318,validation
batch_016:319,batch_016,1,P41_01,2.0,batch_016.txt,319,train
batch_016:320,batch_016,1,P41_03,26.0,batch_016.txt,320,train
batch_016:321,batch_016,1,P41_06_notch,6.0,batch_016.txt,321,train
batch_016:322,batch_016,1,P41_02,3.0,batch_016.txt,322,validation
batch_016:323,batch_016,0,,0.0,batch_016.txt,323,validation
batch_016:324,batch_016,0,,0.0,batch_016.txt,324,train
batch_016:325,batch_016,1,P41_02,3.0,batch_016.txt,325,train
batch_016:326,batch_016,1,P41_03,26.0,batch_016.txt,326,train
batch_016:327,batch_016,1,P41_03,26.0,batch_016.txt,327,validation
batch_016:328,batch_016,0,,0.0,batch_016.txt,328,validation
batch_016:329,batch_016,1,P41_02,3.0,batch_016.txt,329,train
batch_016:330,batch_016,0,,0.0,batch_016.txt,330,validation
batch_016:331,batch_016,0,,0.0,batch_016.txt,331,train
batch_016:332,batch_016,0,,0.0,batch_016.txt,332,train
batch_016:333,batch_016,1,P41_03,26.0,batch_016.txt,333,train
batch_016:334,batch_016,0,,0.0,batch_016.txt,334,train
batch_016:335,batch_016,0,,0.0,batch_016.txt,335,train
batch_016:336,batch_016,1,P41_03,26.0,batch_016.txt,336,train
batch_016:337,batch_016,1,P41_03,26.0,batch_016.txt,337,train
batch_016:338,batch_016,1,P41_02,3.0,batch_016.txt,338,train
batch_016:339,batch_016,1,P41_03,26.0,batch_016.txt,339,train
batch_016:340,batch_016,1,P41_06_notch,6.0,batch_016.txt,340,train
batch_016:341,batch_016,1,P41_06_notch,6.0,batch_016.txt,341,test
batch_016:342,batch_016,0,,0.0,batch_016.txt,342,validation
batch_016:343,batch_016,1,P41_04,6.0,batch_016.txt,343,train
batch_016:344,batch_016,0,,0.0,batch_016.txt,344,train
batch_016:345,batch_016,0,,0.0,batch_016.txt,345,train
batch_016:346,batch_016,1,P41_06_notch,6.0,batch_016.txt,346,train
batch_016:347,batch_016,1,P41_03,26.0,batch_016.txt,347,train
batch_016:348,batch_016,1,P41_01,2.0,batch_016.txt,348,validation
batch_016:349,batch_016,0,,0.0,batch_016.txt,349,validation
batch_016:350,batch_016,1,P41_05,17.0,batch_016.txt,350,train
batch_016:351,batch_016,0,,0.0,batch_016.txt,351,train
batch_016:352,batch_016,0,,0.0,batch_016.txt,352,train
batch_016:353,batch_016,0,,0.0,batch_016.txt,353,test
batch_016:354,batch_016,0,,0.0,batch_016.txt,354,train
batch_016:355,batch_016,0,,0.0,batch_016.txt,355,train
batch_016:356,batch_016,1,P41_05,17.0,batch_016.txt,356,train
batch_016:357,batch_016,1,P41_01,2.0,batch_016.txt,357,validation
batch_016:358,batch_016,1,P41_02,3.0,batch_016.txt,358,train
batch_016:359,batch_016,1,P41_06_notch,6.0,batch_016.txt,359,test
batch_016:360,batch_016,0,,0.0,batch_016.txt,360,train
batch_016:361,batch_016,1,P41_04,6.0,batch_016.txt,361,train
batch_016:362,batch_016,0,,0.0,batch_016.txt,362,validation
batch_016:363,batch_016,0,,0.0,batch_016.txt,363,validation
batch_016:364,batch_016,1,P41_04,6.0,batch_016.txt,364,train
batch_016:365,batch_016,1,P41_04,6.0,batch_016.txt,365,test
batch_016:366,batch_016,0,,0.0,batch_016.txt,366,train
batch_016:367,batch_016,0,,0.0,batch_016.txt,367,validation
batch_016:368,batch_016,1,P41_06_notch,6.0,batch_016.txt,368,train
batch_016:369,batch_016,1,P41_03,26.0,batch_016.txt,369,train
batch_016:370,batch_016,0,,0.0,batch_016.txt,370,train
batch_016:371,batch_016,0,,0.0,batch_016.txt,371,train
batch_016:372,batch_016,1,P41_01,2.0,batch_016.txt,372,train
batch_016:373,batch_016,0,,0.0,batch_016.txt,373,train
batch_016:374,batch_016,0,,0.0,batch_016.txt,374,validation
batch_016:375,batch_016,0,,0.0,batch_016.txt,375,train
batch_016:376,batch_016,1,P41_01,2.0,batch_016.txt,376,train
batch_016:377,batch_016,0,,0.0,batch_016.txt,377,train
batch_016:378,batch_016,0,,0.0,batch_016.txt,378,validation
batch_016:379,batch_016,1,P41_06_notch,6.0,batch_016.txt,379,train
batch_016:380,batch_016,1,P41_05,17.0,batch_016.txt,380,train
batch_016:381,batch_016,0,,0.0,batch_016.txt,381,validation
batch_016:382,batch_016,0,,0.0,batch_016.txt,382,train
batch_016:383,batch_016,1,P41_06_notch,6.0,batch_016.txt,383,train
batch_016:384,batch_016,1,P41_04,6.0,batch_016.txt,384,test
batch_016:385,batch_016,0,,0.0,batch_016.txt,385,validation
batch_016:386,batch_016,1,P41_06_notch,6.0,batch_016.txt,386,train
batch_016:387,batch_016,0,,0.0,batch_016.txt,387,train
batch_016:388,batch_016,1,P41_03,26.0,batch_016.txt,388,train
batch_016:389,batch_016,1,P41_05,17.0,batch_016.txt,389,test
batch_016:390,batch_016,1,P41_01,2.0,batch_016.txt,390,train
batch_016:391,batch_016,1,P41_05,17.0,batch_016.txt,391,validation
batch_016:392,batch_016,1,P41_01,2.0,batch_016.txt,392,train
batch_016:393,batch_016,0,,0.0,batch_016.txt,393,train
batch_016:394,batch_016,0,,0.0,batch_016.txt,394,train
batch_016:395,batch_016,0,,0.0,batch_016.txt,395,train
batch_016:396,batch_016,0,,0.0,batch_016.txt,396,train
batch_016:397,batch_016,1,P41_06_notch,6.0,batch_016.txt,397,train
batch_016:398,batch_016,0,,0.0,batch_016.txt,398,test
batch_016:399,batch_016,0,,0.0,batch_016.txt,399,train
batch_016:400,batch_016,1,P41_06_notch,6.0,batch_016.txt,400,train
batch_016:401,batch_016,0,,0.0,batch_016.txt,401,train
batch_016:402,batch_016,0,,0.0,batch_016.txt,402,train
batch_016:403,batch_016,0,,0.0,batch_016.txt,403,test
batch_016:404,batch_016,1,P41_04,6.0,batch_016.txt,404,train
batch_016:405,batch_016,1,P41_05,17.0,batch_016.txt,405,test
batch_016:406,batch_016,0,,0.0,batch_016.txt,406,validation
batch_016:407,batch_016,0,,0.0,batch_016.txt,407,train
batch_016:408,batch_016,1,P41_04,6.0,batch_016.txt,408,train
batch_016:409,batch_016,1,P41_02,3.0,batch_016.txt,409,train
batch_016:410,batch_016,1,P41_05,17.0,batch_016.txt,410,validation
batch_016:411,batch_016,0,,0.0,batch_016.txt,411,train
batch_016:412,batch_016,1,P41_06_notch,6.0,batch_016.txt,412,train
batch_016:413,batch_016,1,P41_05,17.0,batch_016.txt,413,train
batch_016:414,batch_016,0,,0.0,batch_016.txt,414,train
batch_016:415,batch_016,0,,0.0,batch_016.txt,415,validation
batch_016:416,batch_016,0,,0.0,batch_016.txt,416,train
batch_016:417,batch_016,0,,0.0,batch_016.txt,417,test
batch_016:418,batch_016,0,,0.0,batch_016.txt,418,train
batch_016:419,batch_016,1,P41_03,26.0,batch_016.txt,419,train
batch_016:420,batch_016,1,P41_05,17.0,batch_016.txt,420,train
batch_016:421,batch_016,1,P41_06_notch,6.0,batch_016.txt,421,train
batch_016:422,batch_016,1,P41_02,3.0,batch_016.txt,422,train
batch_016:423,batch_016,0,,0.0,batch_016.txt,423,test
batch_016:424,batch_016,1,P41_03,26.0,batch_016.txt,424,train
batch_016:425,batch_016,0,,0.0,batch_016.txt,425,train
batch_016:426,batch_016,0,,0.0,batch_016.txt,426,test
batch_016:427,batch_016,1,P41_03,26.0,batch_016.txt,427,train
batch_016:428,batch_016,1,P41_02,3.0,batch_016.txt,428,train
batch_016:429,batch_016,0,,0.0,batch_016.txt,429,train
batch_016:430,batch_016,0,,0.0,batch_016.txt,430,train
batch_016:431,batch_016,1,P41_01,2.0,batch_016.txt,431,train
batch_016:432,batch_016,1,P41_06_notch,6.0,batch_016.txt,432,train
batch_016:433,batch_016,1,P41_03,26.0,batch_016.txt,433,train
batch_016:434,batch_016,0,,0.0,batch_016.txt,434,validation
batch_016:435,batch_016,0,,0.0,batch_016.txt,435,test
batch_016:436,batch_016,1,P41_06_notch,6.0,batch_016.txt,436,train
batch_016:437,batch_016,0,,0.0,batch_016.txt,437,train
batch_016:438,batch_016,1,P41_02,3.0,batch_016.txt,438,train
batch_016:439,batch_016,0,,0.0,batch_016.txt,439,train
batch_016:440,batch_016,0,,0.0,batch_016.txt,440,test
batch_016:441,batch_016,1,P41_02,3.0,batch_016.txt,441,test
batch_016:442,batch_016,1,P41_04,6.0,batch_016.txt,442,train
batch_016:443,batch_016,1,P41_05,17.0,batch_016.txt,443,train
batch_016:444,batch_016,0,,0.0,batch_016.txt,444,validation
batch_016:445,batch_016,1,P41_05,17.0,batch_016.txt,445,train
batch_016:446,batch_016,1,P41_06_notch,6.0,batch_016.txt,446,train
batch_016:447,batch_016,1,P41_01,2.0,batch_016.txt,447,train
batch_016:448,batch_016,1,P41_04,6.0,batch_016.txt,448,train
batch_016:449,batch_016,0,,0.0,batch_016.txt,449,train
batch_016:450,batch_016,1,P41_03,26.0,batch_016.txt,450,train
batch_016:451,batch_016,0,,0.0,batch_016.txt,451,train
batch_016:452,batch_016,0,,0.0,batch_016.txt,452,test
batch_016:453,batch_016,1,P41_05,17.0,batch_016.txt,453,train
batch_016:454,batch_016,1,P41_06_notch,6.0,batch_016.txt,454,train
batch_016:455,batch_016,0,,0.0,batch_016.txt,455,train
batch_016:456,batch_016,1,P41_01,2.0,batch_016.txt,456,train
batch_016:457,batch_016,0,,0.0,batch_016.txt,457,train
batch_016:458,batch_016,0,,0.0,batch_016.txt,458,train
batch_016:459,batch_016,1,P41_06_notch,6.0,batch_016.txt,459,train
batch_016:460,batch_016,0,,0.0,batch_016.txt,460,train
batch_016:461,batch_016,0,,0.0,batch_016.txt,461,train
batch_016:462,batch_016,1,P41_03,26.0,batch_016.txt,462,validation
batch_016:463,batch_016,1,P41_05,17.0,batch_016.txt,463,train
batch_016:464,batch_016,0,,0.0,batch_016.txt,464,validation
batch_016:465,batch_016,0,,0.0,batch_016.txt,465,train
batch_016:466,batch_016,0,,0.0,batch_016.txt,466,train
batch_016:467,batch_016,0,,0.0,batch_016.txt,467,train
batch_016:468,batch_016,0,,0.0,batch_016.txt,468,train
batch_016:469,batch_016,1,P41_01,2.0,batch_016.txt,469,train
batch_016:470,batch_016,1,P41_06_notch,6.0,batch_016.txt,470,train
batch_016:471,batch_016,1,P41_01,2.0,batch_016.txt,471,train
batch_016:472,batch_016,1,P41_02,3.0,batch_016.txt,472,train
batch_016:473,batch_016,1,P41_06_notch,6.0,batch_016.txt,473,train
batch_016:474,batch_016,1,P41_04,6.0,batch_016.txt,474,train
batch_016:475,batch_016,0,,0.0,batch_016.txt,475,train
batch_016:476,batch_016,1,P41_06_notch,6.0,batch_016.txt,476,validation
batch_016:477,batch_016,1,P41_05,17.0,batch_016.txt,477,train
batch_016:478,batch_016,1,P41_06_notch,6.0,batch_016.txt,478,train
batch_016:479,batch_016,1,P41_02,3.0,batch_016.txt,479,validation
batch_016:480,batch_016,1,P41_01,2.0,batch_016.txt,480,train
batch_016:481,batch_016,0,,0.0,batch_016.txt,481,validation
batch_016:482,batch_016,0,,0.0,batch_016.txt,482,train
batch_016:483,batch_016,1,P41_03,26.0,batch_016.txt,483,train
batch_016:484,batch_016,1,P41_06_notch,6.0,batch_016.txt,484,train
batch_016:485,batch_016,1,P41_01,2.0,batch_016.txt,485,validation
batch_016:486,batch_016,1,P41_05,17.0,batch_016.txt,486,train
batch_016:487,batch_016,1,P41_06_notch,6.0,batch_016.txt,487,test
batch_016:488,batch_016,1,P41_06_notch,6.0,batch_016.txt,488,train
batch_016:489,batch_016,1,P41_03,26.0,batch_016.txt,489,validation
batch_016:490,batch_016,1,P41_02,3.0,batch_016.txt,490,train
batch_016:491,batch_016,0,,0.0,batch_016.txt,491,train
batch_016:492,batch_016,0,,0.0,batch_016.txt,492,validation
batch_016:493,batch_016,0,,0.0,batch_016.txt,493,train
batch_016:494,batch_016,1,P41_03,26.0,batch_016.txt,494,train
batch_016:495,batch_016,0,,0.0,batch_016.txt,495,train
batch_016:496,batch_016,0,,0.0,batch_016.txt,496,train
batch_016:497,batch_016,0,,0.0,batch_016.txt,497,train
batch_016:498,batch_016,0,,0.0,batch_016.txt,498,train
batch_016:499,batch_016,1,P41_06_notch,6.0,batch_016.txt,499,train
batch_016:500,batch_016,1,P41_02,3.0,batch_016.txt,500,test
batch_016:501,batch_016,0,,0.0,batch_016.txt,501,train
batch_016:502,batch_016,1,P41_04,6.0,batch_016.txt,502,test
batch_016:503,batch_016,1,P41_06_notch,6.0,batch_016.txt,503,validation
batch_016:504,batch_016,0,,0.0,batch_016.txt,504,train
batch_016:505,batch_016,1,P41_05,17.0,batch_016.txt,505,test
batch_016:506,batch_016,0,,0.0,batch_016.txt,506,test
batch_016:507,batch_016,0,,0.0,batch_016.txt,507,train
batch_016:508,batch_016,0,,0.0,batch_016.txt,508,train
batch_016:509,batch_016,1,P41_06_notch,6.0,batch_016.txt,509,validation
batch_016:510,batch_016,0,,0.0,batch_016.txt,510,validation
batch_016:511,batch_016,0,,0.0,batch_016.txt,511,train
batch_016:512,batch_016,0,,0.0,batch_016.txt,512,train
batch_016:513,batch_016,1,P41_01,2.0,batch_016.txt,513,test
batch_016:514,batch_016,1,P41_03,26.0,batch_016.txt,514,train
batch_016:515,batch_016,1,P41_01,2.0,batch_016.txt,515,train
batch_016:516,batch_016,1,P41_06_notch,6.0,batch_016.txt,516,train
batch_016:517,batch_016,1,P41_01,2.0,batch_016.txt,517,train
batch_016:518,batch_016,1,P41_01,2.0,batch_016.txt,518,test
batch_016:519,batch_016,0,,0.0,batch_016.txt,519,train
batch_016:520,batch_016,0,,0.0,batch_016.txt,520,train
batch_016:521,batch_016,0,,0.0,batch_016.txt,521,validation
batch_016:522,batch_016,1,P41_01,2.0,batch_016.txt,522,train
batch_016:523,batch_016,1,P41_04,6.0,batch_016.txt,523,train
batch_016:524,batch_016,0,,0.0,batch_016.txt,524,train
batch_016:525,batch_016,1,P41_01,2.0,batch_016.txt,525,validation
batch_016:526,batch_016,0,,0.0,batch_016.txt,526,train
batch_016:527,batch_016,1,P41_06_notch,6.0,batch_016.txt,527,test
batch_016:528,batch_016,0,,0.0,batch_016.txt,528,train
batch_016:529,batch_016,1,P41_02,3.0,batch_016.txt,529,train
batch_016:530,batch_016,1,P41_01,2.0,batch_016.txt,530,train
batch_016:531,batch_016,1,P41_06_notch,6.0,batch_016.txt,531,train
batch_016:532,batch_016,1,P41_04,6.0,batch_016.txt,532,train
batch_016:533,batch_016,1,P41_04,6.0,batch_016.txt,533,validation
batch_016:534,batch_016,1,P41_04,6.0,batch_016.txt,534,train
batch_016:535,batch_016,1,P41_04,6.0,batch_016.txt,535,validation
batch_016:536,batch_016,1,P41_03,26.0,batch_016.txt,536,train
batch_016:537,batch_016,0,,0.0,batch_016.txt,537,train
batch_016:538,batch_016,0,,0.0,batch_016.txt,538,train
batch_016:539,batch_016,0,,0.0,batch_016.txt,539,train
batch_016:540,batch_016,1,P41_02,3.0,batch_016.txt,540,validation
batch_016:541,batch_016,0,,0.0,batch_016.txt,541,train
batch_016:542,batch_016,0,,0.0,batch_016.txt,542,validation
batch_016:543,batch_016,0,,0.0,batch_016.txt,543,validation
batch_016:544,batch_016,1,P41_02,3.0,batch_016.txt,544,validation
batch_016:545,batch_016,1,P41_06_notch,6.0,batch_016.txt,545,train
batch_016:546,batch_016,0,,0.0,batch_016.txt,546,train
batch_016:547,batch_016,0,,0.0,batch_016.txt,547,test
batch_016:548,batch_016,1,P41_06_notch,6.0,batch_016.txt,548,train
batch_016:549,batch_016,1,P41_01,2.0,batch_016.txt,549,train
batch_016:550,batch_016,1,P41_01,2.0,batch_016.txt,550,train
batch_016:551,batch_016,0,,0.0,batch_016.txt,551,train
batch_016:552,batch_016,0,,0.0,batch_016.txt,552,train
batch_016:553,batch_016,0,,0.0,batch_016.txt,553,train
batch_016:554,batch_016,0,,0.0,batch_016.txt,554,train
batch_016:555,batch_016,0,,0.0,batch_016.txt,555,train
batch_016:556,batch_016,1,P41_03,26.0,batch_016.txt,556,train
batch_016:557,batch_016,1,P41_04,6.0,batch_016.txt,557,train
batch_016:558,batch_016,1,P41_06_notch,6.0,batch_016.txt,558,train
batch_016:559,batch_016,0,,0.0,batch_016.txt,559,train
batch_016:560,batch_016,1,P41_05,17.0,batch_016.txt,560,validation
batch_016:561,batch_016,1,P41_02,3.0,batch_016.txt,561,train
batch_016:562,batch_016,0,,0.0,batch_016.txt,562,train
batch_016:563,batch_016,0,,0.0,batch_016.txt,563,train
batch_016:564,batch_016,1,P41_06_notch,6.0,batch_016.txt,564,train
batch_016:565,batch_016,0,,0.0,batch_016.txt,565,train
batch_016:566,batch_016,0,,0.0,batch_016.txt,566,train
batch_016:567,batch_016,1,P41_05,17.0,batch_016.txt,567,train
batch_016:568,batch_016,1,P41_01,2.0,batch_016.txt,568,train
batch_016:569,batch_016,0,,0.0,batch_016.txt,569,validation
batch_016:570,batch_016,0,,0.0,batch_016.txt,570,validation
batch_016:571,batch_016,0,,0.0,batch_016.txt,571,train
batch_016:572,batch_016,1,P41_04,6.0,batch_016.txt,572,train
batch_016:573,batch_016,1,P41_04,6.0,batch_016.txt,573,train
batch_016:574,batch_016,1,P41_02,3.0,batch_016.txt,574,train
batch_016:575,batch_016,1,P41_02,3.0,batch_016.txt,575,train
batch_016:576,batch_016,1,P41_03,26.0,batch_016.txt,576,train
batch_016:577,batch_016,0,,0.0,batch_016.txt,577,test
batch_016:578,batch_016,1,P41_04,6.0,batch_016.txt,578,train
batch_016:579,batch_016,0,,0.0,batch_016.txt,579,train
batch_016:580,batch_016,1,P41_01,2.0,batch_016.txt,580,test
batch_016:581,batch_016,1,P41_02,3.0,batch_016.txt,581,train
batch_016:582,batch_016,1,P41_01,2.0,batch_016.txt,582,train
batch_016:583,batch_016,1,P41_06_notch,6.0,batch_016.txt,583,train
batch_016:584,batch_016,1,P41_06_notch,6.0,batch_016.txt,584,train
batch_016:585,batch_016,0,,0.0,batch_016.txt,585,train
batch_016:586,batch_016,1,P41_02,3.0,batch_016.txt,586,train
batch_016:587,batch_016,0,,0.0,batch_016.txt,587,validation
batch_016:588,batch_016,1,P41_02,3.0,batch_016.txt,588,train
batch_016:589,batch_016,1,P41_02,3.0,batch_016.txt,589,train
batch_016:590,batch_016,1,P41_06_notch,6.0,batch_016.txt,590,train
batch_016:591,batch_016,1,P41_06_notch,6.0,batch_016.txt,591,train
batch_016:592,batch_016,0,,0.0,batch_016.txt,592,train
batch_016:593,batch_016,0,,0.0,batch_016.txt,593,train
batch_016:594,batch_016,0,,0.0,batch_016.txt,594,validation
batch_016:595,batch_016,0,,0.0,batch_016.txt,595,train
batch_016:596,batch_016,0,,0.0,batch_016.txt,596,train
batch_016:597,batch_016,0,,0.0,batch_016.txt,597,test
batch_016:598,batch_016,1,P41_03,26.0,batch_016.txt,598,train
batch_016:599,batch_016,1,P41_05,17.0,batch_016.txt,599,test
batch_016:600,batch_016,1,P41_05,17.0,batch_016.txt,600,train
batch_016:601,batch_016,1,P41_06_notch,6.0,batch_016.txt,601,train
batch_016:602,batch_016,1,P41_02,3.0,batch_016.txt,602,train
batch_016:603,batch_016,1,P41_05,17.0,batch_016.txt,603,train
batch_016:604,batch_016,1,P41_03,26.0,batch_016.txt,604,train
batch_016:605,batch_016,1,P41_05,17.0,batch_016.txt,605,train
batch_016:606,batch_016,0,,0.0,batch_016.txt,606,train
batch_016:607,batch_016,1,P41_06_notch,6.0,batch_016.txt,607,test
batch_016:608,batch_016,0,,0.0,batch_016.txt,608,train
batch_016:609,batch_016,0,,0.0,batch_016.txt,609,test
batch_016:610,batch_016,0,,0.0,batch_016.txt,610,test
batch_016:611,batch_016,1,P41_04,6.0,batch_016.txt,611,train
batch_016:612,batch_016,0,,0.0,batch_016.txt,612,train
batch_016:613,batch_016,0,,0.0,batch_016.txt,613,train
batch_016:614,batch_016,1,P41_01,2.0,batch_016.txt,614,validation
batch_016:615,batch_016,1,P41_03,26.0,batch_016.txt,615,train
batch_016:616,batch_016,1,P41_05,17.0,batch_016.txt,616,train
batch_016:617,batch_016,1,P41_04,6.0,batch_016.txt,617,train
batch_016:618,batch_016,1,P41_02,3.0,batch_016.txt,618,train
batch_016:619,batch_016,1,P41_06_notch,6.0,batch_016.txt,619,train
batch_016:620,batch_016,0,,0.0,batch_016.txt,620,train
batch_016:621,batch_016,1,P41_06_notch,6.0,batch_016.txt,621,train
batch_016:622,batch_016,1,P41_02,3.0,batch_016.txt,622,test
batch_016:623,batch_016,1,P41_03,26.0,batch_016.txt,623,train
batch_016:624,batch_016,0,,0.0,batch_016.txt,624,train
batch_016:625,batch_016,1,P41_05,17.0,batch_016.txt,625,train
batch_016:626,batch_016,0,,0.0,batch_016.txt,626,train
batch_016:627,batch_016,0,,0.0,batch_016.txt,627,train
batch_016:628,batch_016,0,,0.0,batch_016.txt,628,validation
batch_016:629,batch_016,1,P41_05,17.0,batch_016.txt,629,validation
batch_016:630,batch_016,0,,0.0,batch_016.txt,630,validation
batch_016:631,batch_016,0,,0.0,batch_016.txt,631,train
batch_016:632,batch_016,0,,0.0,batch_016.txt,632,train
batch_016:633,batch_016,1,P41_05,17.0,batch_016.txt,633,train
batch_016:634,batch_016,1,P41_03,26.0,batch_016.txt,634,train
batch_016:635,batch_016,0,,0.0,batch_016.txt,635,train
batch_016:636,batch_016,1,P41_03,26.0,batch_016.txt,636,train
batch_016:637,batch_016,0,,0.0,batch_016.txt,637,train
batch_016:638,batch_016,1,P41_04,6.0,batch_016.txt,638,test
batch_016:639,batch_016,0,,0.0,batch_016.txt,639,train
batch_016:640,batch_016,0,,0.0,batch_016.txt,640,train
batch_016:641,batch_016,0,,0.0,batch_016.txt,641,train
batch_016:642,batch_016,1,P41_03,26.0,batch_016.txt,642,test
batch_016:643,batch_016,0,,0.0,batch_016.txt,643,test
batch_016:644,batch_016,1,P41_02,3.0,batch_016.txt,644,train
batch_016:645,batch_016,1,P41_05,17.0,batch_016.txt,645,train
batch_016:646,batch_016,0,,0.0,batch_016.txt,646,train
batch_016:647,batch_016,1,P41_02,3.0,batch_016.txt,647,train
batch_016:648,batch_016,0,,0.0,batch_016.txt,648,train
batch_016:649,batch_016,0,,0.0,batch_016.txt,649,train
batch_016:650,batch_016,1,P41_05,17.0,batch_016.txt,650,train
batch_016:651,batch_016,0,,0.0,batch_016.txt,651,train
batch_016:652,batch_016,0,,0.0,batch_016.txt,652,test
batch_016:653,batch_016,0,,0.0,batch_016.txt,653,train
batch_016:654,batch_016,0,,0.0,batch_016.txt,654,train
batch_016:655,batch_016,0,,0.0,batch_016.txt,655,test
batch_016:656,batch_016,1,P41_02,3.0,batch_016.txt,656,test
batch_016:657,batch_016,0,,0.0,batch_016.txt,657,train
batch_016:658,batch_016,0,,0.0,batch_016.txt,658,train
batch_016:659,batch_016,0,,0.0,batch_016.txt,659,test
batch_016:660,batch_016,1,P41_06_notch,6.0,batch_016.txt,660,train
batch_016:661,batch_016,0,,0.0,batch_016.txt,661,train
batch_016:662,batch_016,1,P41_04,6.0,batch_016.txt,662,train
batch_016:663,batch_016,1,P41_06_notch,6.0,batch_016.txt,663,train
batch_016:664,batch_016,1,P41_06_notch,6.0,batch_016.txt,664,train
batch_016:665,batch_016,0,,0.0,batch_016.txt,665,train
batch_016:666,batch_016,0,,0.0,batch_016.txt,666,train
batch_016:667,batch_016,0,,0.0,batch_016.txt,667,train
batch_016:668,batch_016,0,,0.0,batch_016.txt,668,train
batch_016:669,batch_016,0,,0.0,batch_016.txt,669,test
batch_016:670,batch_016,1,P41_04,6.0,batch_016.txt,670,train
batch_016:671,batch_016,0,,0.0,batch_016.txt,671,validation
batch_016:672,batch_016,0,,0.0,batch_016.txt,672,train
batch_016:673,batch_016,1,P41_02,3.0,batch_016.txt,673,train
batch_016:674,batch_016,0,,0.0,batch_016.txt,674,test
batch_016:675,batch_016,0,,0.0,batch_016.txt,675,validation
batch_016:676,batch_016,1,P41_03,26.0,batch_016.txt,676,train
batch_016:677,batch_016,0,,0.0,batch_016.txt,677,validation
batch_016:678,batch_016,1,P41_02,3.0,batch_016.txt,678,train
batch_016:679,batch_016,0,,0.0,batch_016.txt,679,train
batch_016:680,batch_016,0,,0.0,batch_016.txt,680,train
batch_016:681,batch_016,0,,0.0,batch_016.txt,681,validation
batch_016:682,batch_016,1,P41_02,3.0,batch_016.txt,682,test
batch_016:683,batch_016,1,P41_02,3.0,batch_016.txt,683,train
batch_016:684,batch_016,1,P41_03,26.0,batch_016.txt,684,train
batch_016:685,batch_016,0,,0.0,batch_016.txt,685,train
batch_016:686,batch_016,1,P41_01,2.0,batch_016.txt,686,validation
batch_016:687,batch_016,0,,0.0,batch_016.txt,687,train
batch_016:688,batch_016,1,P41_05,17.0,batch_016.txt,688,train
batch_016:689,batch_016,0,,0.0,batch_016.txt,689,train
batch_016:690,batch_016,1,P41_06_notch,6.0,batch_016.txt,690,validation
batch_016:691,batch_016,0,,0.0,batch_016.txt,691,train
batch_016:692,batch_016,0,,0.0,batch_016.txt,692,train
batch_016:693,batch_016,0,,0.0,batch_016.txt,693,validation
batch_016:694,batch_016,1,P41_02,3.0,batch_016.txt,694,train
batch_016:695,batch_016,0,,0.0,batch_016.txt,695,validation
batch_016:696,batch_016,0,,0.0,batch_016.txt,696,validation
batch_016:697,batch_016,1,P41_04,6.0,batch_016.txt,697,validation
batch_016:698,batch_016,0,,0.0,batch_016.txt,698,train
batch_016:699,batch_016,1,P41_01,2.0,batch_016.txt,699,validation
batch_016:700,batch_016,0,,0.0,batch_016.txt,700,test
batch_016:701,batch_016,1,P41_04,6.0,batch_016.txt,701,train
batch_016:702,batch_016,0,,0.0,batch_016.txt,702,train
batch_016:703,batch_016,1,P41_03,26.0,batch_016.txt,703,train
batch_016:704,batch_016,0,,0.0,batch_016.txt,704,test
batch_016:705,batch_016,0,,0.0,batch_016.txt,705,train
batch_016:706,batch_016,1,P41_04,6.0,batch_016.txt,706,validation
batch_016:707,batch_016,1,P41_02,3.0,batch_016.txt,707,test
batch_016:708,batch_016,0,,0.0,batch_016.txt,708,train
batch_016:709,batch_016,1,P41_01,2.0,batch_016.txt,709,validation
batch_016:710,batch_016,0,,0.0,batch_016.txt,710,train
batch_016:711,batch_016,0,,0.0,batch_016.txt,711,train
batch_016:712,batch_016,0,,0.0,batch_016.txt,712,train
batch_016:713,batch_016,1,P41_06_notch,6.0,batch_016.txt,713,train
batch_016:714,batch_016,1,P41_02,3.0,batch_016.txt,714,train
batch_016:715,batch_016,1,P41_01,2.0,batch_016.txt,715,train
batch_016:716,batch_016,0,,0.0,batch_016.txt,716,train
batch_016:717,batch_016,0,,0.0,batch_016.txt,717,train
batch_016:718,batch_016,1,P41_06_notch,6.0,batch_016.txt,718,validation
batch_016:719,batch_016,1,P41_04,6.0,batch_016.txt,719,test
batch_016:720,batch_016,1,P41_06_notch,6.0,batch_016.txt,720,train
batch_016:721,batch_016,0,,0.0,batch_016.txt,721,train
batch_016:722,batch_016,0,,0.0,batch_016.txt,722,test
batch_016:723,batch_016,1,P41_04,6.0,batch_016.txt,723,train
batch_016:724,batch_016,1,P41_06_notch,6.0,batch_016.txt,724,train
batch_016:725,batch_016,0,,0.0,batch_016.txt,725,train
batch_016:726,batch_016,0,,0.0,batch_016.txt,726,train
batch_016:727,batch_016,0,,0.0,batch_016.txt,727,validation
batch_016:728,batch_016,1,P41_03,26.0,batch_016.txt,728,train
batch_016:729,batch_016,0,,0.0,batch_016.txt,729,test
batch_016:730,batch_016,1,P41_04,6.0,batch_016.txt,730,train
batch_016:731,batch_016,0,,0.0,batch_016.txt,731,train
batch_016:732,batch_016,0,,0.0,batch_016.txt,732,train
batch_016:733,batch_016,1,P41_06_notch,6.0,batch_016.txt,733,train
batch_016:734,batch_016,1,P41_04,6.0,batch_016.txt,734,train
batch_016:735,batch_016,1,P41_06_notch,6.0,batch_016.txt,735,train
batch_016:736,batch_016,0,,0.0,batch_016.txt,736,train
batch_016:737,batch_016,0,,0.0,batch_016.txt,737,train
batch_016:738,batch_016,0,,0.0,batch_016.txt,738,train
batch_016:739,batch_016,1,P41_02,3.0,batch_016.txt,739,train
batch_016:740,batch_016,0,,0.0,batch_016.txt,740,test
batch_016:741,batch_016,1,P41_05,17.0,batch_016.txt,741,train
batch_016:742,batch_016,1,P41_05,17.0,batch_016.txt,742,train
batch_016:743,batch_016,1,P41_02,3.0,batch_016.txt,743,train
batch_016:744,batch_016,0,,0.0,batch_016.txt,744,validation
batch_016:745,batch_016,0,,0.0,batch_016.txt,745,train
batch_016:746,batch_016,1,P41_04,6.0,batch_016.txt,746,train
batch_016:747,batch_016,1,P41_05,17.0,batch_016.txt,747,test
batch_016:748,batch_016,1,P41_01,2.0,batch_016.txt,748,validation
batch_016:749,batch_016,0,,0.0,batch_016.txt,749,train
batch_016:750,batch_016,0,,0.0,batch_016.txt,750,train
batch_016:751,batch_016,1,P41_02,3.0,batch_016.txt,751,validation
batch_016:752,batch_016,1,P41_02,3.0,batch_016.txt,752,train
batch_016:753,batch_016,1,P41_02,3.0,batch_016.txt,753,train
batch_016:754,batch_016,1,P41_04,6.0,batch_016.txt,754,test
batch_016:755,batch_016,0,,0.0,batch_016.txt,755,train
batch_016:756,batch_016,0,,0.0,batch_016.txt,756,train
batch_016:757,batch_016,1,P41_02,3.0,batch_016.txt,757,train
batch_016:758,batch_016,1,P41_03,26.0,batch_016.txt,758,validation
batch_016:759,batch_016,1,P41_05,17.0,batch_016.txt,759,train
batch_016:760,batch_016,1,P41_02,3.0,batch_016.txt,760,validation
batch_016:761,batch_016,1,P41_03,26.0,batch_016.txt,761,train
batch_016:762,batch_016,0,,0.0,batch_016.txt,762,train
batch_016:763,batch_016,1,P41_02,3.0,batch_016.txt,763,train
batch_016:764,batch_016,1,P41_01,2.0,batch_016.txt,764,train
batch_016:765,batch_016,0,,0.0,batch_016.txt,765,validation
batch_016:766,batch_016,1,P41_04,6.0,batch_016.txt,766,train
batch_016:767,batch_016,1,P41_05,17.0,batch_016.txt,767,train
batch_016:768,batch_016,0,,0.0,batch_016.txt,768,train
batch_016:769,batch_016,0,,0.0,batch_016.txt,769,validation
batch_016:770,batch_016,0,,0.0,batch_016.txt,770,train
batch_016:771,batch_016,1,P41_06_notch,6.0,batch_016.txt,771,train
batch_016:772,batch_016,1,P41_04,6.0,batch_016.txt,772,train
batch_016:773,batch_016,0,,0.0,batch_016.txt,773,train
batch_016:774,batch_016,0,,0.0,batch_016.txt,774,train
batch_016:775,batch_016,1,P41_01,2.0,batch_016.txt,775,train
batch_016:776,batch_016,0,,0.0,batch_016.txt,776,train
batch_016:777,batch_016,0,,0.0,batch_016.txt,777,train
batch_016:778,batch_016,0,,0.0,batch_016.txt,778,train
batch_016:779,batch_016,1,P41_04,6.0,batch_016.txt,779,train
batch_016:780,batch_016,1,P41_02,3.0,batch_016.txt,780,train
batch_016:781,batch_016,0,,0.0,batch_016.txt,781,train
batch_016:782,batch_016,0,,0.0,batch_016.txt,782,test
batch_016:783,batch_016,1,P41_02,3.0,batch_016.txt,783,validation
batch_016:784,batch_016,0,,0.0,batch_016.txt,784,test
batch_016:785,batch_016,1,P41_04,6.0,batch_016.txt,785,validation
batch_016:786,batch_016,1,P41_01,2.0,batch_016.txt,786,validation
batch_016:787,batch_016,1,P41_05,17.0,batch_016.txt,787,train
batch_016:788,batch_016,0,,0.0,batch_016.txt,788,train
batch_016:789,batch_016,1,P41_03,26.0,batch_016.txt,789,test
batch_016:790,batch_016,1,P41_04,6.0,batch_016.txt,790,train
batch_016:791,batch_016,0,,0.0,batch_016.txt,791,test
batch_016:792,batch_016,0,,0.0,batch_016.txt,792,test
batch_016:793,batch_016,0,,0.0,batch_016.txt,793,validation
batch_016:794,batch_016,1,P41_02,3.0,batch_016.txt,794,train
batch_016:795,batch_016,0,,0.0,batch_016.txt,795,train
batch_016:796,batch_016,1,P41_05,17.0,batch_016.txt,796,train
batch_016:797,batch_016,1,P41_06_notch,6.0,batch_016.txt,797,train
batch_016:798,batch_016,1,P41_03,26.0,batch_016.txt,798,test
batch_016:799,batch_016,1,P41_01,2.0,batch_016.txt,799,train
batch_016:800,batch_016,1,P41_02,3.0,batch_016.txt,800,train
batch_016:801,batch_016,1,P41_05,17.0,batch_016.txt,801,train
batch_016:802,batch_016,0,,0.0,batch_016.txt,802,train
batch_016:803,batch_016,0,,0.0,batch_016.txt,803,train
batch_016:804,batch_016,0,,0.0,batch_016.txt,804,train
batch_016:805,batch_016,1,P41_06_notch,6.0,batch_016.txt,805,train
batch_016:806,batch_016,1,P41_03,26.0,batch_016.txt,806,train
batch_016:807,batch_016,1,P41_02,3.0,batch_016.txt,807,train
batch_016:808,batch_016,1,P41_01,2.0,batch_016.txt,808,train
batch_016:809,batch_016,1,P41_03,26.0,batch_016.txt,809,train
batch_016:810,batch_016,0,,0.0,batch_016.txt,810,validation
batch_016:811,batch_016,0,,0.0,batch_016.txt,811,train
batch_016:812,batch_016,1,P41_03,26.0,batch_016.txt,812,train
batch_016:813,batch_016,0,,0.0,batch_016.txt,813,train
batch_016:814,batch_016,1,P41_01,2.0,batch_016.txt,814,train
batch_016:815,batch_016,1,P41_05,17.0,batch_016.txt,815,test
batch_016:816,batch_016,1,P41_05,17.0,batch_016.txt,816,validation
batch_016:817,batch_016,0,,0.0,batch_016.txt,817,train
batch_016:818,batch_016,1,P41_06_notch,6.0,batch_016.txt,818,train
batch_016:819,batch_016,1,P41_06_notch,6.0,batch_016.txt,819,train
batch_016:820,batch_016,0,,0.0,batch_016.txt,820,train
batch_016:821,batch_016,0,,0.0,batch_016.txt,821,train
batch_016:822,batch_016,1,P41_04,6.0,batch_016.txt,822,test
batch_016:823,batch_016,1,P41_02,3.0,batch_016.txt,823,test
batch_016:824,batch_016,1,P41_04,6.0,batch_016.txt,824,validation
batch_016:825,batch_016,1,P41_02,3.0,batch_016.txt,825,train
batch_016:826,batch_016,0,,0.0,batch_016.txt,826,train
batch_016:827,batch_016,0,,0.0,batch_016.txt,827,test
batch_016:828,batch_016,0,,0.0,batch_016.txt,828,train
batch_016:829,batch_016,0,,0.0,batch_016.txt,829,train
batch_016:830,batch_016,1,P41_02,3.0,batch_016.txt,830,train
batch_016:831,batch_016,1,P41_06_notch,6.0,batch_016.txt,831,train
batch_016:832,batch_016,1,P41_04,6.0,batch_016.txt,832,train
batch_016:833,batch_016,0,,0.0,batch_016.txt,833,train
batch_016:834,batch_016,1,P41_06_notch,6.0,batch_016.txt,834,validation
batch_016:835,batch_016,0,,0.0,batch_016.txt,835,train
batch_016:836,batch_016,0,,0.0,batch_016.txt,836,train
batch_016:837,batch_016,1,P41_02,3.0,batch_016.txt,837,train
batch_016:838,batch_016,1,P41_02,3.0,batch_016.txt,838,train
batch_016:839,batch_016,0,,0.0,batch_016.txt,839,validation
batch_016:840,batch_016,1,P41_04,6.0,batch_016.txt,840,train
batch_016:841,batch_016,0,,0.0,batch_016.txt,841,train
batch_016:842,batch_016,0,,0.0,batch_016.txt,842,train
batch_016:843,batch_016,1,P41_05,17.0,batch_016.txt,843,test
batch_016:844,batch_016,1,P41_05,17.0,batch_016.txt,844,train
batch_016:845,batch_016,0,,0.0,batch_016.txt,845,test
batch_016:846,batch_016,1,P41_04,6.0,batch_016.txt,846,train
batch_016:847,batch_016,1,P41_01,2.0,batch_016.txt,847,train
batch_016:848,batch_016,1,P41_05,17.0,batch_016.txt,848,test
batch_016:849,batch_016,1,P41_03,26.0,batch_016.txt,849,train
batch_016:850,batch_016,0,,0.0,batch_016.txt,850,train
batch_016:851,batch_016,0,,0.0,batch_016.txt,851,train
batch_016:852,batch_016,0,,0.0,batch_016.txt,852,train
batch_016:853,batch_016,0,,0.0,batch_016.txt,853,test
batch_016:854,batch_016,1,P41_05,17.0,batch_016.txt,854,train
batch_016:855,batch_016,0,,0.0,batch_016.txt,855,train
batch_016:856,batch_016,1,P41_06_notch,6.0,batch_016.txt,856,train
batch_016:857,batch_016,1,P41_06_notch,6.0,batch_016.txt,857,train
batch_016:858,batch_016,0,,0.0,batch_016.txt,858,test
batch_016:859,batch_016,1,P41_04,6.0,batch_016.txt,859,train
batch_016:860,batch_016,1,P41_03,26.0,batch_016.txt,860,train
batch_016:861,batch_016,1,P41_02,3.0,batch_016.txt,861,train
batch_016:862,batch_016,1,P41_03,26.0,batch_016.txt,862,validation
batch_016:863,batch_016,0,,0.0,batch_016.txt,863,train
batch_016:864,batch_016,0,,0.0,batch_016.txt,864,train
batch_016:865,batch_016,0,,0.0,batch_016.txt,865,train
batch_016:866,batch_016,0,,0.0,batch_016.txt,866,train
batch_016:867,batch_016,1,P41_01,2.0,batch_016.txt,867,train
batch_016:868,batch_016,1,P41_06_notch,6.0,batch_016.txt,868,validation
batch_016:869,batch_016,0,,0.0,batch_016.txt,869,test
batch_016:870,batch_016,0,,0.0,batch_016.txt,870,train
batch_016:871,batch_016,1,P41_02,3.0,batch_016.txt,871,train
batch_016:872,batch_016,1,P41_03,26.0,batch_016.txt,872,train
batch_016:873,batch_016,0,,0.0,batch_016.txt,873,train
batch_016:874,batch_016,0,,0.0,batch_016.txt,874,train
batch_016:875,batch_016,1,P41_03,26.0,batch_016.txt,875,train
batch_016:876,batch_016,0,,0.0,batch_016.txt,876,train
batch_016:877,batch_016,0,,0.0,batch_016.txt,877,train
batch_016:878,batch_016,1,P41_02,3.0,batch_016.txt,878,train
batch_016:879,batch_016,1,P41_03,26.0,batch_016.txt,879,train
batch_016:880,batch_016,1,P41_06_notch,6.0,batch_016.txt,880,train
batch_016:881,batch_016,0,,0.0,batch_016.txt,881,train
batch_016:882,batch_016,1,P41_02,3.0,batch_016.txt,882,validation
batch_016:883,batch_016,1,P41_06_notch,6.0,batch_016.txt,883,train
batch_016:884,batch_016,1,P41_02,3.0,batch_016.txt,884,train
batch_016:885,batch_016,0,,0.0,batch_016.txt,885,validation
batch_016:886,batch_016,1,P41_04,6.0,batch_016.txt,886,train
batch_016:887,batch_016,1,P41_05,17.0,batch_016.txt,887,train
batch_016:888,batch_016,0,,0.0,batch_016.txt,888,validation
batch_016:889,batch_016,0,,0.0,batch_016.txt,889,train
batch_016:890,batch_016,0,,0.0,batch_016.txt,890,train
batch_016:891,batch_016,0,,0.0,batch_016.txt,891,train
batch_016:892,batch_016,0,,0.0,batch_016.txt,892,train
batch_016:893,batch_016,0,,0.0,batch_016.txt,893,train
batch_016:894,batch_016,1,P41_05,17.0,batch_016.txt,894,validation
batch_016:895,batch_016,1,P41_01,2.0,batch_016.txt,895,train
batch_016:896,batch_016,0,,0.0,batch_016.txt,896,train
batch_016:897,batch_016,1,P41_06_notch,6.0,batch_016.txt,897,validation
batch_016:898,batch_016,1,P41_04,6.0,batch_016.txt,898,validation
batch_016:899,batch_016,0,,0.0,batch_016.txt,899,test
batch_016:900,batch_016,0,,0.0,batch_016.txt,900,train
batch_016:901,batch_016,0,,0.0,batch_016.txt,901,validation
batch_016:902,batch_016,0,,0.0,batch_016.txt,902,train
batch_016:903,batch_016,0,,0.0,batch_016.txt,903,train
batch_016:904,batch_016,1,P41_04,6.0,batch_016.txt,904,test
batch_016:905,batch_016,1,P41_01,2.0,batch_016.txt,905,validation
batch_016:906,batch_016,0,,0.0,batch_016.txt,906,train
batch_016:907,batch_016,1,P41_03,26.0,batch_016.txt,907,train
batch_016:908,batch_016,0,,0.0,batch_016.txt,908,train
batch_016:909,batch_016,0,,0.0,batch_016.txt,909,train
batch_016:910,batch_016,0,,0.0,batch_016.txt,910,train
batch_016:911,batch_016,1,P41_01,2.0,batch_016.txt,911,train
batch_016:912,batch_016,0,,0.0,batch_016.txt,912,test
batch_016:913,batch_016,0,,0.0,batch_016.txt,913,test
batch_016:914,batch_016,1,P41_01,2.0,batch_016.txt,914,train
batch_016:915,batch_016,0,,0.0,batch_016.txt,915,train
batch_016:916,batch_016,1,P41_06_notch,6.0,batch_016.txt,916,train
batch_016:917,batch_016,0,,0.0,batch_016.txt,917,validation
batch_016:918,batch_016,1,P41_01,2.0,batch_016.txt,918,train
batch_016:919,batch_016,0,,0.0,batch_016.txt,919,validation
batch_016:920,batch_016,1,P41_04,6.0,batch_016.txt,920,train
batch_016:921,batch_016,0,,0.0,batch_016.txt,921,train
batch_016:922,batch_016,1,P41_01,2.0,batch_016.txt,922,test
batch_016:923,batch_016,1,P41_02,3.0,batch_016.txt,923,validation
batch_016:924,batch_016,0,,0.0,batch_016.txt,924,validation
batch_016:925,batch_016,0,,0.0,batch_016.txt,925,train
batch_016:926,batch_016,0,,0.0,batch_016.txt,926,train
batch_016:927,batch_016,1,P41_02,3.0,batch_016.txt,927,test
batch_016:928,batch_016,0,,0.0,batch_016.txt,928,train
batch_016:929,batch_016,0,,0.0,batch_016.txt,929,train
batch_016:930,batch_016,0,,0.0,batch_016.txt,930,train
batch_016:931,batch_016,1,P41_06_notch,6.0,batch_016.txt,931,validation
batch_016:932,batch_016,1,P41_04,6.0,batch_016.txt,932,train
batch_016:933,batch_016,0,,0.0,batch_016.txt,933,train
batch_016:934,batch_016,0,,0.0,batch_016.txt,934,train
batch_016:935,batch_016,0,,0.0,batch_016.txt,935,train
batch_016:936,batch_016,1,P41_05,17.0,batch_016.txt,936,test
batch_016:937,batch_016,1,P41_03,26.0,batch_016.txt,937,train
batch_016:938,batch_016,0,,0.0,batch_016.txt,938,test
batch_016:939,batch_016,0,,0.0,batch_016.txt,939,train
batch_016:940,batch_016,1,P41_06_notch,6.0,batch_016.txt,940,test
batch_016:941,batch_016,1,P41_01,2.0,batch_016.txt,941,train
batch_016:942,batch_016,1,P41_02,3.0,batch_016.txt,942,train
batch_016:943,batch_016,0,,0.0,batch_016.txt,943,train
batch_016:944,batch_016,1,P41_01,2.0,batch_016.txt,944,train
batch_016:945,batch_016,1,P41_02,3.0,batch_016.txt,945,train
batch_016:946,batch_016,0,,0.0,batch_016.txt,946,train
batch_016:947,batch_016,0,,0.0,batch_016.txt,947,test
batch_016:948,batch_016,1,P41_04,6.0,batch_016.txt,948,train
batch_016:949,batch_016,0,,0.0,batch_016.txt,949,validation
batch_016:950,batch_016,1,P41_02,3.0,batch_016.txt,950,train
batch_016:951,batch_016,1,P41_05,17.0,batch_016.txt,951,train
batch_016:952,batch_016,0,,0.0,batch_016.txt,952,validation
batch_016:953,batch_016,1,P41_03,26.0,batch_016.txt,953,train
batch_016:954,batch_016,0,,0.0,batch_016.txt,954,train
batch_016:955,batch_016,1,P41_06_notch,6.0,batch_016.txt,955,train
batch_016:956,batch_016,0,,0.0,batch_016.txt,956,train
batch_016:957,batch_016,1,P41_05,17.0,batch_016.txt,957,train
batch_016:958,batch_016,0,,0.0,batch_016.txt,958,train
batch_016:959,batch_016,1,P41_04,6.0,batch_016.txt,959,test
batch_016:960,batch_016,1,P41_05,17.0,batch_016.txt,960,train
batch_016:961,batch_016,0,,0.0,batch_016.txt,961,train
batch_016:962,batch_016,1,P41_03,26.0,batch_016.txt,962,test
batch_016:963,batch_016,1,P41_04,6.0,batch_016.txt,963,test
batch_016:964,batch_016,0,,0.0,batch_016.txt,964,test
batch_016:965,batch_016,0,,0.0,batch_016.txt,965,test
batch_016:966,batch_016,0,,0.0,batch_016.txt,966,train
batch_016:967,batch_016,0,,0.0,batch_016.txt,967,train
batch_016:968,batch_016,1,P41_05,17.0,batch_016.txt,968,train
batch_016:969,batch_016,1,P41_05,17.0,batch_016.txt,969,train
batch_016:970,batch_016,1,P41_05,17.0,batch_016.txt,970,train
batch_016:971,batch_016,1,P41_01,2.0,batch_016.txt,971,validation
batch_016:972,batch_016,1,P41_05,17.0,batch_016.txt,972,train
batch_016:973,batch_016,1,P41_01,2.0,batch_016.txt,973,train
batch_016:974,batch_016,0,,0.0,batch_016.txt,974,validation
batch_016:975,batch_016,0,,0.0,batch_016.txt,975,train
batch_016:976,batch_016,1,P41_06_notch,6.0,batch_016.txt,976,train
batch_016:977,batch_016,0,,0.0,batch_016.txt,977,train
batch_016:978,batch_016,0,,0.0,batch_016.txt,978,train
batch_016:979,batch_016,0,,0.0,batch_016.txt,979,train
batch_016:980,batch_016,0,,0.0,batch_016.txt,980,train
batch_016:981,batch_016,1,P41_05,17.0,batch_016.txt,981,train
batch_016:982,batch_016,1,P41_03,26.0,batch_016.txt,982,train
batch_016:983,batch_016,0,,0.0,batch_016.txt,983,train
batch_016:984,batch_016,0,,0.0,batch_016.txt,984,train
batch_016:985,batch_016,0,,0.0,batch_016.txt,985,train
batch_016:986,batch_016,0,,0.0,batch_016.txt,986,test
batch_016:987,batch_016,0,,0.0,batch_016.txt,987,train
batch_016:988,batch_016,0,,0.0,batch_016.txt,988,validation
batch_016:989,batch_016,1,P41_02,3.0,batch_016.txt,989,train
batch_016:990,batch_016,1,P41_06_notch,6.0,batch_016.txt,990,train
batch_016:991,batch_016,1,P41_03,26.0,batch_016.txt,991,train
batch_016:992,batch_016,0,,0.0,batch_016.txt,992,train
batch_016:993,batch_016,1,P41_04,6.0,batch_016.txt,993,train
batch_016:994,batch_016,1,P41_02,3.0,batch_016.txt,994,train
batch_016:995,batch_016,0,,0.0,batch_016.txt,995,test
batch_016:996,batch_016,1,P41_02,3.0,batch_016.txt,996,train
batch_016:997,batch_016,0,,0.0,batch_016.txt,997,validation
batch_016:998,batch_016,1,P41_01,2.0,batch_016.txt,998,train
batch_016:999,batch_016,1,P41_03,26.0,batch_016.txt,999,test
batch_016:1000,batch_016,0,,0.0,batch_016.txt,1000,train
batch_017:1,batch_017,1,P41_05,17.0,batch_017.txt,1,train
batch_017:2,batch_017,0,,0.0,batch_017.txt,2,train
batch_017:3,batch_017,0,,0.0,batch_017.txt,3,train
batch_017:4,batch_017,1,P41_03,26.0,batch_017.txt,4,validation
batch_017:5,batch_017,1,P41_02,3.0,batch_017.txt,5,train
batch_017:6,batch_017,1,P41_01,2.0,batch_017.txt,6,train
batch_017:7,batch_017,0,,0.0,batch_017.txt,7,test
batch_017:8,batch_017,0,,0.0,batch_017.txt,8,train
batch_017:9,batch_017,0,,0.0,batch_017.txt,9,validation
batch_017:10,batch_017,1,P41_01,2.0,batch_017.txt,10,test
batch_017:11,batch_017,1,P41_01,2.0,batch_017.txt,11,train
batch_017:12,batch_017,0,,0.0,batch_017.txt,12,train
batch_017:13,batch_017,0,,0.0,batch_017.txt,13,train
batch_017:14,batch_017,0,,0.0,batch_017.txt,14,train
batch_017:15,batch_017,1,P41_03,26.0,batch_017.txt,15,test
batch_017:16,batch_017,1,P41_06_notch,6.0,batch_017.txt,16,train
batch_017:17,batch_017,0,,0.0,batch_017.txt,17,train
batch_017:18,batch_017,1,P41_05,17.0,batch_017.txt,18,train
batch_017:19,batch_017,0,,0.0,batch_017.txt,19,train
batch_017:20,batch_017,1,P41_04,6.0,batch_017.txt,20,validation
batch_017:21,batch_017,0,,0.0,batch_017.txt,21,train
batch_017:22,batch_017,0,,0.0,batch_017.txt,22,validation
batch_017:23,batch_017,0,,0.0,batch_017.txt,23,train
batch_017:24,batch_017,0,,0.0,batch_017.txt,24,train
batch_017:25,batch_017,0,,0.0,batch_017.txt,25,train
batch_017:26,batch_017,1,P41_02,3.0,batch_017.txt,26,train
batch_017:27,batch_017,0,,0.0,batch_017.txt,27,train
batch_017:28,batch_017,1,P41_02,3.0,batch_017.txt,28,train
batch_017:29,batch_017,1,P41_05,17.0,batch_017.txt,29,validation
batch_017:30,batch_017,0,,0.0,batch_017.txt,30,test
batch_017:31,batch_017,1,P41_02,3.0,batch_017.txt,31,test
batch_017:32,batch_017,1,P41_03,26.0,batch_017.txt,32,train
batch_017:33,batch_017,1,P41_04,6.0,batch_017.txt,33,train
batch_017:34,batch_017,1,P41_03,26.0,batch_017.txt,34,train
batch_017:35,batch_017,1,P41_04,6.0,batch_017.txt,35,train
batch_017:36,batch_017,1,P41_04,6.0,batch_017.txt,36,train
batch_017:37,batch_017,0,,0.0,batch_017.txt,37,test
batch_017:38,batch_017,0,,0.0,batch_017.txt,38,train
batch_017:39,batch_017,0,,0.0,batch_017.txt,39,validation
batch_017:40,batch_017,0,,0.0,batch_017.txt,40,train
batch_017:41,batch_017,1,P41_01,2.0,batch_017.txt,41,validation
batch_017:42,batch_017,1,P41_05,17.0,batch_017.txt,42,train
batch_017:43,batch_017,0,,0.0,batch_017.txt,43,train
batch_017:44,batch_017,0,,0.0,batch_017.txt,44,train
batch_017:45,batch_017,0,,0.0,batch_017.txt,45,train
batch_017:46,batch_017,0,,0.0,batch_017.txt,46,train
batch_017:47,batch_017,1,P41_05,17.0,batch_017.txt,47,validation
batch_017:48,batch_017,0,,0.0,batch_017.txt,48,train
batch_017:49,batch_017,0,,0.0,batch_017.txt,49,train
batch_017:50,batch_017,0,,0.0,batch_017.txt,50,train
batch_017:51,batch_017,0,,0.0,batch_017.txt,51,train
batch_017:52,batch_017,1,P41_05,17.0,batch_017.txt,52,train
batch_017:53,batch_017,1,P41_04,6.0,batch_017.txt,53,test
batch_017:54,batch_017,1,P41_01,2.0,batch_017.txt,54,train
batch_017:55,batch_017,1,P41_05,17.0,batch_017.txt,55,train
batch_017:56,batch_017,1,P41_04,6.0,batch_017.txt,56,train
batch_017:57,batch_017,0,,0.0,batch_017.txt,57,train
batch_017:58,batch_017,1,P41_02,3.0,batch_017.txt,58,test
batch_017:59,batch_017,0,,0.0,batch_017.txt,59,test
batch_017:60,batch_017,0,,0.0,batch_017.txt,60,train
batch_017:61,batch_017,0,,0.0,batch_017.txt,61,train
batch_017:62,batch_017,1,P41_01,2.0,batch_017.txt,62,validation
batch_017:63,batch_017,0,,0.0,batch_017.txt,63,validation
batch_017:64,batch_017,0,,0.0,batch_017.txt,64,train
batch_017:65,batch_017,0,,0.0,batch_017.txt,65,train
batch_017:66,batch_017,1,P41_02,3.0,batch_017.txt,66,train
batch_017:67,batch_017,1,P41_06_notch,6.0,batch_017.txt,67,validation
batch_017:68,batch_017,0,,0.0,batch_017.txt,68,train
batch_017:69,batch_017,0,,0.0,batch_017.txt,69,train
batch_017:70,batch_017,1,P41_01,2.0,batch_017.txt,70,train
batch_017:71,batch_017,0,,0.0,batch_017.txt,71,train
batch_017:72,batch_017,1,P41_02,3.0,batch_017.txt,72,validation
batch_017:73,batch_017,0,,0.0,batch_017.txt,73,validation
batch_017:74,batch_017,0,,0.0,batch_017.txt,74,validation
batch_017:75,batch_017,1,P41_04,6.0,batch_017.txt,75,train
batch_017:76,batch_017,1,P41_03,26.0,batch_017.txt,76,train
batch_017:77,batch_017,1,P41_03,26.0,batch_017.txt,77,train
batch_017:78,batch_017,1,P41_02,3.0,batch_017.txt,78,train
batch_017:79,batch_017,0,,0.0,batch_017.txt,79,train
batch_017:80,batch_017,1,P41_05,17.0,batch_017.txt,80,train
batch_017:81,batch_017,0,,0.0,batch_017.txt,81,train
batch_017:82,batch_017,0,,0.0,batch_017.txt,82,validation
batch_017:83,batch_017,0,,0.0,batch_017.txt,83,train
batch_017:84,batch_017,0,,0.0,batch_017.txt,84,train
batch_017:85,batch_017,0,,0.0,batch_017.txt,85,test
batch_017:86,batch_017,0,,0.0,batch_017.txt,86,train
batch_017:87,batch_017,1,P41_05,17.0,batch_017.txt,87,train
batch_017:88,batch_017,0,,0.0,batch_017.txt,88,train
batch_017:89,batch_017,1,P41_04,6.0,batch_017.txt,89,train
batch_017:90,batch_017,0,,0.0,batch_017.txt,90,train
batch_017:91,batch_017,0,,0.0,batch_017.txt,91,train
batch_017:92,batch_017,0,,0.0,batch_017.txt,92,validation
batch_017:93,batch_017,0,,0.0,batch_017.txt,93,train
batch_017:94,batch_017,1,P41_03,26.0,batch_017.txt,94,train
batch_017:95,batch_017,0,,0.0,batch_017.txt,95,train
batch_017:96,batch_017,0,,0.0,batch_017.txt,96,train
batch_017:97,batch_017,1,P41_06_notch,6.0,batch_017.txt,97,train
batch_017:98,batch_017,1,P41_06_notch,6.0,batch_017.txt,98,train
batch_017:99,batch_017,0,,0.0,batch_017.txt,99,train
batch_017:100,batch_017,1,P41_05,17.0,batch_017.txt,100,train
batch_017:101,batch_017,0,,0.0,batch_017.txt,101,train
batch_017:102,batch_017,0,,0.0,batch_017.txt,102,train
batch_017:103,batch_017,1,P41_02,3.0,batch_017.txt,103,train
batch_017:104,batch_017,0,,0.0,batch_017.txt,104,train
batch_017:105,batch_017,1,P41_03,26.0,batch_017.txt,105,train
batch_017:106,batch_017,0,,0.0,batch_017.txt,106,train
batch_017:107,batch_017,1,P41_02,3.0,batch_017.txt,107,train
batch_017:108,batch_017,1,P41_02,3.0,batch_017.txt,108,test
batch_017:109,batch_017,0,,0.0,batch_017.txt,109,validation
batch_017:110,batch_017,1,P41_04,6.0,batch_017.txt,110,train
batch_017:111,batch_017,0,,0.0,batch_017.txt,111,train
batch_017:112,batch_017,1,P41_02,3.0,batch_017.txt,112,train
batch_017:113,batch_017,1,P41_01,2.0,batch_017.txt,113,train
batch_017:114,batch_017,0,,0.0,batch_017.txt,114,validation
batch_017:115,batch_017,1,P41_04,6.0,batch_017.txt,115,train
batch_017:116,batch_017,0,,0.0,batch_017.txt,116,validation
batch_017:117,batch_017,1,P41_02,3.0,batch_017.txt,117,train
batch_017:118,batch_017,1,P41_06_notch,6.0,batch_017.txt,118,train
batch_017:119,batch_017,1,P41_06_notch,6.0,batch_017.txt,119,test
batch_017:120,batch_017,0,,0.0,batch_017.txt,120,train
batch_017:121,batch_017,1,P41_06_notch,6.0,batch_017.txt,121,validation
batch_017:122,batch_017,1,P41_02,3.0,batch_017.txt,122,test
batch_017:123,batch_017,0,,0.0,batch_017.txt,123,validation
batch_017:124,batch_017,0,,0.0,batch_017.txt,124,train
batch_017:125,batch_017,1,P41_05,17.0,batch_017.txt,125,train
batch_017:126,batch_017,1,P41_06_notch,6.0,batch_017.txt,126,validation
batch_017:127,batch_017,1,P41_03,26.0,batch_017.txt,127,train
batch_017:128,batch_017,1,P41_02,3.0,batch_017.txt,128,train
batch_017:129,batch_017,0,,0.0,batch_017.txt,129,train
batch_017:130,batch_017,0,,0.0,batch_017.txt,130,train
batch_017:131,batch_017,0,,0.0,batch_017.txt,131,validation
batch_017:132,batch_017,1,P41_05,17.0,batch_017.txt,132,train
batch_017:133,batch_017,0,,0.0,batch_017.txt,133,test
batch_017:134,batch_017,1,P41_06_notch,6.0,batch_017.txt,134,train
batch_017:135,batch_017,1,P41_04,6.0,batch_017.txt,135,validation
batch_017:136,batch_017,0,,0.0,batch_017.txt,136,train
batch_017:137,batch_017,1,P41_05,17.0,batch_017.txt,137,train
batch_017:138,batch_017,0,,0.0,batch_017.txt,138,train
batch_017:139,batch_017,1,P41_05,17.0,batch_017.txt,139,train
batch_017:140,batch_017,1,P41_06_notch,6.0,batch_017.txt,140,train
batch_017:141,batch_017,0,,0.0,batch_017.txt,141,train
batch_017:142,batch_017,0,,0.0,batch_017.txt,142,validation
batch_017:143,batch_017,0,,0.0,batch_017.txt,143,train
batch_017:144,batch_017,1,P41_02,3.0,batch_017.txt,144,train
batch_017:145,batch_017,0,,0.0,batch_017.txt,145,train
batch_017:146,batch_017,1,P41_05,17.0,batch_017.txt,146,train
batch_017:147,batch_017,1,P41_01,2.0,batch_017.txt,147,train
batch_017:148,batch_017,0,,0.0,batch_017.txt,148,validation
batch_017:149,batch_017,1,P41_05,17.0,batch_017.txt,149,train
batch_017:150,batch_017,0,,0.0,batch_017.txt,150,validation
batch_017:151,batch_017,0,,0.0,batch_017.txt,151,train
batch_017:152,batch_017,0,,0.0,batch_017.txt,152,train
batch_017:153,batch_017,1,P41_05,17.0,batch_017.txt,153,train
batch_017:154,batch_017,0,,0.0,batch_017.txt,154,train
batch_017:155,batch_017,0,,0.0,batch_017.txt,155,train
batch_017:156,batch_017,0,,0.0,batch_017.txt,156,train
batch_017:157,batch_017,0,,0.0,batch_017.txt,157,test
batch_017:158,batch_017,0,,0.0,batch_017.txt,158,train
batch_017:159,batch_017,0,,0.0,batch_017.txt,159,train
batch_017:160,batch_017,0,,0.0,batch_017.txt,160,train
batch_017:161,batch_017,1,P41_06_notch,6.0,batch_017.txt,161,train
batch_017:162,batch_017,0,,0.0,batch_017.txt,162,validation
batch_017:163,batch_017,0,,0.0,batch_017.txt,163,train
batch_017:164,batch_017,1,P41_02,3.0,batch_017.txt,164,test
batch_017:165,batch_017,0,,0.0,batch_017.txt,165,train
batch_017:166,batch_017,0,,0.0,batch_017.txt,166,train
batch_017:167,batch_017,0,,0.0,batch_017.txt,167,train
batch_017:168,batch_017,0,,0.0,batch_017.txt,168,train
batch_017:169,batch_017,0,,0.0,batch_017.txt,169,train
batch_017:170,batch_017,0,,0.0,batch_017.txt,170,validation
batch_017:171,batch_017,0,,0.0,batch_017.txt,171,train
batch_017:172,batch_017,0,,0.0,batch_017.txt,172,train
batch_017:173,batch_017,1,P41_04,6.0,batch_017.txt,173,train
batch_017:174,batch_017,0,,0.0,batch_017.txt,174,train
batch_017:175,batch_017,0,,0.0,batch_017.txt,175,train
batch_017:176,batch_017,0,,0.0,batch_017.txt,176,train
batch_017:177,batch_017,0,,0.0,batch_017.txt,177,train
batch_017:178,batch_017,0,,0.0,batch_017.txt,178,test
batch_017:179,batch_017,0,,0.0,batch_017.txt,179,train
batch_017:180,batch_017,1,P41_06_notch,6.0,batch_017.txt,180,validation
batch_017:181,batch_017,1,P41_02,3.0,batch_017.txt,181,test
batch_017:182,batch_017,1,P41_02,3.0,batch_017.txt,182,train
batch_017:183,batch_017,1,P41_02,3.0,batch_017.txt,183,validation
batch_017:184,batch_017,0,,0.0,batch_017.txt,184,validation
batch_017:185,batch_017,0,,0.0,batch_017.txt,185,test
batch_017:186,batch_017,0,,0.0,batch_017.txt,186,validation
batch_017:187,batch_017,1,P41_02,3.0,batch_017.txt,187,test
batch_017:188,batch_017,0,,0.0,batch_017.txt,188,train
batch_017:189,batch_017,1,P41_04,6.0,batch_017.txt,189,train
batch_017:190,batch_017,0,,0.0,batch_017.txt,190,train
batch_017:191,batch_017,0,,0.0,batch_017.txt,191,train
batch_017:192,batch_017,1,P41_02,3.0,batch_017.txt,192,train
batch_017:193,batch_017,0,,0.0,batch_017.txt,193,train
batch_017:194,batch_017,1,P41_02,3.0,batch_017.txt,194,validation
batch_017:195,batch_017,1,P41_04,6.0,batch_017.txt,195,train
batch_017:196,batch_017,0,,0.0,batch_017.txt,196,train
batch_017:197,batch_017,0,,0.0,batch_017.txt,197,train
batch_017:198,batch_017,0,,0.0,batch_017.txt,198,train
batch_017:199,batch_017,1,P41_04,6.0,batch_017.txt,199,train
batch_017:200,batch_017,1,P41_03,26.0,batch_017.txt,200,train
batch_017:201,batch_017,0,,0.0,batch_017.txt,201,train
batch_017:202,batch_017,1,P41_02,3.0,batch_017.txt,202,train
batch_017:203,batch_017,0,,0.0,batch_017.txt,203,train
batch_017:204,batch_017,0,,0.0,batch_017.txt,204,train
batch_017:205,batch_017,0,,0.0,batch_017.txt,205,train
batch_017:206,batch_017,1,P41_01,2.0,batch_017.txt,206,train
batch_017:207,batch_017,0,,0.0,batch_017.txt,207,train
batch_017:208,batch_017,1,P41_04,6.0,batch_017.txt,208,train
batch_017:209,batch_017,0,,0.0,batch_017.txt,209,train
batch_017:210,batch_017,0,,0.0,batch_017.txt,210,validation
batch_017:211,batch_017,0,,0.0,batch_017.txt,211,train
batch_017:212,batch_017,0,,0.0,batch_017.txt,212,train
batch_017:213,batch_017,0,,0.0,batch_017.txt,213,train
batch_017:214,batch_017,1,P41_02,3.0,batch_017.txt,214,train
batch_017:215,batch_017,0,,0.0,batch_017.txt,215,train
batch_017:216,batch_017,0,,0.0,batch_017.txt,216,train
batch_017:217,batch_017,0,,0.0,batch_017.txt,217,train
batch_017:218,batch_017,1,P41_02,3.0,batch_017.txt,218,train
batch_017:219,batch_017,0,,0.0,batch_017.txt,219,validation
batch_017:220,batch_017,0,,0.0,batch_017.txt,220,train
batch_017:221,batch_017,1,P41_01,2.0,batch_017.txt,221,train
batch_017:222,batch_017,1,P41_04,6.0,batch_017.txt,222,test
batch_017:223,batch_017,0,,0.0,batch_017.txt,223,train
batch_017:224,batch_017,0,,0.0,batch_017.txt,224,train
batch_017:225,batch_017,1,P41_01,2.0,batch_017.txt,225,train
batch_017:226,batch_017,1,P41_04,6.0,batch_017.txt,226,test
batch_017:227,batch_017,0,,0.0,batch_017.txt,227,train
batch_017:228,batch_017,1,P41_06_notch,6.0,batch_017.txt,228,validation
batch_017:229,batch_017,1,P41_04,6.0,batch_017.txt,229,train
batch_017:230,batch_017,0,,0.0,batch_017.txt,230,train
batch_017:231,batch_017,1,P41_03,26.0,batch_017.txt,231,test
batch_017:232,batch_017,0,,0.0,batch_017.txt,232,test
batch_017:233,batch_017,1,P41_03,26.0,batch_017.txt,233,train
batch_017:234,batch_017,1,P41_04,6.0,batch_017.txt,234,test
batch_017:235,batch_017,1,P41_01,2.0,batch_017.txt,235,train
batch_017:236,batch_017,1,P41_01,2.0,batch_017.txt,236,train
batch_017:237,batch_017,0,,0.0,batch_017.txt,237,train
batch_017:238,batch_017,1,P41_04,6.0,batch_017.txt,238,train
batch_017:239,batch_017,0,,0.0,batch_017.txt,239,train
batch_017:240,batch_017,1,P41_05,17.0,batch_017.txt,240,train
batch_017:241,batch_017,0,,0.0,batch_017.txt,241,train
batch_017:242,batch_017,1,P41_01,2.0,batch_017.txt,242,train
batch_017:243,batch_017,0,,0.0,batch_017.txt,243,train
batch_017:244,batch_017,1,P41_04,6.0,batch_017.txt,244,train
batch_017:245,batch_017,1,P41_05,17.0,batch_017.txt,245,validation
batch_017:246,batch_017,1,P41_06_notch,6.0,batch_017.txt,246,train
batch_017:247,batch_017,0,,0.0,batch_017.txt,247,train
batch_017:248,batch_017,0,,0.0,batch_017.txt,248,train
batch_017:249,batch_017,1,P41_06_notch,6.0,batch_017.txt,249,train
batch_017:250,batch_017,1,P41_02,3.0,batch_017.txt,250,test
batch_017:251,batch_017,1,P41_02,3.0,batch_017.txt,251,train
batch_017:252,batch_017,0,,0.0,batch_017.txt,252,train
batch_017:253,batch_017,0,,0.0,batch_017.txt,253,train
batch_017:254,batch_017,0,,0.0,batch_017.txt,254,train
batch_017:255,batch_017,0,,0.0,batch_017.txt,255,train
batch_017:256,batch_017,1,P41_01,2.0,batch_017.txt,256,train
batch_017:257,batch_017,0,,0.0,batch_017.txt,257,train
batch_017:258,batch_017,1,P41_01,2.0,batch_017.txt,258,train
batch_017:259,batch_017,1,P41_02,3.0,batch_017.txt,259,train
batch_017:260,batch_017,1,P41_06_notch,6.0,batch_017.txt,260,validation
batch_017:261,batch_017,0,,0.0,batch_017.txt,261,train
batch_017:262,batch_017,0,,0.0,batch_017.txt,262,train
batch_017:263,batch_017,0,,0.0,batch_017.txt,263,train
batch_017:264,batch_017,0,,0.0,batch_017.txt,264,train
batch_017:265,batch_017,0,,0.0,batch_017.txt,265,train
batch_017:266,batch_017,0,,0.0,batch_017.txt,266,train
batch_017:267,batch_017,1,P41_03,26.0,batch_017.txt,267,train
batch_017:268,batch_017,0,,0.0,batch_017.txt,268,validation
batch_017:269,batch_017,1,P41_01,2.0,batch_017.txt,269,validation
batch_017:270,batch_017,1,P41_04,6.0,batch_017.txt,270,train
batch_017:271,batch_017,1,P41_06_notch,6.0,batch_017.txt,271,test
batch_017:272,batch_017,1,P41_03,26.0,batch_017.txt,272,train
batch_017:273,batch_017,0,,0.0,batch_017.txt,273,train
batch_017:274,batch_017,1,P41_06_notch,6.0,batch_017.txt,274,train
batch_017:275,batch_017,0,,0.0,batch_017.txt,275,train
batch_017:276,batch_017,1,P41_06_notch,6.0,batch_017.txt,276,train
batch_017:277,batch_017,0,,0.0,batch_017.txt,277,train
batch_017:278,batch_017,0,,0.0,batch_017.txt,278,test
batch_017:279,batch_017,0,,0.0,batch_017.txt,279,validation
batch_017:280,batch_017,0,,0.0,batch_017.txt,280,validation
batch_017:281,batch_017,0,,0.0,batch_017.txt,281,train
batch_017:282,batch_017,0,,0.0,batch_017.txt,282,train
batch_017:283,batch_017,1,P41_01,2.0,batch_017.txt,283,train
batch_017:284,batch_017,0,,0.0,batch_017.txt,284,train
batch_017:285,batch_017,0,,0.0,batch_017.txt,285,test
batch_017:286,batch_017,1,P41_01,2.0,batch_017.txt,286,test
batch_017:287,batch_017,1,P41_02,3.0,batch_017.txt,287,train
batch_017:288,batch_017,0,,0.0,batch_017.txt,288,train
batch_017:289,batch_017,1,P41_02,3.0,batch_017.txt,289,train
batch_017:290,batch_017,0,,0.0,batch_017.txt,290,train
batch_017:291,batch_017,1,P41_03,26.0,batch_017.txt,291,train
batch_017:292,batch_017,0,,0.0,batch_017.txt,292,train
batch_017:293,batch_017,0,,0.0,batch_017.txt,293,train
batch_017:294,batch_017,1,P41_05,17.0,batch_017.txt,294,train
batch_017:295,batch_017,0,,0.0,batch_017.txt,295,train
batch_017:296,batch_017,1,P41_01,2.0,batch_017.txt,296,train
batch_017:297,batch_017,0,,0.0,batch_017.txt,297,train
batch_017:298,batch_017,0,,0.0,batch_017.txt,298,train
batch_017:299,batch_017,0,,0.0,batch_017.txt,299,test
batch_017:300,batch_017,1,P41_01,2.0,batch_017.txt,300,train
batch_017:301,batch_017,1,P41_05,17.0,batch_017.txt,301,train
batch_017:302,batch_017,0,,0.0,batch_017.txt,302,train
batch_017:303,batch_017,0,,0.0,batch_017.txt,303,validation
batch_017:304,batch_017,0,,0.0,batch_017.txt,304,train
batch_017:305,batch_017,0,,0.0,batch_017.txt,305,train
batch_017:306,batch_017,0,,0.0,batch_017.txt,306,validation
batch_017:307,batch_017,1,P41_03,26.0,batch_017.txt,307,train
batch_017:308,batch_017,0,,0.0,batch_017.txt,308,validation
batch_017:309,batch_017,1,P41_06_notch,6.0,batch_017.txt,309,train
batch_017:310,batch_017,0,,0.0,batch_017.txt,310,train
batch_017:311,batch_017,1,P41_04,6.0,batch_017.txt,311,test
batch_017:312,batch_017,1,P41_05,17.0,batch_017.txt,312,train
batch_017:313,batch_017,0,,0.0,batch_017.txt,313,validation
batch_017:314,batch_017,0,,0.0,batch_017.txt,314,validation
batch_017:315,batch_017,1,P41_01,2.0,batch_017.txt,315,train
batch_017:316,batch_017,1,P41_04,6.0,batch_017.txt,316,train
batch_017:317,batch_017,1,P41_02,3.0,batch_017.txt,317,train
batch_017:318,batch_017,1,P41_04,6.0,batch_017.txt,318,train
batch_017:319,batch_017,0,,0.0,batch_017.txt,319,train
batch_017:320,batch_017,1,P41_01,2.0,batch_017.txt,320,train
batch_017:321,batch_017,1,P41_04,6.0,batch_017.txt,321,train
batch_017:322,batch_017,0,,0.0,batch_017.txt,322,train
batch_017:323,batch_017,1,P41_05,17.0,batch_017.txt,323,validation
batch_017:324,batch_017,1,P41_03,26.0,batch_017.txt,324,train
batch_017:325,batch_017,0,,0.0,batch_017.txt,325,test
batch_017:326,batch_017,0,,0.0,batch_017.txt,326,test
batch_017:327,batch_017,0,,0.0,batch_017.txt,327,train
batch_017:328,batch_017,1,P41_01,2.0,batch_017.txt,328,train
batch_017:329,batch_017,0,,0.0,batch_017.txt,329,train
batch_017:330,batch_017,1,P41_06_notch,6.0,batch_017.txt,330,test
batch_017:331,batch_017,0,,0.0,batch_017.txt,331,validation
batch_017:332,batch_017,1,P41_02,3.0,batch_017.txt,332,train
batch_017:333,batch_017,0,,0.0,batch_017.txt,333,train
batch_017:334,batch_017,1,P41_04,6.0,batch_017.txt,334,train
batch_017:335,batch_017,1,P41_05,17.0,batch_017.txt,335,train
batch_017:336,batch_017,0,,0.0,batch_017.txt,336,train
batch_017:337,batch_017,0,,0.0,batch_017.txt,337,train
batch_017:338,batch_017,1,P41_04,6.0,batch_017.txt,338,train
batch_017:339,batch_017,0,,0.0,batch_017.txt,339,train
batch_017:340,batch_017,0,,0.0,batch_017.txt,340,train
batch_017:341,batch_017,1,P41_06_notch,6.0,batch_017.txt,341,validation
batch_017:342,batch_017,0,,0.0,batch_017.txt,342,train
batch_017:343,batch_017,0,,0.0,batch_017.txt,343,train
batch_017:344,batch_017,1,P41_06_notch,6.0,batch_017.txt,344,train
batch_017:345,batch_017,0,,0.0,batch_017.txt,345,train
batch_017:346,batch_017,1,P41_02,3.0,batch_017.txt,346,train
batch_017:347,batch_017,1,P41_05,17.0,batch_017.txt,347,train
batch_017:348,batch_017,0,,0.0,batch_017.txt,348,train
batch_017:349,batch_017,1,P41_03,26.0,batch_017.txt,349,validation
batch_017:350,batch_017,1,P41_06_notch,6.0,batch_017.txt,350,validation
batch_017:351,batch_017,1,P41_02,3.0,batch_017.txt,351,train
batch_017:352,batch_017,0,,0.0,batch_017.txt,352,train
batch_017:353,batch_017,0,,0.0,batch_017.txt,353,train
batch_017:354,batch_017,1,P41_01,2.0,batch_017.txt,354,train
batch_017:355,batch_017,1,P41_05,17.0,batch_017.txt,355,train
batch_017:356,batch_017,0,,0.0,batch_017.txt,356,train
batch_017:357,batch_017,1,P41_02,3.0,batch_017.txt,357,train
batch_017:358,batch_017,0,,0.0,batch_017.txt,358,train
batch_017:359,batch_017,1,P41_03,26.0,batch_017.txt,359,test
batch_017:360,batch_017,1,P41_03,26.0,batch_017.txt,360,train
batch_017:361,batch_017,0,,0.0,batch_017.txt,361,train
batch_017:362,batch_017,1,P41_06_notch,6.0,batch_017.txt,362,train
batch_017:363,batch_017,1,P41_03,26.0,batch_017.txt,363,test
batch_017:364,batch_017,1,P41_04,6.0,batch_017.txt,364,train
batch_017:365,batch_017,1,P41_05,17.0,batch_017.txt,365,train
batch_017:366,batch_017,0,,0.0,batch_017.txt,366,train
batch_017:367,batch_017,0,,0.0,batch_017.txt,367,train
batch_017:368,batch_017,1,P41_06_notch,6.0,batch_017.txt,368,test
batch_017:369,batch_017,0,,0.0,batch_017.txt,369,train
batch_017:370,batch_017,1,P41_01,2.0,batch_017.txt,370,test
batch_017:371,batch_017,0,,0.0,batch_017.txt,371,validation
batch_017:372,batch_017,1,P41_05,17.0,batch_017.txt,372,train
batch_017:373,batch_017,0,,0.0,batch_017.txt,373,train
batch_017:374,batch_017,1,P41_05,17.0,batch_017.txt,374,test
batch_017:375,batch_017,0,,0.0,batch_017.txt,375,train
batch_017:376,batch_017,0,,0.0,batch_017.txt,376,train
batch_017:377,batch_017,0,,0.0,batch_017.txt,377,validation
batch_017:378,batch_017,0,,0.0,batch_017.txt,378,test
batch_017:379,batch_017,1,P41_04,6.0,batch_017.txt,379,test
batch_017:380,batch_017,1,P41_01,2.0,batch_017.txt,380,train
batch_017:381,batch_017,1,P41_06_notch,6.0,batch_017.txt,381,train
batch_017:382,batch_017,0,,0.0,batch_017.txt,382,train
batch_017:383,batch_017,1,P41_02,3.0,batch_017.txt,383,train
batch_017:384,batch_017,0,,0.0,batch_017.txt,384,train
batch_017:385,batch_017,0,,0.0,batch_017.txt,385,train
batch_017:386,batch_017,0,,0.0,batch_017.txt,386,train
batch_017:387,batch_017,0,,0.0,batch_017.txt,387,train
batch_017:388,batch_017,0,,0.0,batch_017.txt,388,train
batch_017:389,batch_017,0,,0.0,batch_017.txt,389,train
batch_017:390,batch_017,0,,0.0,batch_017.txt,390,train
batch_017:391,batch_017,0,,0.0,batch_017.txt,391,train
batch_017:392,batch_017,0,,0.0,batch_017.txt,392,validation
batch_017:393,batch_017,0,,0.0,batch_017.txt,393,test
batch_017:394,batch_017,0,,0.0,batch_017.txt,394,test
batch_017:395,batch_017,0,,0.0,batch_017.txt,395,train
batch_017:396,batch_017,0,,0.0,batch_017.txt,396,test
batch_017:397,batch_017,1,P41_04,6.0,batch_017.txt,397,train
batch_017:398,batch_017,0,,0.0,batch_017.txt,398,train
batch_017:399,batch_017,0,,0.0,batch_017.txt,399,train
batch_017:400,batch_017,0,,0.0,batch_017.txt,400,train
batch_017:401,batch_017,0,,0.0,batch_017.txt,401,test
batch_017:402,batch_017,0,,0.0,batch_017.txt,402,train
batch_017:403,batch_017,0,,0.0,batch_017.txt,403,train
batch_017:404,batch_017,0,,0.0,batch_017.txt,404,test
batch_017:405,batch_017,0,,0.0,batch_017.txt,405,test
batch_017:406,batch_017,0,,0.0,batch_017.txt,406,train
batch_017:407,batch_017,1,P41_03,26.0,batch_017.txt,407,train
batch_017:408,batch_017,1,P41_04,6.0,batch_017.txt,408,validation
batch_017:409,batch_017,0,,0.0,batch_017.txt,409,validation
batch_017:410,batch_017,0,,0.0,batch_017.txt,410,train
batch_017:411,batch_017,1,P41_06_notch,6.0,batch_017.txt,411,train
batch_017:412,batch_017,1,P41_02,3.0,batch_017.txt,412,test
batch_017:413,batch_017,0,,0.0,batch_017.txt,413,train
batch_017:414,batch_017,1,P41_03,26.0,batch_017.txt,414,train
batch_017:415,batch_017,0,,0.0,batch_017.txt,415,train
batch_017:416,batch_017,1,P41_06_notch,6.0,batch_017.txt,416,train
batch_017:417,batch_017,0,,0.0,batch_017.txt,417,train
batch_017:418,batch_017,1,P41_02,3.0,batch_017.txt,418,validation
batch_017:419,batch_017,1,P41_04,6.0,batch_017.txt,419,validation
batch_017:420,batch_017,0,,0.0,batch_017.txt,420,train
batch_017:421,batch_017,1,P41_04,6.0,batch_017.txt,421,test
batch_017:422,batch_017,1,P41_02,3.0,batch_017.txt,422,train
batch_017:423,batch_017,1,P41_03,26.0,batch_017.txt,423,train
batch_017:424,batch_017,0,,0.0,batch_017.txt,424,train
batch_017:425,batch_017,1,P41_05,17.0,batch_017.txt,425,train
batch_017:426,batch_017,0,,0.0,batch_017.txt,426,test
batch_017:427,batch_017,0,,0.0,batch_017.txt,427,validation
batch_017:428,batch_017,0,,0.0,batch_017.txt,428,train
batch_017:429,batch_017,0,,0.0,batch_017.txt,429,train
batch_017:430,batch_017,1,P41_05,17.0,batch_017.txt,430,train
batch_017:431,batch_017,0,,0.0,batch_017.txt,431,test
batch_017:432,batch_017,1,P41_01,2.0,batch_017.txt,432,train
batch_017:433,batch_017,1,P41_04,6.0,batch_017.txt,433,train
batch_017:434,batch_017,0,,0.0,batch_017.txt,434,train
batch_017:435,batch_017,1,P41_05,17.0,batch_017.txt,435,train
batch_017:436,batch_017,0,,0.0,batch_017.txt,436,train
batch_017:437,batch_017,1,P41_05,17.0,batch_017.txt,437,train
batch_017:438,batch_017,1,P41_04,6.0,batch_017.txt,438,train
batch_017:439,batch_017,0,,0.0,batch_017.txt,439,train
batch_017:440,batch_017,0,,0.0,batch_017.txt,440,train
batch_017:441,batch_017,0,,0.0,batch_017.txt,441,train
batch_017:442,batch_017,0,,0.0,batch_017.txt,442,test
batch_017:443,batch_017,0,,0.0,batch_017.txt,443,validation
batch_017:444,batch_017,0,,0.0,batch_017.txt,444,train
batch_017:445,batch_017,1,P41_01,2.0,batch_017.txt,445,train
batch_017:446,batch_017,1,P41_01,2.0,batch_017.txt,446,train
batch_017:447,batch_017,1,P41_02,3.0,batch_017.txt,447,train
batch_017:448,batch_017,1,P41_04,6.0,batch_017.txt,448,train
batch_017:449,batch_017,1,P41_01,2.0,batch_017.txt,449,train
batch_017:450,batch_017,0,,0.0,batch_017.txt,450,validation
batch_017:451,batch_017,0,,0.0,batch_017.txt,451,train
batch_017:452,batch_017,1,P41_01,2.0,batch_017.txt,452,train
batch_017:453,batch_017,0,,0.0,batch_017.txt,453,train
batch_017:454,batch_017,1,P41_02,3.0,batch_017.txt,454,train
batch_017:455,batch_017,0,,0.0,batch_017.txt,455,test
batch_017:456,batch_017,0,,0.0,batch_017.txt,456,train
batch_017:457,batch_017,1,P41_01,2.0,batch_017.txt,457,test
batch_017:458,batch_017,1,P41_03,26.0,batch_017.txt,458,train
batch_017:459,batch_017,0,,0.0,batch_017.txt,459,validation
batch_017:460,batch_017,1,P41_03,26.0,batch_017.txt,460,test
batch_017:461,batch_017,0,,0.0,batch_017.txt,461,train
batch_017:462,batch_017,1,P41_05,17.0,batch_017.txt,462,train
batch_017:463,batch_017,0,,0.0,batch_017.txt,463,train
batch_017:464,batch_017,1,P41_06_notch,6.0,batch_017.txt,464,train
batch_017:465,batch_017,1,P41_06_notch,6.0,batch_017.txt,465,train
batch_017:466,batch_017,0,,0.0,batch_017.txt,466,train
batch_017:467,batch_017,0,,0.0,batch_017.txt,467,train
batch_017:468,batch_017,0,,0.0,batch_017.txt,468,train
batch_017:469,batch_017,0,,0.0,batch_017.txt,469,test
batch_017:470,batch_017,1,P41_01,2.0,batch_017.txt,470,train
batch_017:471,batch_017,1,P41_01,2.0,batch_017.txt,471,train
batch_017:472,batch_017,1,P41_04,6.0,batch_017.txt,472,train
batch_017:473,batch_017,0,,0.0,batch_017.txt,473,test
batch_017:474,batch_017,0,,0.0,batch_017.txt,474,train
batch_017:475,batch_017,1,P41_02,3.0,batch_017.txt,475,train
batch_017:476,batch_017,0,,0.0,batch_017.txt,476,test
batch_017:477,batch_017,1,P41_04,6.0,batch_017.txt,477,train
batch_017:478,batch_017,0,,0.0,batch_017.txt,478,train
batch_017:479,batch_017,1,P41_04,6.0,batch_017.txt,479,train
batch_017:480,batch_017,1,P41_03,26.0,batch_017.txt,480,validation
batch_017:481,batch_017,1,P41_03,26.0,batch_017.txt,481,train
batch_017:482,batch_017,1,P41_06_notch,6.0,batch_017.txt,482,validation
batch_017:483,batch_017,0,,0.0,batch_017.txt,483,train
batch_017:484,batch_017,1,P41_02,3.0,batch_017.txt,484,validation
batch_017:485,batch_017,1,P41_01,2.0,batch_017.txt,485,train
batch_017:486,batch_017,0,,0.0,batch_017.txt,486,train
batch_017:487,batch_017,1,P41_01,2.0,batch_017.txt,487,train
batch_017:488,batch_017,0,,0.0,batch_017.txt,488,train
batch_017:489,batch_017,1,P41_06_notch,6.0,batch_017.txt,489,train
batch_017:490,batch_017,0,,0.0,batch_017.txt,490,train
batch_017:491,batch_017,0,,0.0,batch_017.txt,491,train
batch_017:492,batch_017,1,P41_04,6.0,batch_017.txt,492,train
batch_017:493,batch_017,1,P41_01,2.0,batch_017.txt,493,validation
batch_017:494,batch_017,1,P41_05,17.0,batch_017.txt,494,train
batch_017:495,batch_017,1,P41_06_notch,6.0,batch_017.txt,495,validation
batch_017:496,batch_017,1,P41_03,26.0,batch_017.txt,496,train
batch_017:497,batch_017,1,P41_03,26.0,batch_017.txt,497,validation
batch_017:498,batch_017,1,P41_06_notch,6.0,batch_017.txt,498,train
batch_017:499,batch_017,0,,0.0,batch_017.txt,499,train
batch_017:500,batch_017,1,P41_01,2.0,batch_017.txt,500,test
batch_017:501,batch_017,1,P41_03,26.0,batch_017.txt,501,train
batch_017:502,batch_017,1,P41_03,26.0,batch_017.txt,502,test
batch_017:503,batch_017,1,P41_03,26.0,batch_017.txt,503,train
batch_017:504,batch_017,1,P41_03,26.0,batch_017.txt,504,train
batch_017:505,batch_017,0,,0.0,batch_017.txt,505,validation
batch_017:506,batch_017,1,P41_06_notch,6.0,batch_017.txt,506,test
batch_017:507,batch_017,1,P41_05,17.0,batch_017.txt,507,train
batch_017:508,batch_017,1,P41_04,6.0,batch_017.txt,508,train
batch_017:509,batch_017,0,,0.0,batch_017.txt,509,test
batch_017:510,batch_017,0,,0.0,batch_017.txt,510,train
batch_017:511,batch_017,1,P41_06_notch,6.0,batch_017.txt,511,train
batch_017:512,batch_017,0,,0.0,batch_017.txt,512,validation
batch_017:513,batch_017,0,,0.0,batch_017.txt,513,test
batch_017:514,batch_017,0,,0.0,batch_017.txt,514,train
batch_017:515,batch_017,1,P41_06_notch,6.0,batch_017.txt,515,train
batch_017:516,batch_017,0,,0.0,batch_017.txt,516,train
batch_017:517,batch_017,0,,0.0,batch_017.txt,517,train
batch_017:518,batch_017,0,,0.0,batch_017.txt,518,train
batch_017:519,batch_017,1,P41_02,3.0,batch_017.txt,519,train
batch_017:520,batch_017,1,P41_02,3.0,batch_017.txt,520,train
batch_017:521,batch_017,0,,0.0,batch_017.txt,521,train
batch_017:522,batch_017,0,,0.0,batch_017.txt,522,train
batch_017:523,batch_017,0,,0.0,batch_017.txt,523,test
batch_017:524,batch_017,1,P41_03,26.0,batch_017.txt,524,test
batch_017:525,batch_017,0,,0.0,batch_017.txt,525,validation
batch_017:526,batch_017,0,,0.0,batch_017.txt,526,validation
batch_017:527,batch_017,1,P41_05,17.0,batch_017.txt,527,test
batch_017:528,batch_017,0,,0.0,batch_017.txt,528,validation
batch_017:529,batch_017,1,P41_04,6.0,batch_017.txt,529,train
batch_017:530,batch_017,0,,0.0,batch_017.txt,530,validation
batch_017:531,batch_017,1,P41_03,26.0,batch_017.txt,531,train
batch_017:532,batch_017,1,P41_01,2.0,batch_017.txt,532,test
batch_017:533,batch_017,1,P41_01,2.0,batch_017.txt,533,train
batch_017:534,batch_017,0,,0.0,batch_017.txt,534,train
batch_017:535,batch_017,0,,0.0,batch_017.txt,535,train
batch_017:536,batch_017,1,P41_01,2.0,batch_017.txt,536,validation
batch_017:537,batch_017,0,,0.0,batch_017.txt,537,train
batch_017:538,batch_017,1,P41_04,6.0,batch_017.txt,538,train
batch_017:539,batch_017,0,,0.0,batch_017.txt,539,train
batch_017:540,batch_017,0,,0.0,batch_017.txt,540,train
batch_017:541,batch_017,0,,0.0,batch_017.txt,541,test
batch_017:542,batch_017,0,,0.0,batch_017.txt,542,test
batch_017:543,batch_017,0,,0.0,batch_017.txt,543,validation
batch_017:544,batch_017,1,P41_03,26.0,batch_017.txt,544,train
batch_017:545,batch_017,0,,0.0,batch_017.txt,545,train
batch_017:546,batch_017,0,,0.0,batch_017.txt,546,validation
batch_017:547,batch_017,0,,0.0,batch_017.txt,547,train
batch_017:548,batch_017,0,,0.0,batch_017.txt,548,train
batch_017:549,batch_017,1,P41_01,2.0,batch_017.txt,549,train
batch_017:550,batch_017,1,P41_04,6.0,batch_017.txt,550,train
batch_017:551,batch_017,0,,0.0,batch_017.txt,551,train
batch_017:552,batch_017,1,P41_02,3.0,batch_017.txt,552,validation
batch_017:553,batch_017,0,,0.0,batch_017.txt,553,test
batch_017:554,batch_017,1,P41_01,2.0,batch_017.txt,554,test
batch_017:555,batch_017,0,,0.0,batch_017.txt,555,test
batch_017:556,batch_017,0,,0.0,batch_017.txt,556,validation
batch_017:557,batch_017,1,P41_06_notch,6.0,batch_017.txt,557,train
batch_017:558,batch_017,0,,0.0,batch_017.txt,558,train
batch_017:559,batch_017,0,,0.0,batch_017.txt,559,train
batch_017:560,batch_017,0,,0.0,batch_017.txt,560,train
batch_017:561,batch_017,1,P41_02,3.0,batch_017.txt,561,test
batch_017:562,batch_017,1,P41_05,17.0,batch_017.txt,562,train
batch_017:563,batch_017,0,,0.0,batch_017.txt,563,train
batch_017:564,batch_017,0,,0.0,batch_017.txt,564,test
batch_017:565,batch_017,0,,0.0,batch_017.txt,565,train
batch_017:566,batch_017,0,,0.0,batch_017.txt,566,train
batch_017:567,batch_017,0,,0.0,batch_017.txt,567,train
batch_017:568,batch_017,1,P41_04,6.0,batch_017.txt,568,validation
batch_017:569,batch_017,1,P41_06_notch,6.0,batch_017.txt,569,train
batch_017:570,batch_017,1,P41_06_notch,6.0,batch_017.txt,570,train
batch_017:571,batch_017,1,P41_02,3.0,batch_017.txt,571,train
batch_017:572,batch_017,1,P41_06_notch,6.0,batch_017.txt,572,train
batch_017:573,batch_017,0,,0.0,batch_017.txt,573,train
batch_017:574,batch_017,0,,0.0,batch_017.txt,574,train
batch_017:575,batch_017,1,P41_03,26.0,batch_017.txt,575,train
batch_017:576,batch_017,1,P41_02,3.0,batch_017.txt,576,train
batch_017:577,batch_017,1,P41_02,3.0,batch_017.txt,577,test
batch_017:578,batch_017,1,P41_06_notch,6.0,batch_017.txt,578,train
batch_017:579,batch_017,1,P41_06_notch,6.0,batch_017.txt,579,validation
batch_017:580,batch_017,0,,0.0,batch_017.txt,580,train
batch_017:581,batch_017,1,P41_02,3.0,batch_017.txt,581,train
batch_017:582,batch_017,0,,0.0,batch_017.txt,582,train
batch_017:583,batch_017,1,P41_06_notch,6.0,batch_017.txt,583,train
batch_017:584,batch_017,1,P41_02,3.0,batch_017.txt,584,test
batch_017:585,batch_017,1,P41_04,6.0,batch_017.txt,585,train
batch_017:586,batch_017,0,,0.0,batch_017.txt,586,train
batch_017:587,batch_017,1,P41_01,2.0,batch_017.txt,587,test
batch_017:588,batch_017,1,P41_02,3.0,batch_017.txt,588,train
batch_017:589,batch_017,1,P41_02,3.0,batch_017.txt,589,train
batch_017:590,batch_017,1,P41_01,2.0,batch_017.txt,590,test
batch_017:591,batch_017,1,P41_01,2.0,batch_017.txt,591,train
batch_017:592,batch_017,1,P41_06_notch,6.0,batch_017.txt,592,test
batch_017:593,batch_017,0,,0.0,batch_017.txt,593,train
batch_017:594,batch_017,0,,0.0,batch_017.txt,594,train
batch_017:595,batch_017,0,,0.0,batch_017.txt,595,train
batch_017:596,batch_017,1,P41_01,2.0,batch_017.txt,596,train
batch_017:597,batch_017,0,,0.0,batch_017.txt,597,validation
batch_017:598,batch_017,1,P41_05,17.0,batch_017.txt,598,train
batch_017:599,batch_017,1,P41_05,17.0,batch_017.txt,599,test
batch_017:600,batch_017,0,,0.0,batch_017.txt,600,train
batch_017:601,batch_017,0,,0.0,batch_017.txt,601,train
batch_017:602,batch_017,1,P41_03,26.0,batch_017.txt,602,train
batch_017:603,batch_017,1,P41_04,6.0,batch_017.txt,603,train
batch_017:604,batch_017,1,P41_01,2.0,batch_017.txt,604,train
batch_017:605,batch_017,0,,0.0,batch_017.txt,605,test
batch_017:606,batch_017,0,,0.0,batch_017.txt,606,validation
batch_017:607,batch_017,0,,0.0,batch_017.txt,607,test
batch_017:608,batch_017,1,P41_05,17.0,batch_017.txt,608,train
batch_017:609,batch_017,0,,0.0,batch_017.txt,609,train
batch_017:610,batch_017,1,P41_06_notch,6.0,batch_017.txt,610,train
batch_017:611,batch_017,1,P41_03,26.0,batch_017.txt,611,train
batch_017:612,batch_017,0,,0.0,batch_017.txt,612,train
batch_017:613,batch_017,1,P41_03,26.0,batch_017.txt,613,train
batch_017:614,batch_017,1,P41_06_notch,6.0,batch_017.txt,614,train
batch_017:615,batch_017,1,P41_03,26.0,batch_017.txt,615,train
batch_017:616,batch_017,1,P41_03,26.0,batch_017.txt,616,train
batch_017:617,batch_017,1,P41_05,17.0,batch_017.txt,617,validation
batch_017:618,batch_017,0,,0.0,batch_017.txt,618,validation
batch_017:619,batch_017,0,,0.0,batch_017.txt,619,test
batch_017:620,batch_017,0,,0.0,batch_017.txt,620,validation
batch_017:621,batch_017,0,,0.0,batch_017.txt,621,train
batch_017:622,batch_017,1,P41_01,2.0,batch_017.txt,622,test
batch_017:623,batch_017,1,P41_06_notch,6.0,batch_017.txt,623,validation
batch_017:624,batch_017,1,P41_06_notch,6.0,batch_017.txt,624,train
batch_017:625,batch_017,0,,0.0,batch_017.txt,625,validation
batch_017:626,batch_017,1,P41_05,17.0,batch_017.txt,626,train
batch_017:627,batch_017,0,,0.0,batch_017.txt,627,validation
batch_017:628,batch_017,1,P41_04,6.0,batch_017.txt,628,train
batch_017:629,batch_017,1,P41_05,17.0,batch_017.txt,629,train
batch_017:630,batch_017,1,P41_06_notch,6.0,batch_017.txt,630,train
batch_017:631,batch_017,1,P41_03,26.0,batch_017.txt,631,train
batch_017:632,batch_017,0,,0.0,batch_017.txt,632,train
batch_017:633,batch_017,1,P41_02,3.0,batch_017.txt,633,train
batch_017:634,batch_017,1,P41_05,17.0,batch_017.txt,634,train
batch_017:635,batch_017,1,P41_02,3.0,batch_017.txt,635,train
batch_017:636,batch_017,1,P41_04,6.0,batch_017.txt,636,train
batch_017:637,batch_017,1,P41_05,17.0,batch_017.txt,637,train
batch_017:638,batch_017,0,,0.0,batch_017.txt,638,train
batch_017:639,batch_017,0,,0.0,batch_017.txt,639,train
batch_017:640,batch_017,1,P41_06_notch,6.0,batch_017.txt,640,train
batch_017:641,batch_017,0,,0.0,batch_017.txt,641,validation
batch_017:642,batch_017,0,,0.0,batch_017.txt,642,train
batch_017:643,batch_017,1,P41_04,6.0,batch_017.txt,643,train
batch_017:644,batch_017,0,,0.0,batch_017.txt,644,train
batch_017:645,batch_017,1,P41_03,26.0,batch_017.txt,645,test
batch_017:646,batch_017,0,,0.0,batch_017.txt,646,train
batch_017:647,batch_017,0,,0.0,batch_017.txt,647,test
batch_017:648,batch_017,0,,0.0,batch_017.txt,648,train
batch_017:649,batch_017,0,,0.0,batch_017.txt,649,train
batch_017:650,batch_017,0,,0.0,batch_017.txt,650,train
batch_017:651,batch_017,1,P41_06_notch,6.0,batch_017.txt,651,train
batch_017:652,batch_017,0,,0.0,batch_017.txt,652,train
batch_017:653,batch_017,0,,0.0,batch_017.txt,653,train
batch_017:654,batch_017,1,P41_02,3.0,batch_017.txt,654,train
batch_017:655,batch_017,1,P41_06_notch,6.0,batch_017.txt,655,train
batch_017:656,batch_017,0,,0.0,batch_017.txt,656,test
batch_017:657,batch_017,1,P41_05,17.0,batch_017.txt,657,test
batch_017:658,batch_017,1,P41_03,26.0,batch_017.txt,658,train
batch_017:659,batch_017,1,P41_06_notch,6.0,batch_017.txt,659,train
batch_017:660,batch_017,1,P41_05,17.0,batch_017.txt,660,test
batch_017:661,batch_017,0,,0.0,batch_017.txt,661,train
batch_017:662,batch_017,1,P41_05,17.0,batch_017.txt,662,train
batch_017:663,batch_017,1,P41_05,17.0,batch_017.txt,663,test
batch_017:664,batch_017,0,,0.0,batch_017.txt,664,train
batch_017:665,batch_017,1,P41_02,3.0,batch_017.txt,665,train
batch_017:666,batch_017,0,,0.0,batch_017.txt,666,train
batch_017:667,batch_017,0,,0.0,batch_017.txt,667,validation
batch_017:668,batch_017,0,,0.0,batch_017.txt,668,train
batch_017:669,batch_017,0,,0.0,batch_017.txt,669,train
batch_017:670,batch_017,0,,0.0,batch_017.txt,670,validation
batch_017:671,batch_017,0,,0.0,batch_017.txt,671,train
batch_017:672,batch_017,0,,0.0,batch_017.txt,672,train
batch_017:673,batch_017,0,,0.0,batch_017.txt,673,train
batch_017:674,batch_017,1,P41_03,26.0,batch_017.txt,674,train
batch_017:675,batch_017,1,P41_04,6.0,batch_017.txt,675,train
batch_017:676,batch_017,0,,0.0,batch_017.txt,676,train
batch_017:677,batch_017,1,P41_01,2.0,batch_017.txt,677,validation
batch_017:678,batch_017,0,,0.0,batch_017.txt,678,train
batch_017:679,batch_017,1,P41_04,6.0,batch_017.txt,679,train
batch_017:680,batch_017,1,P41_04,6.0,batch_017.txt,680,test
batch_017:681,batch_017,0,,0.0,batch_017.txt,681,train
batch_017:682,batch_017,0,,0.0,batch_017.txt,682,train
batch_017:683,batch_017,1,P41_03,26.0,batch_017.txt,683,train
batch_017:684,batch_017,0,,0.0,batch_017.txt,684,train
batch_017:685,batch_017,0,,0.0,batch_017.txt,685,train
batch_017:686,batch_017,1,P41_03,26.0,batch_017.txt,686,train
batch_017:687,batch_017,0,,0.0,batch_017.txt,687,train
batch_017:688,batch_017,0,,0.0,batch_017.txt,688,train
batch_017:689,batch_017,1,P41_04,6.0,batch_017.txt,689,train
batch_017:690,batch_017,1,P41_05,17.0,batch_017.txt,690,train
batch_017:691,batch_017,0,,0.0,batch_017.txt,691,test
batch_017:692,batch_017,1,P41_02,3.0,batch_017.txt,692,train
batch_017:693,batch_017,0,,0.0,batch_017.txt,693,train
batch_017:694,batch_017,1,P41_05,17.0,batch_017.txt,694,train
batch_017:695,batch_017,0,,0.0,batch_017.txt,695,test
batch_017:696,batch_017,1,P41_06_notch,6.0,batch_017.txt,696,validation
batch_017:697,batch_017,1,P41_06_notch,6.0,batch_017.txt,697,validation
batch_017:698,batch_017,1,P41_05,17.0,batch_017.txt,698,test
batch_017:699,batch_017,0,,0.0,batch_017.txt,699,train
batch_017:700,batch_017,0,,0.0,batch_017.txt,700,train
batch_017:701,batch_017,1,P41_01,2.0,batch_017.txt,701,train
batch_017:702,batch_017,1,P41_06_notch,6.0,batch_017.txt,702,train
batch_017:703,batch_017,1,P41_05,17.0,batch_017.txt,703,validation
batch_017:704,batch_017,1,P41_04,6.0,batch_017.txt,704,test
batch_017:705,batch_017,0,,0.0,batch_017.txt,705,train
batch_017:706,batch_017,0,,0.0,batch_017.txt,706,validation
batch_017:707,batch_017,1,P41_04,6.0,batch_017.txt,707,validation
batch_017:708,batch_017,0,,0.0,batch_017.txt,708,train
batch_017:709,batch_017,0,,0.0,batch_017.txt,709,train
batch_017:710,batch_017,0,,0.0,batch_017.txt,710,test
batch_017:711,batch_017,1,P41_06_notch,6.0,batch_017.txt,711,train
batch_017:712,batch_017,1,P41_02,3.0,batch_017.txt,712,train
batch_017:713,batch_017,0,,0.0,batch_017.txt,713,train
batch_017:714,batch_017,0,,0.0,batch_017.txt,714,train
batch_017:715,batch_017,0,,0.0,batch_017.txt,715,train
batch_017:716,batch_017,0,,0.0,batch_017.txt,716,validation
batch_017:717,batch_017,1,P41_04,6.0,batch_017.txt,717,train
batch_017:718,batch_017,1,P41_06_notch,6.0,batch_017.txt,718,train
batch_017:719,batch_017,1,P41_02,3.0,batch_017.txt,719,train
batch_017:720,batch_017,0,,0.0,batch_017.txt,720,train
batch_017:721,batch_017,1,P41_02,3.0,batch_017.txt,721,validation
batch_017:722,batch_017,1,P41_03,26.0,batch_017.txt,722,train
batch_017:723,batch_017,0,,0.0,batch_017.txt,723,train
batch_017:724,batch_017,0,,0.0,batch_017.txt,724,validation
batch_017:725,batch_017,1,P41_04,6.0,batch_017.txt,725,train
batch_017:726,batch_017,1,P41_05,17.0,batch_017.txt,726,test
batch_017:727,batch_017,0,,0.0,batch_017.txt,727,train
batch_017:728,batch_017,0,,0.0,batch_017.txt,728,train
batch_017:729,batch_017,1,P41_03,26.0,batch_017.txt,729,validation
batch_017:730,batch_017,0,,0.0,batch_017.txt,730,train
batch_017:731,batch_017,1,P41_05,17.0,batch_017.txt,731,train
batch_017:732,batch_017,1,P41_05,17.0,batch_017.txt,732,train
batch_017:733,batch_017,1,P41_05,17.0,batch_017.txt,733,train
batch_017:734,batch_017,0,,0.0,batch_017.txt,734,train
batch_017:735,batch_017,0,,0.0,batch_017.txt,735,train
batch_017:736,batch_017,1,P41_05,17.0,batch_017.txt,736,train
batch_017:737,batch_017,1,P41_05,17.0,batch_017.txt,737,train
batch_017:738,batch_017,0,,0.0,batch_017.txt,738,train
batch_017:739,batch_017,1,P41_05,17.0,batch_017.txt,739,test
batch_017:740,batch_017,1,P41_01,2.0,batch_017.txt,740,validation
batch_017:741,batch_017,1,P41_06_notch,6.0,batch_017.txt,741,train
batch_017:742,batch_017,1,P41_04,6.0,batch_017.txt,742,validation
batch_017:743,batch_017,0,,0.0,batch_017.txt,743,test
batch_017:744,batch_017,0,,0.0,batch_017.txt,744,train
batch_017:745,batch_017,0,,0.0,batch_017.txt,745,train
batch_017:746,batch_017,1,P41_06_notch,6.0,batch_017.txt,746,train
batch_017:747,batch_017,0,,0.0,batch_017.txt,747,test
batch_017:748,batch_017,1,P41_01,2.0,batch_017.txt,748,train
batch_017:749,batch_017,0,,0.0,batch_017.txt,749,train
batch_017:750,batch_017,1,P41_05,17.0,batch_017.txt,750,train
batch_017:751,batch_017,0,,0.0,batch_017.txt,751,test
batch_017:752,batch_017,0,,0.0,batch_017.txt,752,train
batch_017:753,batch_017,0,,0.0,batch_017.txt,753,validation
batch_017:754,batch_017,1,P41_05,17.0,batch_017.txt,754,train
batch_017:755,batch_017,0,,0.0,batch_017.txt,755,validation
batch_017:756,batch_017,1,P41_02,3.0,batch_017.txt,756,train
batch_017:757,batch_017,0,,0.0,batch_017.txt,757,train
batch_017:758,batch_017,1,P41_05,17.0,batch_017.txt,758,test
batch_017:759,batch_017,1,P41_03,26.0,batch_017.txt,759,train
batch_017:760,batch_017,0,,0.0,batch_017.txt,760,train
batch_017:761,batch_017,0,,0.0,batch_017.txt,761,train
batch_017:762,batch_017,0,,0.0,batch_017.txt,762,train
batch_017:763,batch_017,1,P41_05,17.0,batch_017.txt,763,train
batch_017:764,batch_017,0,,0.0,batch_017.txt,764,train
batch_017:765,batch_017,0,,0.0,batch_017.txt,765,test
batch_017:766,batch_017,1,P41_06_notch,6.0,batch_017.txt,766,train
batch_017:767,batch_017,1,P41_04,6.0,batch_017.txt,767,test
batch_017:768,batch_017,1,P41_04,6.0,batch_017.txt,768,train
batch_017:769,batch_017,0,,0.0,batch_017.txt,769,train
batch_017:770,batch_017,1,P41_04,6.0,batch_017.txt,770,train
batch_017:771,batch_017,1,P41_06_notch,6.0,batch_017.txt,771,validation
batch_017:772,batch_017,1,P41_06_notch,6.0,batch_017.txt,772,train
batch_017:773,batch_017,0,,0.0,batch_017.txt,773,train
batch_017:774,batch_017,0,,0.0,batch_017.txt,774,validation
batch_017:775,batch_017,1,P41_06_notch,6.0,batch_017.txt,775,train
batch_017:776,batch_017,0,,0.0,batch_017.txt,776,test
batch_017:777,batch_017,0,,0.0,batch_017.txt,777,test
batch_017:778,batch_017,1,P41_01,2.0,batch_017.txt,778,train
batch_017:779,batch_017,1,P41_03,26.0,batch_017.txt,779,train
batch_017:780,batch_017,1,P41_02,3.0,batch_017.txt,780,test
batch_017:781,batch_017,1,P41_06_notch,6.0,batch_017.txt,781,train
batch_017:782,batch_017,0,,0.0,batch_017.txt,782,train
batch_017:783,batch_017,1,P41_03,26.0,batch_017.txt,783,train
batch_017:784,batch_017,0,,0.0,batch_017.txt,784,train
batch_017:785,batch_017,1,P41_05,17.0,batch_017.txt,785,test
batch_017:786,batch_017,0,,0.0,batch_017.txt,786,train
batch_017:787,batch_017,1,P41_02,3.0,batch_017.txt,787,train
batch_017:788,batch_017,0,,0.0,batch_017.txt,788,train
batch_017:789,batch_017,1,P41_06_notch,6.0,batch_017.txt,789,test
batch_017:790,batch_017,1,P41_04,6.0,batch_017.txt,790,train
batch_017:791,batch_017,1,P41_02,3.0,batch_017.txt,791,train
batch_017:792,batch_017,0,,0.0,batch_017.txt,792,train
batch_017:793,batch_017,1,P41_03,26.0,batch_017.txt,793,test
batch_017:794,batch_017,0,,0.0,batch_017.txt,794,train
batch_017:795,batch_017,1,P41_04,6.0,batch_017.txt,795,test
batch_017:796,batch_017,0,,0.0,batch_017.txt,796,train
batch_017:797,batch_017,1,P41_06_notch,6.0,batch_017.txt,797,validation
batch_017:798,batch_017,1,P41_04,6.0,batch_017.txt,798,train
batch_017:799,batch_017,0,,0.0,batch_017.txt,799,train
batch_017:800,batch_017,1,P41_03,26.0,batch_017.txt,800,train
batch_017:801,batch_017,1,P41_05,17.0,batch_017.txt,801,train
batch_017:802,batch_017,1,P41_01,2.0,batch_017.txt,802,train
batch_017:803,batch_017,0,,0.0,batch_017.txt,803,train
batch_017:804,batch_017,0,,0.0,batch_017.txt,804,test
batch_017:805,batch_017,0,,0.0,batch_017.txt,805,train
batch_017:806,batch_017,1,P41_04,6.0,batch_017.txt,806,validation
batch_017:807,batch_017,0,,0.0,batch_017.txt,807,train
batch_017:808,batch_017,0,,0.0,batch_017.txt,808,train
batch_017:809,batch_017,1,P41_03,26.0,batch_017.txt,809,train
batch_017:810,batch_017,1,P41_04,6.0,batch_017.txt,810,train
batch_017:811,batch_017,0,,0.0,batch_017.txt,811,validation
batch_017:812,batch_017,1,P41_01,2.0,batch_017.txt,812,train
batch_017:813,batch_017,0,,0.0,batch_017.txt,813,train
batch_017:814,batch_017,1,P41_02,3.0,batch_017.txt,814,train
batch_017:815,batch_017,1,P41_06_notch,6.0,batch_017.txt,815,train
batch_017:816,batch_017,0,,0.0,batch_017.txt,816,train
batch_017:817,batch_017,0,,0.0,batch_017.txt,817,train
batch_017:818,batch_017,0,,0.0,batch_017.txt,818,train
batch_017:819,batch_017,1,P41_01,2.0,batch_017.txt,819,test
batch_017:820,batch_017,0,,0.0,batch_017.txt,820,validation
batch_017:821,batch_017,0,,0.0,batch_017.txt,821,train
batch_017:822,batch_017,0,,0.0,batch_017.txt,822,train
batch_017:823,batch_017,1,P41_05,17.0,batch_017.txt,823,validation
batch_017:824,batch_017,1,P41_04,6.0,batch_017.txt,824,train
batch_017:825,batch_017,0,,0.0,batch_017.txt,825,train
batch_017:826,batch_017,0,,0.0,batch_017.txt,826,validation
batch_017:827,batch_017,1,P41_03,26.0,batch_017.txt,827,validation
batch_017:828,batch_017,0,,0.0,batch_017.txt,828,train
batch_017:829,batch_017,1,P41_04,6.0,batch_017.txt,829,train
batch_017:830,batch_017,0,,0.0,batch_017.txt,830,train
batch_017:831,batch_017,0,,0.0,batch_017.txt,831,train
batch_017:832,batch_017,1,P41_02,3.0,batch_017.txt,832,train
batch_017:833,batch_017,1,P41_06_notch,6.0,batch_017.txt,833,test
batch_017:834,batch_017,1,P41_02,3.0,batch_017.txt,834,validation
batch_017:835,batch_017,0,,0.0,batch_017.txt,835,test
batch_017:836,batch_017,1,P41_01,2.0,batch_017.txt,836,train
batch_017:837,batch_017,1,P41_04,6.0,batch_017.txt,837,train
batch_017:838,batch_017,0,,0.0,batch_017.txt,838,validation
batch_017:839,batch_017,0,,0.0,batch_017.txt,839,train
batch_017:840,batch_017,0,,0.0,batch_017.txt,840,train
batch_017:841,batch_017,0,,0.0,batch_017.txt,841,validation
batch_017:842,batch_017,0,,0.0,batch_017.txt,842,test
batch_017:843,batch_017,1,P41_03,26.0,batch_017.txt,843,train
batch_017:844,batch_017,1,P41_02,3.0,batch_017.txt,844,train
batch_017:845,batch_017,1,P41_03,26.0,batch_017.txt,845,train
batch_017:846,batch_017,0,,0.0,batch_017.txt,846,validation
batch_017:847,batch_017,1,P41_01,2.0,batch_017.txt,847,train
batch_017:848,batch_017,1,P41_03,26.0,batch_017.txt,848,train
batch_017:849,batch_017,0,,0.0,batch_017.txt,849,train
batch_017:850,batch_017,0,,0.0,batch_017.txt,850,test
batch_017:851,batch_017,0,,0.0,batch_017.txt,851,train
batch_017:852,batch_017,0,,0.0,batch_017.txt,852,train
batch_017:853,batch_017,1,P41_03,26.0,batch_017.txt,853,train
batch_017:854,batch_017,0,,0.0,batch_017.txt,854,train
batch_017:855,batch_017,0,,0.0,batch_017.txt,855,validation
batch_017:856,batch_017,1,P41_03,26.0,batch_017.txt,856,train
batch_017:857,batch_017,0,,0.0,batch_017.txt,857,test
batch_017:858,batch_017,0,,0.0,batch_017.txt,858,validation
batch_017:859,batch_017,0,,0.0,batch_017.txt,859,train
batch_017:860,batch_017,1,P41_02,3.0,batch_017.txt,860,train
batch_017:861,batch_017,0,,0.0,batch_017.txt,861,train
batch_017:862,batch_017,0,,0.0,batch_017.txt,862,test
batch_017:863,batch_017,1,P41_06_notch,6.0,batch_017.txt,863,train
batch_017:864,batch_017,0,,0.0,batch_017.txt,864,train
batch_017:865,batch_017,0,,0.0,batch_017.txt,865,train
batch_017:866,batch_017,0,,0.0,batch_017.txt,866,test
batch_017:867,batch_017,0,,0.0,batch_017.txt,867,train
batch_017:868,batch_017,1,P41_01,2.0,batch_017.txt,868,test
batch_017:869,batch_017,1,P41_02,3.0,batch_017.txt,869,train
batch_017:870,batch_017,0,,0.0,batch_017.txt,870,train
batch_017:871,batch_017,1,P41_05,17.0,batch_017.txt,871,train
batch_017:872,batch_017,0,,0.0,batch_017.txt,872,test
batch_017:873,batch_017,0,,0.0,batch_017.txt,873,test
batch_017:874,batch_017,0,,0.0,batch_017.txt,874,train
batch_017:875,batch_017,0,,0.0,batch_017.txt,875,train
batch_017:876,batch_017,1,P41_01,2.0,batch_017.txt,876,validation
batch_017:877,batch_017,1,P41_04,6.0,batch_017.txt,877,train
batch_017:878,batch_017,0,,0.0,batch_017.txt,878,validation
batch_017:879,batch_017,1,P41_01,2.0,batch_017.txt,879,train
batch_017:880,batch_017,0,,0.0,batch_017.txt,880,train
batch_017:881,batch_017,1,P41_04,6.0,batch_017.txt,881,train
batch_017:882,batch_017,0,,0.0,batch_017.txt,882,train
batch_017:883,batch_017,1,P41_02,3.0,batch_017.txt,883,train
batch_017:884,batch_017,0,,0.0,batch_017.txt,884,train
batch_017:885,batch_017,1,P41_04,6.0,batch_017.txt,885,train
batch_017:886,batch_017,0,,0.0,batch_017.txt,886,test
batch_017:887,batch_017,1,P41_04,6.0,batch_017.txt,887,train
batch_017:888,batch_017,0,,0.0,batch_017.txt,888,train
batch_017:889,batch_017,1,P41_05,17.0,batch_017.txt,889,test
batch_017:890,batch_017,0,,0.0,batch_017.txt,890,train
batch_017:891,batch_017,0,,0.0,batch_017.txt,891,validation
batch_017:892,batch_017,0,,0.0,batch_017.txt,892,train
batch_017:893,batch_017,1,P41_06_notch,6.0,batch_017.txt,893,test
batch_017:894,batch_017,0,,0.0,batch_017.txt,894,train
batch_017:895,batch_017,1,P41_03,26.0,batch_017.txt,895,train
batch_017:896,batch_017,0,,0.0,batch_017.txt,896,test
batch_017:897,batch_017,1,P41_05,17.0,batch_017.txt,897,train
batch_017:898,batch_017,0,,0.0,batch_017.txt,898,test
batch_017:899,batch_017,0,,0.0,batch_017.txt,899,train
batch_017:900,batch_017,1,P41_01,2.0,batch_017.txt,900,test
batch_017:901,batch_017,0,,0.0,batch_017.txt,901,train
batch_017:902,batch_017,0,,0.0,batch_017.txt,902,train
batch_017:903,batch_017,0,,0.0,batch_017.txt,903,validation
batch_017:904,batch_017,1,P41_01,2.0,batch_017.txt,904,train
batch_017:905,batch_017,0,,0.0,batch_017.txt,905,train
batch_017:906,batch_017,1,P41_04,6.0,batch_017.txt,906,validation
batch_017:907,batch_017,0,,0.0,batch_017.txt,907,test
batch_017:908,batch_017,1,P41_06_notch,6.0,batch_017.txt,908,train
batch_017:909,batch_017,0,,0.0,batch_017.txt,909,validation
batch_017:910,batch_017,0,,0.0,batch_017.txt,910,train
batch_017:911,batch_017,1,P41_06_notch,6.0,batch_017.txt,911,validation
batch_017:912,batch_017,0,,0.0,batch_017.txt,912,train
batch_017:913,batch_017,1,P41_03,26.0,batch_017.txt,913,train
batch_017:914,batch_017,0,,0.0,batch_017.txt,914,train
batch_017:915,batch_017,1,P41_01,2.0,batch_017.txt,915,train
batch_017:916,batch_017,1,P41_01,2.0,batch_017.txt,916,train
batch_017:917,batch_017,0,,0.0,batch_017.txt,917,test
batch_017:918,batch_017,0,,0.0,batch_017.txt,918,train
batch_017:919,batch_017,1,P41_03,26.0,batch_017.txt,919,train
batch_017:920,batch_017,0,,0.0,batch_017.txt,920,train
batch_017:921,batch_017,1,P41_03,26.0,batch_017.txt,921,train
batch_017:922,batch_017,0,,0.0,batch_017.txt,922,train
batch_017:923,batch_017,0,,0.0,batch_017.txt,923,train
batch_017:924,batch_017,1,P41_02,3.0,batch_017.txt,924,test
batch_017:925,batch_017,0,,0.0,batch_017.txt,925,train
batch_017:926,batch_017,1,P41_04,6.0,batch_017.txt,926,validation
batch_017:927,batch_017,1,P41_01,2.0,batch_017.txt,927,train
batch_017:928,batch_017,0,,0.0,batch_017.txt,928,train
batch_017:929,batch_017,0,,0.0,batch_017.txt,929,train
batch_017:930,batch_017,0,,0.0,batch_017.txt,930,train
batch_017:931,batch_017,0,,0.0,batch_017.txt,931,train
batch_017:932,batch_017,0,,0.0,batch_017.txt,932,train
batch_017:933,batch_017,0,,0.0,batch_017.txt,933,test
batch_017:934,batch_017,0,,0.0,batch_017.txt,934,test
batch_017:935,batch_017,0,,0.0,batch_017.txt,935,test
batch_017:936,batch_017,0,,0.0,batch_017.txt,936,train
batch_017:937,batch_017,0,,0.0,batch_017.txt,937,train
batch_017:938,batch_017,0,,0.0,batch_017.txt,938,train
batch_017:939,batch_017,0,,0.0,batch_017.txt,939,test
batch_017:940,batch_017,0,,0.0,batch_017.txt,940,train
batch_017:941,batch_017,0,,0.0,batch_017.txt,941,validation
batch_017:942,batch_017,1,P41_05,17.0,batch_017.txt,942,test
batch_017:943,batch_017,0,,0.0,batch_017.txt,943,train
batch_017:944,batch_017,0,,0.0,batch_017.txt,944,test
batch_017:945,batch_017,0,,0.0,batch_017.txt,945,train
batch_017:946,batch_017,0,,0.0,batch_017.txt,946,train
batch_017:947,batch_017,1,P41_02,3.0,batch_017.txt,947,test
batch_017:948,batch_017,0,,0.0,batch_017.txt,948,train
batch_017:949,batch_017,1,P41_03,26.0,batch_017.txt,949,validation
batch_017:950,batch_017,0,,0.0,batch_017.txt,950,train
batch_017:951,batch_017,1,P41_03,26.0,batch_017.txt,951,train
batch_017:952,batch_017,1,P41_01,2.0,batch_017.txt,952,train
batch_017:953,batch_017,0,,0.0,batch_017.txt,953,train
batch_017:954,batch_017,0,,0.0,batch_017.txt,954,train
batch_017:955,batch_017,1,P41_04,6.0,batch_017.txt,955,train
batch_017:956,batch_017,1,P41_06_notch,6.0,batch_017.txt,956,train
batch_017:957,batch_017,0,,0.0,batch_017.txt,957,train
batch_017:958,batch_017,1,P41_05,17.0,batch_017.txt,958,validation
batch_017:959,batch_017,0,,0.0,batch_017.txt,959,validation
batch_017:960,batch_017,1,P41_03,26.0,batch_017.txt,960,test
batch_017:961,batch_017,1,P41_01,2.0,batch_017.txt,961,validation
batch_017:962,batch_017,1,P41_05,17.0,batch_017.txt,962,validation
batch_017:963,batch_017,0,,0.0,batch_017.txt,963,train
batch_017:964,batch_017,1,P41_03,26.0,batch_017.txt,964,train
batch_017:965,batch_017,1,P41_06_notch,6.0,batch_017.txt,965,train
batch_017:966,batch_017,1,P41_05,17.0,batch_017.txt,966,train
batch_017:967,batch_017,1,P41_03,26.0,batch_017.txt,967,train
batch_017:968,batch_017,0,,0.0,batch_017.txt,968,train
batch_017:969,batch_017,0,,0.0,batch_017.txt,969,train
batch_017:970,batch_017,0,,0.0,batch_017.txt,970,test
batch_017:971,batch_017,1,P41_05,17.0,batch_017.txt,971,train
batch_017:972,batch_017,1,P41_05,17.0,batch_017.txt,972,train
batch_017:973,batch_017,0,,0.0,batch_017.txt,973,test
batch_017:974,batch_017,1,P41_04,6.0,batch_017.txt,974,test
batch_017:975,batch_017,1,P41_02,3.0,batch_017.txt,975,train
batch_017:976,batch_017,0,,0.0,batch_017.txt,976,train
batch_017:977,batch_017,1,P41_01,2.0,batch_017.txt,977,train
batch_017:978,batch_017,0,,0.0,batch_017.txt,978,train
batch_017:979,batch_017,1,P41_03,26.0,batch_017.txt,979,train
batch_017:980,batch_017,1,P41_01,2.0,batch_017.txt,980,train
batch_017:981,batch_017,0,,0.0,batch_017.txt,981,validation
batch_017:982,batch_017,0,,0.0,batch_017.txt,982,test
batch_017:983,batch_017,0,,0.0,batch_017.txt,983,test
batch_017:984,batch_017,0,,0.0,batch_017.txt,984,train
batch_017:985,batch_017,1,P41_06_notch,6.0,batch_017.txt,985,train
batch_017:986,batch_017,0,,0.0,batch_017.txt,986,train
batch_017:987,batch_017,0,,0.0,batch_017.txt,987,test
batch_017:988,batch_017,1,P41_05,17.0,batch_017.txt,988,train
batch_017:989,batch_017,1,P41_04,6.0,batch_017.txt,989,train
batch_017:990,batch_017,1,P41_03,26.0,batch_017.txt,990,train
batch_017:991,batch_017,0,,0.0,batch_017.txt,991,train
batch_017:992,batch_017,0,,0.0,batch_017.txt,992,train
batch_017:993,batch_017,1,P41_06_notch,6.0,batch_017.txt,993,validation
batch_017:994,batch_017,1,P41_06_notch,6.0,batch_017.txt,994,validation
batch_017:995,batch_017,1,P41_04,6.0,batch_017.txt,995,train
batch_017:996,batch_017,1,P41_05,17.0,batch_017.txt,996,test
batch_017:997,batch_017,1,P41_01,2.0,batch_017.txt,997,validation
batch_017:998,batch_017,1,P41_06_notch,6.0,batch_017.txt,998,train
batch_017:999,batch_017,0,,0.0,batch_017.txt,999,train
batch_017:1000,batch_017,1,P41_05,17.0,batch_017.txt,1000,test
batch_018:1,batch_018,1,P41_04,6.0,batch_018.txt,1,train
batch_018:2,batch_018,1,P41_06_notch,6.0,batch_018.txt,2,validation
batch_018:3,batch_018,0,,0.0,batch_018.txt,3,train
batch_018:4,batch_018,0,,0.0,batch_018.txt,4,train
batch_018:5,batch_018,1,P41_04,6.0,batch_018.txt,5,train
batch_018:6,batch_018,1,P41_03,26.0,batch_018.txt,6,test
batch_018:7,batch_018,1,P41_02,3.0,batch_018.txt,7,validation
batch_018:8,batch_018,0,,0.0,batch_018.txt,8,test
batch_018:9,batch_018,1,P41_01,2.0,batch_018.txt,9,validation
batch_018:10,batch_018,0,,0.0,batch_018.txt,10,train
batch_018:11,batch_018,1,P41_03,26.0,batch_018.txt,11,train
batch_018:12,batch_018,0,,0.0,batch_018.txt,12,test
batch_018:13,batch_018,1,P41_01,2.0,batch_018.txt,13,train
batch_018:14,batch_018,1,P41_01,2.0,batch_018.txt,14,test
batch_018:15,batch_018,0,,0.0,batch_018.txt,15,train
batch_018:16,batch_018,0,,0.0,batch_018.txt,16,train
batch_018:17,batch_018,1,P41_02,3.0,batch_018.txt,17,train
batch_018:18,batch_018,0,,0.0,batch_018.txt,18,train
batch_018:19,batch_018,1,P41_04,6.0,batch_018.txt,19,train
batch_018:20,batch_018,1,P41_03,26.0,batch_018.txt,20,train
batch_018:21,batch_018,1,P41_01,2.0,batch_018.txt,21,train
batch_018:22,batch_018,0,,0.0,batch_018.txt,22,train
batch_018:23,batch_018,1,P41_06_notch,6.0,batch_018.txt,23,train
batch_018:24,batch_018,0,,0.0,batch_018.txt,24,train
batch_018:25,batch_018,0,,0.0,batch_018.txt,25,train
batch_018:26,batch_018,0,,0.0,batch_018.txt,26,train
batch_018:27,batch_018,1,P41_06_notch,6.0,batch_018.txt,27,train
batch_018:28,batch_018,1,P41_05,17.0,batch_018.txt,28,test
batch_018:29,batch_018,0,,0.0,batch_018.txt,29,test
batch_018:30,batch_018,1,P41_06_notch,6.0,batch_018.txt,30,validation
batch_018:31,batch_018,1,P41_01,2.0,batch_018.txt,31,train
batch_018:32,batch_018,1,P41_02,3.0,batch_018.txt,32,validation
batch_018:33,batch_018,1,P41_02,3.0,batch_018.txt,33,train
batch_018:34,batch_018,0,,0.0,batch_018.txt,34,train
batch_018:35,batch_018,1,P41_03,26.0,batch_018.txt,35,test
batch_018:36,batch_018,0,,0.0,batch_018.txt,36,train
batch_018:37,batch_018,1,P41_03,26.0,batch_018.txt,37,train
batch_018:38,batch_018,0,,0.0,batch_018.txt,38,train
batch_018:39,batch_018,0,,0.0,batch_018.txt,39,train
batch_018:40,batch_018,0,,0.0,batch_018.txt,40,validation
batch_018:41,batch_018,0,,0.0,batch_018.txt,41,validation
batch_018:42,batch_018,0,,0.0,batch_018.txt,42,train
batch_018:43,batch_018,0,,0.0,batch_018.txt,43,train
batch_018:44,batch_018,0,,0.0,batch_018.txt,44,train
batch_018:45,batch_018,1,P41_05,17.0,batch_018.txt,45,train
batch_018:46,batch_018,1,P41_01,2.0,batch_018.txt,46,train
batch_018:47,batch_018,1,P41_05,17.0,batch_018.txt,47,test
batch_018:48,batch_018,0,,0.0,batch_018.txt,48,validation
batch_018:49,batch_018,0,,0.0,batch_018.txt,49,train
batch_018:50,batch_018,1,P41_01,2.0,batch_018.txt,50,train
batch_018:51,batch_018,1,P41_05,17.0,batch_018.txt,51,train
batch_018:52,batch_018,1,P41_05,17.0,batch_018.txt,52,train
batch_018:53,batch_018,1,P41_01,2.0,batch_018.txt,53,train
batch_018:54,batch_018,1,P41_05,17.0,batch_018.txt,54,train
batch_018:55,batch_018,0,,0.0,batch_018.txt,55,test
batch_018:56,batch_018,0,,0.0,batch_018.txt,56,test
batch_018:57,batch_018,0,,0.0,batch_018.txt,57,train
batch_018:58,batch_018,0,,0.0,batch_018.txt,58,test
batch_018:59,batch_018,1,P41_06_notch,6.0,batch_018.txt,59,validation
batch_018:60,batch_018,1,P41_02,3.0,batch_018.txt,60,train
batch_018:61,batch_018,1,P41_03,26.0,batch_018.txt,61,validation
batch_018:62,batch_018,1,P41_05,17.0,batch_018.txt,62,validation
batch_018:63,batch_018,1,P41_06_notch,6.0,batch_018.txt,63,train
batch_018:64,batch_018,0,,0.0,batch_018.txt,64,test
batch_018:65,batch_018,1,P41_04,6.0,batch_018.txt,65,test
batch_018:66,batch_018,1,P41_01,2.0,batch_018.txt,66,train
batch_018:67,batch_018,0,,0.0,batch_018.txt,67,train
batch_018:68,batch_018,1,P41_05,17.0,batch_018.txt,68,validation
batch_018:69,batch_018,0,,0.0,batch_018.txt,69,train
batch_018:70,batch_018,0,,0.0,batch_018.txt,70,train
batch_018:71,batch_018,0,,0.0,batch_018.txt,71,train
batch_018:72,batch_018,0,,0.0,batch_018.txt,72,validation
batch_018:73,batch_018,1,P41_01,2.0,batch_018.txt,73,train
batch_018:74,batch_018,0,,0.0,batch_018.txt,74,train
batch_018:75,batch_018,1,P41_02,3.0,batch_018.txt,75,train
batch_018:76,batch_018,0,,0.0,batch_018.txt,76,train
batch_018:77,batch_018,0,,0.0,batch_018.txt,77,train
batch_018:78,batch_018,0,,0.0,batch_018.txt,78,test
batch_018:79,batch_018,1,P41_04,6.0,batch_018.txt,79,train
batch_018:80,batch_018,0,,0.0,batch_018.txt,80,validation
batch_018:81,batch_018,1,P41_06_notch,6.0,batch_018.txt,81,test
batch_018:82,batch_018,0,,0.0,batch_018.txt,82,train
batch_018:83,batch_018,1,P41_02,3.0,batch_018.txt,83,validation
batch_018:84,batch_018,1,P41_05,17.0,batch_018.txt,84,test
batch_018:85,batch_018,0,,0.0,batch_018.txt,85,train
batch_018:86,batch_018,1,P41_01,2.0,batch_018.txt,86,test
batch_018:87,batch_018,1,P41_02,3.0,batch_018.txt,87,train
batch_018:88,batch_018,0,,0.0,batch_018.txt,88,validation
batch_018:89,batch_018,1,P41_02,3.0,batch_018.txt,89,train
batch_018:90,batch_018,1,P41_04,6.0,batch_018.txt,90,train
batch_018:91,batch_018,0,,0.0,batch_018.txt,91,train
batch_018:92,batch_018,0,,0.0,batch_018.txt,92,train
batch_018:93,batch_018,1,P41_06_notch,6.0,batch_018.txt,93,train
batch_018:94,batch_018,0,,0.0,batch_018.txt,94,validation
batch_018:95,batch_018,1,P41_01,2.0,batch_018.txt,95,train
batch_018:96,batch_018,0,,0.0,batch_018.txt,96,test
batch_018:97,batch_018,1,P41_05,17.0,batch_018.txt,97,train
batch_018:98,batch_018,1,P41_02,3.0,batch_018.txt,98,train
batch_018:99,batch_018,1,P41_02,3.0,batch_018.txt,99,test
batch_018:100,batch_018,0,,0.0,batch_018.txt,100,train
batch_018:101,batch_018,0,,0.0,batch_018.txt,101,validation
batch_018:102,batch_018,0,,0.0,batch_018.txt,102,train
batch_018:103,batch_018,0,,0.0,batch_018.txt,103,test
batch_018:104,batch_018,1,P41_04,6.0,batch_018.txt,104,train
batch_018:105,batch_018,1,P41_04,6.0,batch_018.txt,105,train
batch_018:106,batch_018,0,,0.0,batch_018.txt,106,train
batch_018:107,batch_018,1,P41_04,6.0,batch_018.txt,107,train
batch_018:108,batch_018,1,P41_06_notch,6.0,batch_018.txt,108,validation
batch_018:109,batch_018,1,P41_06_notch,6.0,batch_018.txt,109,test
batch_018:110,batch_018,0,,0.0,batch_018.txt,110,train
batch_018:111,batch_018,0,,0.0,batch_018.txt,111,train
batch_018:112,batch_018,1,P41_03,26.0,batch_018.txt,112,test
batch_018:113,batch_018,1,P41_05,17.0,batch_018.txt,113,train
batch_018:114,batch_018,1,P41_03,26.0,batch_018.txt,114,train
batch_018:115,batch_018,0,,0.0,batch_018.txt,115,train
batch_018:116,batch_018,1,P41_06_notch,6.0,batch_018.txt,116,train
batch_018:117,batch_018,1,P41_06_notch,6.0,batch_018.txt,117,train
batch_018:118,batch_018,1,P41_06_notch,6.0,batch_018.txt,118,train
batch_018:119,batch_018,1,P41_05,17.0,batch_018.txt,119,train
batch_018:120,batch_018,0,,0.0,batch_018.txt,120,train
batch_018:121,batch_018,1,P41_06_notch,6.0,batch_018.txt,121,train
batch_018:122,batch_018,1,P41_02,3.0,batch_018.txt,122,train
batch_018:123,batch_018,1,P41_04,6.0,batch_018.txt,123,train
batch_018:124,batch_018,0,,0.0,batch_018.txt,124,test
batch_018:125,batch_018,0,,0.0,batch_018.txt,125,train
batch_018:126,batch_018,1,P41_01,2.0,batch_018.txt,126,train
batch_018:127,batch_018,0,,0.0,batch_018.txt,127,train
batch_018:128,batch_018,1,P41_04,6.0,batch_018.txt,128,train
batch_018:129,batch_018,0,,0.0,batch_018.txt,129,validation
batch_018:130,batch_018,0,,0.0,batch_018.txt,130,train
batch_018:131,batch_018,1,P41_01,2.0,batch_018.txt,131,train
batch_018:132,batch_018,1,P41_05,17.0,batch_018.txt,132,train
batch_018:133,batch_018,0,,0.0,batch_018.txt,133,train
batch_018:134,batch_018,1,P41_01,2.0,batch_018.txt,134,validation
batch_018:135,batch_018,0,,0.0,batch_018.txt,135,train
batch_018:136,batch_018,0,,0.0,batch_018.txt,136,validation
batch_018:137,batch_018,1,P41_02,3.0,batch_018.txt,137,test
batch_018:138,batch_018,0,,0.0,batch_018.txt,138,train
batch_018:139,batch_018,1,P41_03,26.0,batch_018.txt,139,train
batch_018:140,batch_018,1,P41_04,6.0,batch_018.txt,140,train
batch_018:141,batch_018,1,P41_06_notch,6.0,batch_018.txt,141,train
batch_018:142,batch_018,0,,0.0,batch_018.txt,142,train
batch_018:143,batch_018,0,,0.0,batch_018.txt,143,test
batch_018:144,batch_018,1,P41_01,2.0,batch_018.txt,144,train
batch_018:145,batch_018,1,P41_06_notch,6.0,batch_018.txt,145,validation
batch_018:146,batch_018,1,P41_02,3.0,batch_018.txt,146,test
batch_018:147,batch_018,0,,0.0,batch_018.txt,147,train
batch_018:148,batch_018,1,P41_05,17.0,batch_018.txt,148,train
batch_018:149,batch_018,1,P41_03,26.0,batch_018.txt,149,train
batch_018:150,batch_018,0,,0.0,batch_018.txt,150,train
batch_018:151,batch_018,1,P41_05,17.0,batch_018.txt,151,train
batch_018:152,batch_018,1,P41_02,3.0,batch_018.txt,152,train
batch_018:153,batch_018,0,,0.0,batch_018.txt,153,validation
batch_018:154,batch_018,0,,0.0,batch_018.txt,154,train
batch_018:155,batch_018,0,,0.0,batch_018.txt,155,train
batch_018:156,batch_018,0,,0.0,batch_018.txt,156,test
batch_018:157,batch_018,1,P41_05,17.0,batch_018.txt,157,train
batch_018:158,batch_018,1,P41_02,3.0,batch_018.txt,158,train
batch_018:159,batch_018,0,,0.0,batch_018.txt,159,train
batch_018:160,batch_018,1,P41_04,6.0,batch_018.txt,160,train
batch_018:161,batch_018,1,P41_02,3.0,batch_018.txt,161,train
batch_018:162,batch_018,1,P41_01,2.0,batch_018.txt,162,validation
batch_018:163,batch_018,0,,0.0,batch_018.txt,163,test
batch_018:164,batch_018,0,,0.0,batch_018.txt,164,test
batch_018:165,batch_018,0,,0.0,batch_018.txt,165,train
batch_018:166,batch_018,1,P41_01,2.0,batch_018.txt,166,test
batch_018:167,batch_018,1,P41_02,3.0,batch_018.txt,167,validation
batch_018:168,batch_018,0,,0.0,batch_018.txt,168,test
batch_018:169,batch_018,1,P41_03,26.0,batch_018.txt,169,train
batch_018:170,batch_018,1,P41_05,17.0,batch_018.txt,170,test
batch_018:171,batch_018,1,P41_03,26.0,batch_018.txt,171,train
batch_018:172,batch_018,1,P41_02,3.0,batch_018.txt,172,validation
batch_018:173,batch_018,0,,0.0,batch_018.txt,173,train
batch_018:174,batch_018,0,,0.0,batch_018.txt,174,train
batch_018:175,batch_018,1,P41_04,6.0,batch_018.txt,175,train
batch_018:176,batch_018,0,,0.0,batch_018.txt,176,train
batch_018:177,batch_018,0,,0.0,batch_018.txt,177,validation
batch_018:178,batch_018,1,P41_05,17.0,batch_018.txt,178,train
batch_018:179,batch_018,1,P41_03,26.0,batch_018.txt,179,validation
batch_018:180,batch_018,1,P41_05,17.0,batch_018.txt,180,train
batch_018:181,batch_018,0,,0.0,batch_018.txt,181,test
batch_018:182,batch_018,1,P41_03,26.0,batch_018.txt,182,test
batch_018:183,batch_018,1,P41_06_notch,6.0,batch_018.txt,183,train
batch_018:184,batch_018,0,,0.0,batch_018.txt,184,train
batch_018:185,batch_018,1,P41_06_notch,6.0,batch_018.txt,185,train
batch_018:186,batch_018,1,P41_05,17.0,batch_018.txt,186,train
batch_018:187,batch_018,0,,0.0,batch_018.txt,187,train
batch_018:188,batch_018,1,P41_04,6.0,batch_018.txt,188,train
batch_018:189,batch_018,0,,0.0,batch_018.txt,189,train
batch_018:190,batch_018,0,,0.0,batch_018.txt,190,validation
batch_018:191,batch_018,1,P41_06_notch,6.0,batch_018.txt,191,validation
batch_018:192,batch_018,0,,0.0,batch_018.txt,192,test
batch_018:193,batch_018,0,,0.0,batch_018.txt,193,train
batch_018:194,batch_018,0,,0.0,batch_018.txt,194,test
batch_018:195,batch_018,0,,0.0,batch_018.txt,195,train
batch_018:196,batch_018,0,,0.0,batch_018.txt,196,train
batch_018:197,batch_018,0,,0.0,batch_018.txt,197,train
batch_018:198,batch_018,1,P41_05,17.0,batch_018.txt,198,train
batch_018:199,batch_018,1,P41_05,17.0,batch_018.txt,199,train
batch_018:200,batch_018,1,P41_05,17.0,batch_018.txt,200,train
batch_018:201,batch_018,0,,0.0,batch_018.txt,201,train
batch_018:202,batch_018,0,,0.0,batch_018.txt,202,validation
batch_018:203,batch_018,1,P41_02,3.0,batch_018.txt,203,train
batch_018:204,batch_018,1,P41_04,6.0,batch_018.txt,204,train
batch_018:205,batch_018,1,P41_03,26.0,batch_018.txt,205,train
batch_018:206,batch_018,0,,0.0,batch_018.txt,206,train
batch_018:207,batch_018,0,,0.0,batch_018.txt,207,train
batch_018:208,batch_018,0,,0.0,batch_018.txt,208,train
batch_018:209,batch_018,0,,0.0,batch_018.txt,209,test
batch_018:210,batch_018,0,,0.0,batch_018.txt,210,validation
batch_018:211,batch_018,1,P41_02,3.0,batch_018.txt,211,test
batch_018:212,batch_018,0,,0.0,batch_018.txt,212,validation
batch_018:213,batch_018,0,,0.0,batch_018.txt,213,validation
batch_018:214,batch_018,1,P41_05,17.0,batch_018.txt,214,train
batch_018:215,batch_018,1,P41_01,2.0,batch_018.txt,215,validation
batch_018:216,batch_018,1,P41_02,3.0,batch_018.txt,216,test
batch_018:217,batch_018,1,P41_02,3.0,batch_018.txt,217,test
batch_018:218,batch_018,0,,0.0,batch_018.txt,218,train
batch_018:219,batch_018,0,,0.0,batch_018.txt,219,train
batch_018:220,batch_018,1,P41_02,3.0,batch_018.txt,220,test
batch_018:221,batch_018,1,P41_03,26.0,batch_018.txt,221,train
batch_018:222,batch_018,0,,0.0,batch_018.txt,222,test
batch_018:223,batch_018,1,P41_01,2.0,batch_018.txt,223,train
batch_018:224,batch_018,0,,0.0,batch_018.txt,224,train
batch_018:225,batch_018,0,,0.0,batch_018.txt,225,train
batch_018:226,batch_018,1,P41_01,2.0,batch_018.txt,226,train
batch_018:227,batch_018,1,P41_04,6.0,batch_018.txt,227,train
batch_018:228,batch_018,0,,0.0,batch_018.txt,228,train
batch_018:229,batch_018,1,P41_02,3.0,batch_018.txt,229,train
batch_018:230,batch_018,1,P41_02,3.0,batch_018.txt,230,train
batch_018:231,batch_018,1,P41_03,26.0,batch_018.txt,231,train
batch_018:232,batch_018,1,P41_04,6.0,batch_018.txt,232,train
batch_018:233,batch_018,0,,0.0,batch_018.txt,233,train
batch_018:234,batch_018,1,P41_06_notch,6.0,batch_018.txt,234,train
batch_018:235,batch_018,1,P41_03,26.0,batch_018.txt,235,train
batch_018:236,batch_018,1,P41_01,2.0,batch_018.txt,236,train
batch_018:237,batch_018,0,,0.0,batch_018.txt,237,train
batch_018:238,batch_018,0,,0.0,batch_018.txt,238,test
batch_018:239,batch_018,0,,0.0,batch_018.txt,239,train
batch_018:240,batch_018,0,,0.0,batch_018.txt,240,train
batch_018:241,batch_018,0,,0.0,batch_018.txt,241,validation
batch_018:242,batch_018,0,,0.0,batch_018.txt,242,train
batch_018:243,batch_018,0,,0.0,batch_018.txt,243,train
batch_018:244,batch_018,0,,0.0,batch_018.txt,244,train
batch_018:245,batch_018,0,,0.0,batch_018.txt,245,train
batch_018:246,batch_018,1,P41_05,17.0,batch_018.txt,246,train
batch_018:247,batch_018,1,P41_06_notch,6.0,batch_018.txt,247,train
batch_018:248,batch_018,1,P41_02,3.0,batch_018.txt,248,train
batch_018:249,batch_018,1,P41_01,2.0,batch_018.txt,249,train
batch_018:250,batch_018,0,,0.0,batch_018.txt,250,train
batch_018:251,batch_018,1,P41_06_notch,6.0,batch_018.txt,251,validation
batch_018:252,batch_018,0,,0.0,batch_018.txt,252,train
batch_018:253,batch_018,0,,0.0,batch_018.txt,253,train
batch_018:254,batch_018,1,P41_01,2.0,batch_018.txt,254,train
batch_018:255,batch_018,1,P41_05,17.0,batch_018.txt,255,train
batch_018:256,batch_018,1,P41_03,26.0,batch_018.txt,256,test
batch_018:257,batch_018,1,P41_04,6.0,batch_018.txt,257,train
batch_018:258,batch_018,0,,0.0,batch_018.txt,258,test
batch_018:259,batch_018,1,P41_06_notch,6.0,batch_018.txt,259,train
batch_018:260,batch_018,0,,0.0,batch_018.txt,260,train
batch_018:261,batch_018,0,,0.0,batch_018.txt,261,train
batch_018:262,batch_018,0,,0.0,batch_018.txt,262,train
batch_018:263,batch_018,1,P41_02,3.0,batch_018.txt,263,train
batch_018:264,batch_018,1,P41_03,26.0,batch_018.txt,264,train
batch_018:265,batch_018,1,P41_06_notch,6.0,batch_018.txt,265,train
batch_018:266,batch_018,0,,0.0,batch_018.txt,266,train
batch_018:267,batch_018,0,,0.0,batch_018.txt,267,validation
batch_018:268,batch_018,1,P41_04,6.0,batch_018.txt,268,train
batch_018:269,batch_018,0,,0.0,batch_018.txt,269,train
batch_018:270,batch_018,0,,0.0,batch_018.txt,270,train
batch_018:271,batch_018,0,,0.0,batch_018.txt,271,validation
batch_018:272,batch_018,0,,0.0,batch_018.txt,272,validation
batch_018:273,batch_018,1,P41_04,6.0,batch_018.txt,273,train
batch_018:274,batch_018,1,P41_02,3.0,batch_018.txt,274,train
batch_018:275,batch_018,0,,0.0,batch_018.txt,275,test
batch_018:276,batch_018,1,P41_05,17.0,batch_018.txt,276,train
batch_018:277,batch_018,1,P41_02,3.0,batch_018.txt,277,train
batch_018:278,batch_018,1,P41_02,3.0,batch_018.txt,278,train
batch_018:279,batch_018,1,P41_03,26.0,batch_018.txt,279,validation
batch_018:280,batch_018,0,,0.0,batch_018.txt,280,train
batch_018:281,batch_018,1,P41_03,26.0,batch_018.txt,281,train
batch_018:282,batch_018,0,,0.0,batch_018.txt,282,train
batch_018:283,batch_018,0,,0.0,batch_018.txt,283,train
batch_018:284,batch_018,1,P41_01,2.0,batch_018.txt,284,train
batch_018:285,batch_018,0,,0.0,batch_018.txt,285,train
batch_018:286,batch_018,0,,0.0,batch_018.txt,286,test
batch_018:287,batch_018,0,,0.0,batch_018.txt,287,train
batch_018:288,batch_018,1,P41_03,26.0,batch_018.txt,288,train
batch_018:289,batch_018,0,,0.0,batch_018.txt,289,train
batch_018:290,batch_018,1,P41_04,6.0,batch_018.txt,290,test
batch_018:291,batch_018,1,P41_03,26.0,batch_018.txt,291,test
batch_018:292,batch_018,1,P41_06_notch,6.0,batch_018.txt,292,test
batch_018:293,batch_018,0,,0.0,batch_018.txt,293,validation
batch_018:294,batch_018,0,,0.0,batch_018.txt,294,train
batch_018:295,batch_018,0,,0.0,batch_018.txt,295,train
batch_018:296,batch_018,1,P41_04,6.0,batch_018.txt,296,train
batch_018:297,batch_018,0,,0.0,batch_018.txt,297,train
batch_018:298,batch_018,1,P41_02,3.0,batch_018.txt,298,train
batch_018:299,batch_018,0,,0.0,batch_018.txt,299,train
batch_018:300,batch_018,1,P41_06_notch,6.0,batch_018.txt,300,train
batch_018:301,batch_018,0,,0.0,batch_018.txt,301,train
batch_018:302,batch_018,1,P41_05,17.0,batch_018.txt,302,train
batch_018:303,batch_018,0,,0.0,batch_018.txt,303,test
batch_018:304,batch_018,0,,0.0,batch_018.txt,304,train
batch_018:305,batch_018,1,P41_02,3.0,batch_018.txt,305,test
batch_018:306,batch_018,1,P41_01,2.0,batch_018.txt,306,train
batch_018:307,batch_018,0,,0.0,batch_018.txt,307,validation
batch_018:308,batch_018,1,P41_06_notch,6.0,batch_018.txt,308,test
batch_018:309,batch_018,0,,0.0,batch_018.txt,309,train
batch_018:310,batch_018,0,,0.0,batch_018.txt,310,test
batch_018:311,batch_018,0,,0.0,batch_018.txt,311,test
batch_018:312,batch_018,1,P41_02,3.0,batch_018.txt,312,validation
batch_018:313,batch_018,1,P41_01,2.0,batch_018.txt,313,train
batch_018:314,batch_018,1,P41_03,26.0,batch_018.txt,314,train
batch_018:315,batch_018,1,P41_03,26.0,batch_018.txt,315,train
batch_018:316,batch_018,0,,0.0,batch_018.txt,316,train
batch_018:317,batch_018,0,,0.0,batch_018.txt,317,train
batch_018:318,batch_018,1,P41_02,3.0,batch_018.txt,318,train
batch_018:319,batch_018,0,,0.0,batch_018.txt,319,test
batch_018:320,batch_018,0,,0.0,batch_018.txt,320,train
batch_018:321,batch_018,0,,0.0,batch_018.txt,321,train
batch_018:322,batch_018,1,P41_05,17.0,batch_018.txt,322,test
batch_018:323,batch_018,1,P41_06_notch,6.0,batch_018.txt,323,test
batch_018:324,batch_018,1,P41_06_notch,6.0,batch_018.txt,324,train
batch_018:325,batch_018,0,,0.0,batch_018.txt,325,train
batch_018:326,batch_018,0,,0.0,batch_018.txt,326,test
batch_018:327,batch_018,1,P41_01,2.0,batch_018.txt,327,train
batch_018:328,batch_018,1,P41_05,17.0,batch_018.txt,328,train
batch_018:329,batch_018,0,,0.0,batch_018.txt,329,test
batch_018:330,batch_018,0,,0.0,batch_018.txt,330,train
batch_018:331,batch_018,0,,0.0,batch_018.txt,331,train
batch_018:332,batch_018,1,P41_04,6.0,batch_018.txt,332,train
batch_018:333,batch_018,1,P41_02,3.0,batch_018.txt,333,train
batch_018:334,batch_018,0,,0.0,batch_018.txt,334,train
batch_018:335,batch_018,0,,0.0,batch_018.txt,335,train
batch_018:336,batch_018,1,P41_06_notch,6.0,batch_018.txt,336,validation
batch_018:337,batch_018,0,,0.0,batch_018.txt,337,train
batch_018:338,batch_018,0,,0.0,batch_018.txt,338,train
batch_018:339,batch_018,0,,0.0,batch_018.txt,339,train
batch_018:340,batch_018,0,,0.0,batch_018.txt,340,train
batch_018:341,batch_018,0,,0.0,batch_018.txt,341,validation
batch_018:342,batch_018,1,P41_03,26.0,batch_018.txt,342,train
batch_018:343,batch_018,1,P41_04,6.0,batch_018.txt,343,train
batch_018:344,batch_018,0,,0.0,batch_018.txt,344,train
batch_018:345,batch_018,0,,0.0,batch_018.txt,345,train
batch_018:346,batch_018,1,P41_02,3.0,batch_018.txt,346,test
batch_018:347,batch_018,1,P41_05,17.0,batch_018.txt,347,validation
batch_018:348,batch_018,1,P41_06_notch,6.0,batch_018.txt,348,train
batch_018:349,batch_018,1,P41_02,3.0,batch_018.txt,349,test
batch_018:350,batch_018,1,P41_04,6.0,batch_018.txt,350,train
batch_018:351,batch_018,0,,0.0,batch_018.txt,351,train
batch_018:352,batch_018,1,P41_03,26.0,batch_018.txt,352,train
batch_018:353,batch_018,1,P41_06_notch,6.0,batch_018.txt,353,validation
batch_018:354,batch_018,1,P41_01,2.0,batch_018.txt,354,train
batch_018:355,batch_018,1,P41_05,17.0,batch_018.txt,355,validation
batch_018:356,batch_018,0,,0.0,batch_018.txt,356,train
batch_018:357,batch_018,1,P41_02,3.0,batch_018.txt,357,validation
batch_018:358,batch_018,0,,0.0,batch_018.txt,358,train
batch_018:359,batch_018,1,P41_01,2.0,batch_018.txt,359,test
batch_018:360,batch_018,0,,0.0,batch_018.txt,360,train
batch_018:361,batch_018,1,P41_01,2.0,batch_018.txt,361,train
batch_018:362,batch_018,0,,0.0,batch_018.txt,362,train
batch_018:363,batch_018,0,,0.0,batch_018.txt,363,train
batch_018:364,batch_018,1,P41_06_notch,6.0,batch_018.txt,364,validation
batch_018:365,batch_018,1,P41_01,2.0,batch_018.txt,365,test
batch_018:366,batch_018,1,P41_06_notch,6.0,batch_018.txt,366,validation
batch_018:367,batch_018,1,P41_03,26.0,batch_018.txt,367,validation
batch_018:368,batch_018,1,P41_05,17.0,batch_018.txt,368,test
batch_018:369,batch_018,1,P41_06_notch,6.0,batch_018.txt,369,train
batch_018:370,batch_018,1,P41_05,17.0,batch_018.txt,370,train
batch_018:371,batch_018,1,P41_04,6.0,batch_018.txt,371,validation
batch_018:372,batch_018,1,P41_03,26.0,batch_018.txt,372,train
batch_018:373,batch_018,0,,0.0,batch_018.txt,373,train
batch_018:374,batch_018,1,P41_04,6.0,batch_018.txt,374,train
batch_018:375,batch_018,1,P41_04,6.0,batch_018.txt,375,train
batch_018:376,batch_018,1,P41_02,3.0,batch_018.txt,376,train
batch_018:377,batch_018,1,P41_06_notch,6.0,batch_018.txt,377,train
batch_018:378,batch_018,1,P41_06_notch,6.0,batch_018.txt,378,train
batch_018:379,batch_018,0,,0.0,batch_018.txt,379,train
batch_018:380,batch_018,0,,0.0,batch_018.txt,380,test
batch_018:381,batch_018,0,,0.0,batch_018.txt,381,train
batch_018:382,batch_018,0,,0.0,batch_018.txt,382,train
batch_018:383,batch_018,1,P41_05,17.0,batch_018.txt,383,train
batch_018:384,batch_018,0,,0.0,batch_018.txt,384,train
batch_018:385,batch_018,0,,0.0,batch_018.txt,385,train
batch_018:386,batch_018,0,,0.0,batch_018.txt,386,train
batch_018:387,batch_018,1,P41_03,26.0,batch_018.txt,387,test
batch_018:388,batch_018,1,P41_02,3.0,batch_018.txt,388,train
batch_018:389,batch_018,1,P41_05,17.0,batch_018.txt,389,validation
batch_018:390,batch_018,0,,0.0,batch_018.txt,390,train
batch_018:391,batch_018,0,,0.0,batch_018.txt,391,train
batch_018:392,batch_018,0,,0.0,batch_018.txt,392,train
batch_018:393,batch_018,0,,0.0,batch_018.txt,393,train
batch_018:394,batch_018,0,,0.0,batch_018.txt,394,train
batch_018:395,batch_018,0,,0.0,batch_018.txt,395,validation
batch_018:396,batch_018,1,P41_02,3.0,batch_018.txt,396,train
batch_018:397,batch_018,1,P41_06_notch,6.0,batch_018.txt,397,train
batch_018:398,batch_018,1,P41_03,26.0,batch_018.txt,398,train
batch_018:399,batch_018,1,P41_04,6.0,batch_018.txt,399,test
batch_018:400,batch_018,0,,0.0,batch_018.txt,400,train
batch_018:401,batch_018,1,P41_01,2.0,batch_018.txt,401,validation
batch_018:402,batch_018,1,P41_03,26.0,batch_018.txt,402,train
batch_018:403,batch_018,1,P41_05,17.0,batch_018.txt,403,validation
batch_018:404,batch_018,0,,0.0,batch_018.txt,404,train
batch_018:405,batch_018,1,P41_06_notch,6.0,batch_018.txt,405,test
batch_018:406,batch_018,0,,0.0,batch_018.txt,406,test
batch_018:407,batch_018,1,P41_06_notch,6.0,batch_018.txt,407,test
batch_018:408,batch_018,1,P41_03,26.0,batch_018.txt,408,validation
batch_018:409,batch_018,0,,0.0,batch_018.txt,409,test
batch_018:410,batch_018,0,,0.0,batch_018.txt,410,train
batch_018:411,batch_018,0,,0.0,batch_018.txt,411,train
batch_018:412,batch_018,0,,0.0,batch_018.txt,412,train
batch_018:413,batch_018,1,P41_03,26.0,batch_018.txt,413,validation
batch_018:414,batch_018,1,P41_04,6.0,batch_018.txt,414,train
batch_018:415,batch_018,1,P41_04,6.0,batch_018.txt,415,train
batch_018:416,batch_018,1,P41_01,2.0,batch_018.txt,416,train
batch_018:417,batch_018,0,,0.0,batch_018.txt,417,train
batch_018:418,batch_018,1,P41_02,3.0,batch_018.txt,418,test
batch_018:419,batch_018,1,P41_06_notch,6.0,batch_018.txt,419,train
batch_018:420,batch_018,0,,0.0,batch_018.txt,420,train
batch_018:421,batch_018,1,P41_03,26.0,batch_018.txt,421,train
batch_018:422,batch_018,1,P41_05,17.0,batch_018.txt,422,train
batch_018:423,batch_018,1,P41_04,6.0,batch_018.txt,423,train
batch_018:424,batch_018,0,,0.0,batch_018.txt,424,train
batch_018:425,batch_018,0,,0.0,batch_018.txt,425,train
batch_018:426,batch_018,1,P41_03,26.0,batch_018.txt,426,validation
batch_018:427,batch_018,0,,0.0,batch_018.txt,427,test
batch_018:428,batch_018,1,P41_04,6.0,batch_018.txt,428,train
batch_018:429,batch_018,1,P41_05,17.0,batch_018.txt,429,train
batch_018:430,batch_018,0,,0.0,batch_018.txt,430,validation
batch_018:431,batch_018,0,,0.0,batch_018.txt,431,train
batch_018:432,batch_018,0,,0.0,batch_018.txt,432,test
batch_018:433,batch_018,1,P41_04,6.0,batch_018.txt,433,train
batch_018:434,batch_018,0,,0.0,batch_018.txt,434,train
batch_018:435,batch_018,0,,0.0,batch_018.txt,435,train
batch_018:436,batch_018,0,,0.0,batch_018.txt,436,train
batch_018:437,batch_018,1,P41_01,2.0,batch_018.txt,437,test
batch_018:438,batch_018,1,P41_03,26.0,batch_018.txt,438,test
batch_018:439,batch_018,1,P41_01,2.0,batch_018.txt,439,validation
batch_018:440,batch_018,1,P41_06_notch,6.0,batch_018.txt,440,train
batch_018:441,batch_018,1,P41_06_notch,6.0,batch_018.txt,441,train
batch_018:442,batch_018,0,,0.0,batch_018.txt,442,train
batch_018:443,batch_018,0,,0.0,batch_018.txt,443,train
batch_018:444,batch_018,0,,0.0,batch_018.txt,444,train
batch_018:445,batch_018,1,P41_03,26.0,batch_018.txt,445,train
batch_018:446,batch_018,0,,0.0,batch_018.txt,446,validation
batch_018:447,batch_018,1,P41_05,17.0,batch_018.txt,447,train
batch_018:448,batch_018,0,,0.0,batch_018.txt,448,test
batch_018:449,batch_018,0,,0.0,batch_018.txt,449,validation
batch_018:450,batch_018,0,,0.0,batch_018.txt,450,train
batch_018:451,batch_018,1,P41_03,26.0,batch_018.txt,451,train
batch_018:452,batch_018,1,P41_01,2.0,batch_018.txt,452,validation
batch_018:453,batch_018,0,,0.0,batch_018.txt,453,train
batch_018:454,batch_018,0,,0.0,batch_018.txt,454,validation
batch_018:455,batch_018,1,P41_05,17.0,batch_018.txt,455,validation
batch_018:456,batch_018,0,,0.0,batch_018.txt,456,train
batch_018:457,batch_018,0,,0.0,batch_018.txt,457,train
batch_018:458,batch_018,0,,0.0,batch_018.txt,458,train
batch_018:459,batch_018,0,,0.0,batch_018.txt,459,train
batch_018:460,batch_018,0,,0.0,batch_018.txt,460,train
batch_018:461,batch_018,0,,0.0,batch_018.txt,461,train
batch_018:462,batch_018,0,,0.0,batch_018.txt,462,test
batch_018:463,batch_018,0,,0.0,batch_018.txt,463,train
batch_018:464,batch_018,0,,0.0,batch_018.txt,464,train
batch_018:465,batch_018,1,P41_03,26.0,batch_018.txt,465,validation
batch_018:466,batch_018,1,P41_04,6.0,batch_018.txt,466,train
batch_018:467,batch_018,1,P41_05,17.0,batch_018.txt,467,train
batch_018:468,batch_018,0,,0.0,batch_018.txt,468,train
batch_018:469,batch_018,0,,0.0,batch_018.txt,469,train
batch_018:470,batch_018,1,P41_01,2.0,batch_018.txt,470,train
batch_018:471,batch_018,0,,0.0,batch_018.txt,471,train
batch_018:472,batch_018,1,P41_03,26.0,batch_018.txt,472,train
batch_018:473,batch_018,0,,0.0,batch_018.txt,473,train
batch_018:474,batch_018,0,,0.0,batch_018.txt,474,train
batch_018:475,batch_018,1,P41_03,26.0,batch_018.txt,475,validation
batch_018:476,batch_018,0,,0.0,batch_018.txt,476,validation
batch_018:477,batch_018,1,P41_01,2.0,batch_018.txt,477,train
batch_018:478,batch_018,1,P41_03,26.0,batch_018.txt,478,test
batch_018:479,batch_018,1,P41_03,26.0,batch_018.txt,479,train
batch_018:480,batch_018,1,P41_01,2.0,batch_018.txt,480,train
batch_018:481,batch_018,1,P41_06_notch,6.0,batch_018.txt,481,train
batch_018:482,batch_018,1,P41_03,26.0,batch_018.txt,482,test
batch_018:483,batch_018,0,,0.0,batch_018.txt,483,train
batch_018:484,batch_018,1,P41_05,17.0,batch_018.txt,484,train
batch_018:485,batch_018,1,P41_02,3.0,batch_018.txt,485,train
batch_018:486,batch_018,0,,0.0,batch_018.txt,486,train
batch_018:487,batch_018,0,,0.0,batch_018.txt,487,train
batch_018:488,batch_018,0,,0.0,batch_018.txt,488,train
batch_018:489,batch_018,1,P41_04,6.0,batch_018.txt,489,test
batch_018:490,batch_018,0,,0.0,batch_018.txt,490,train
batch_018:491,batch_018,1,P41_05,17.0,batch_018.txt,491,validation
batch_018:492,batch_018,1,P41_05,17.0,batch_018.txt,492,train
batch_018:493,batch_018,0,,0.0,batch_018.txt,493,train
batch_018:494,batch_018,1,P41_01,2.0,batch_018.txt,494,train
batch_018:495,batch_018,0,,0.0,batch_018.txt,495,validation
batch_018:496,batch_018,0,,0.0,batch_018.txt,496,train
batch_018:497,batch_018,1,P41_05,17.0,batch_018.txt,497,test
batch_018:498,batch_018,0,,0.0,batch_018.txt,498,train
batch_018:499,batch_018,0,,0.0,batch_018.txt,499,validation
batch_018:500,batch_018,1,P41_05,17.0,batch_018.txt,500,train
batch_018:501,batch_018,0,,0.0,batch_018.txt,501,test
batch_018:502,batch_018,1,P41_02,3.0,batch_018.txt,502,test
batch_018:503,batch_018,0,,0.0,batch_018.txt,503,test
batch_018:504,batch_018,1,P41_04,6.0,batch_018.txt,504,train
batch_018:505,batch_018,0,,0.0,batch_018.txt,505,train
batch_018:506,batch_018,1,P41_04,6.0,batch_018.txt,506,test
batch_018:507,batch_018,0,,0.0,batch_018.txt,507,train
batch_018:508,batch_018,0,,0.0,batch_018.txt,508,test
batch_018:509,batch_018,0,,0.0,batch_018.txt,509,test
batch_018:510,batch_018,0,,0.0,batch_018.txt,510,train
batch_018:511,batch_018,1,P41_02,3.0,batch_018.txt,511,validation
batch_018:512,batch_018,1,P41_01,2.0,batch_018.txt,512,train
batch_018:513,batch_018,1,P41_03,26.0,batch_018.txt,513,test
batch_018:514,batch_018,0,,0.0,batch_018.txt,514,test
batch_018:515,batch_018,0,,0.0,batch_018.txt,515,train
batch_018:516,batch_018,1,P41_03,26.0,batch_018.txt,516,train
batch_018:517,batch_018,1,P41_05,17.0,batch_018.txt,517,train
batch_018:518,batch_018,0,,0.0,batch_018.txt,518,train
batch_018:519,batch_018,0,,0.0,batch_018.txt,519,train
batch_018:520,batch_018,1,P41_01,2.0,batch_018.txt,520,train
batch_018:521,batch_018,0,,0.0,batch_018.txt,521,train
batch_018:522,batch_018,1,P41_03,26.0,batch_018.txt,522,train
batch_018:523,batch_018,0,,0.0,batch_018.txt,523,train
batch_018:524,batch_018,1,P41_01,2.0,batch_018.txt,524,validation
batch_018:525,batch_018,0,,0.0,batch_018.txt,525,train
batch_018:526,batch_018,0,,0.0,batch_018.txt,526,train
batch_018:527,batch_018,0,,0.0,batch_018.txt,527,train
batch_018:528,batch_018,1,P41_06_notch,6.0,batch_018.txt,528,train
batch_018:529,batch_018,1,P41_06_notch,6.0,batch_018.txt,529,train
batch_018:530,batch_018,1,P41_03,26.0,batch_018.txt,530,train
batch_018:531,batch_018,0,,0.0,batch_018.txt,531,train
batch_018:532,batch_018,1,P41_01,2.0,batch_018.txt,532,train
batch_018:533,batch_018,0,,0.0,batch_018.txt,533,test
batch_018:534,batch_018,0,,0.0,batch_018.txt,534,train
batch_018:535,batch_018,1,P41_06_notch,6.0,batch_018.txt,535,train
batch_018:536,batch_018,1,P41_02,3.0,batch_018.txt,536,train
batch_018:537,batch_018,0,,0.0,batch_018.txt,537,train
batch_018:538,batch_018,1,P41_03,26.0,batch_018.txt,538,train
batch_018:539,batch_018,0,,0.0,batch_018.txt,539,train
batch_018:540,batch_018,1,P41_04,6.0,batch_018.txt,540,validation
batch_018:541,batch_018,1,P41_03,26.0,batch_018.txt,541,train
batch_018:542,batch_018,1,P41_05,17.0,batch_018.txt,542,validation
batch_018:543,batch_018,0,,0.0,batch_018.txt,543,validation
batch_018:544,batch_018,0,,0.0,batch_018.txt,544,test
batch_018:545,batch_018,0,,0.0,batch_018.txt,545,train
batch_018:546,batch_018,1,P41_04,6.0,batch_018.txt,546,train
batch_018:547,batch_018,0,,0.0,batch_018.txt,547,train
batch_018:548,batch_018,1,P41_04,6.0,batch_018.txt,548,train
batch_018:549,batch_018,1,P41_06_notch,6.0,batch_018.txt,549,train
batch_018:550,batch_018,1,P41_05,17.0,batch_018.txt,550,train
batch_018:551,batch_018,0,,0.0,batch_018.txt,551,test
batch_018:552,batch_018,1,P41_03,26.0,batch_018.txt,552,train
batch_018:553,batch_018,1,P41_01,2.0,batch_018.txt,553,train
batch_018:554,batch_018,1,P41_04,6.0,batch_018.txt,554,train
batch_018:555,batch_018,0,,0.0,batch_018.txt,555,train
batch_018:556,batch_018,1,P41_05,17.0,batch_018.txt,556,test
batch_018:557,batch_018,0,,0.0,batch_018.txt,557,train
batch_018:558,batch_018,1,P41_05,17.0,batch_018.txt,558,train
batch_018:559,batch_018,1,P41_04,6.0,batch_018.txt,559,train
batch_018:560,batch_018,0,,0.0,batch_018.txt,560,train
batch_018:561,batch_018,1,P41_03,26.0,batch_018.txt,561,train
batch_018:562,batch_018,0,,0.0,batch_018.txt,562,train
batch_018:563,batch_018,0,,0.0,batch_018.txt,563,train
batch_018:564,batch_018,0,,0.0,batch_018.txt,564,train
batch_018:565,batch_018,1,P41_02,3.0,batch_018.txt,565,train
batch_018:566,batch_018,0,,0.0,batch_018.txt,566,train
batch_018:567,batch_018,1,P41_02,3.0,batch_018.txt,567,train
batch_018:568,batch_018,1,P41_05,17.0,batch_018.txt,568,train
batch_018:569,batch_018,0,,0.0,batch_018.txt,569,train
batch_018:570,batch_018,1,P41_04,6.0,batch_018.txt,570,train
batch_018:571,batch_018,1,P41_02,3.0,batch_018.txt,571,validation
batch_018:572,batch_018,0,,0.0,batch_018.txt,572,validation
batch_018:573,batch_018,0,,0.0,batch_018.txt,573,train
batch_018:574,batch_018,0,,0.0,batch_018.txt,574,test
batch_018:575,batch_018,0,,0.0,batch_018.txt,575,train
batch_018:576,batch_018,1,P41_01,2.0,batch_018.txt,576,train
batch_018:577,batch_018,0,,0.0,batch_018.txt,577,validation
batch_018:578,batch_018,1,P41_02,3.0,batch_018.txt,578,validation
batch_018:579,batch_018,1,P41_03,26.0,batch_018.txt,579,validation
batch_018:580,batch_018,1,P41_02,3.0,batch_018.txt,580,train
batch_018:581,batch_018,0,,0.0,batch_018.txt,581,train
batch_018:582,batch_018,1,P41_03,26.0,batch_018.txt,582,train
batch_018:583,batch_018,0,,0.0,batch_018.txt,583,train
batch_018:584,batch_018,1,P41_04,6.0,batch_018.txt,584,test
batch_018:585,batch_018,1,P41_05,17.0,batch_018.txt,585,train
batch_018:586,batch_018,0,,0.0,batch_018.txt,586,train
batch_018:587,batch_018,0,,0.0,batch_018.txt,587,train
batch_018:588,batch_018,0,,0.0,batch_018.txt,588,train
batch_018:589,batch_018,1,P41_02,3.0,batch_018.txt,589,train
batch_018:590,batch_018,0,,0.0,batch_018.txt,590,validation
batch_018:591,batch_018,1,P41_03,26.0,batch_018.txt,591,validation
batch_018:592,batch_018,1,P41_04,6.0,batch_018.txt,592,train
batch_018:593,batch_018,1,P41_06_notch,6.0,batch_018.txt,593,validation
batch_018:594,batch_018,1,P41_06_notch,6.0,batch_018.txt,594,train
batch_018:595,batch_018,1,P41_06_notch,6.0,batch_018.txt,595,train
batch_018:596,batch_018,1,P41_02,3.0,batch_018.txt,596,train
batch_018:597,batch_018,0,,0.0,batch_018.txt,597,train
batch_018:598,batch_018,1,P41_02,3.0,batch_018.txt,598,train
batch_018:599,batch_018,0,,0.0,batch_018.txt,599,train
batch_018:600,batch_018,0,,0.0,batch_018.txt,600,train
batch_018:601,batch_018,0,,0.0,batch_018.txt,601,train
batch_018:602,batch_018,0,,0.0,batch_018.txt,602,train
batch_018:603,batch_018,0,,0.0,batch_018.txt,603,train
batch_018:604,batch_018,0,,0.0,batch_018.txt,604,train
batch_018:605,batch_018,1,P41_05,17.0,batch_018.txt,605,validation
batch_018:606,batch_018,0,,0.0,batch_018.txt,606,train
batch_018:607,batch_018,1,P41_06_notch,6.0,batch_018.txt,607,train
batch_018:608,batch_018,0,,0.0,batch_018.txt,608,train
batch_018:609,batch_018,1,P41_06_notch,6.0,batch_018.txt,609,test
batch_018:610,batch_018,1,P41_01,2.0,batch_018.txt,610,train
batch_018:611,batch_018,1,P41_01,2.0,batch_018.txt,611,train
batch_018:612,batch_018,1,P41_03,26.0,batch_018.txt,612,train
batch_018:613,batch_018,1,P41_05,17.0,batch_018.txt,613,train
batch_018:614,batch_018,0,,0.0,batch_018.txt,614,train
batch_018:615,batch_018,1,P41_05,17.0,batch_018.txt,615,train
batch_018:616,batch_018,0,,0.0,batch_018.txt,616,train
batch_018:617,batch_018,0,,0.0,batch_018.txt,617,validation
batch_018:618,batch_018,0,,0.0,batch_018.txt,618,train
batch_018:619,batch_018,1,P41_05,17.0,batch_018.txt,619,test
batch_018:620,batch_018,1,P41_04,6.0,batch_018.txt,620,train
batch_018:621,batch_018,0,,0.0,batch_018.txt,621,train
batch_018:622,batch_018,1,P41_01,2.0,batch_018.txt,622,train
batch_018:623,batch_018,1,P41_03,26.0,batch_018.txt,623,test
batch_018:624,batch_018,1,P41_03,26.0,batch_018.txt,624,train
batch_018:625,batch_018,0,,0.0,batch_018.txt,625,validation
batch_018:626,batch_018,0,,0.0,batch_018.txt,626,train
batch_018:627,batch_018,1,P41_01,2.0,batch_018.txt,627,test
batch_018:628,batch_018,1,P41_02,3.0,batch_018.txt,628,test
batch_018:629,batch_018,1,P41_03,26.0,batch_018.txt,629,train
batch_018:630,batch_018,0,,0.0,batch_018.txt,630,train
batch_018:631,batch_018,1,P41_04,6.0,batch_018.txt,631,train
batch_018:632,batch_018,1,P41_03,26.0,batch_018.txt,632,train
batch_018:633,batch_018,0,,0.0,batch_018.txt,633,validation
batch_018:634,batch_018,0,,0.0,batch_018.txt,634,train
batch_018:635,batch_018,0,,0.0,batch_018.txt,635,test
batch_018:636,batch_018,0,,0.0,batch_018.txt,636,validation
batch_018:637,batch_018,1,P41_01,2.0,batch_018.txt,637,train
batch_018:638,batch_018,1,P41_05,17.0,batch_018.txt,638,validation
batch_018:639,batch_018,0,,0.0,batch_018.txt,639,train
batch_018:640,batch_018,0,,0.0,batch_018.txt,640,validation
batch_018:641,batch_018,0,,0.0,batch_018.txt,641,validation
batch_018:642,batch_018,1,P41_04,6.0,batch_018.txt,642,validation
batch_018:643,batch_018,0,,0.0,batch_018.txt,643,train
batch_018:644,batch_018,0,,0.0,batch_018.txt,644,train
batch_018:645,batch_018,0,,0.0,batch_018.txt,645,train
batch_018:646,batch_018,0,,0.0,batch_018.txt,646,train
batch_018:647,batch_018,0,,0.0,batch_018.txt,647,test
batch_018:648,batch_018,1,P41_05,17.0,batch_018.txt,648,train
batch_018:649,batch_018,1,P41_01,2.0,batch_018.txt,649,train
batch_018:650,batch_018,0,,0.0,batch_018.txt,650,train
batch_018:651,batch_018,1,P41_02,3.0,batch_018.txt,651,validation
batch_018:652,batch_018,0,,0.0,batch_018.txt,652,train
batch_018:653,batch_018,0,,0.0,batch_018.txt,653,test
batch_018:654,batch_018,0,,0.0,batch_018.txt,654,train
batch_018:655,batch_018,0,,0.0,batch_018.txt,655,train
batch_018:656,batch_018,1,P41_02,3.0,batch_018.txt,656,train
batch_018:657,batch_018,1,P41_05,17.0,batch_018.txt,657,train
batch_018:658,batch_018,1,P41_06_notch,6.0,batch_018.txt,658,train
batch_018:659,batch_018,0,,0.0,batch_018.txt,659,train
batch_018:660,batch_018,0,,0.0,batch_018.txt,660,validation
batch_018:661,batch_018,1,P41_05,17.0,batch_018.txt,661,train
batch_018:662,batch_018,1,P41_03,26.0,batch_018.txt,662,train
batch_018:663,batch_018,1,P41_05,17.0,batch_018.txt,663,train
batch_018:664,batch_018,1,P41_06_notch,6.0,batch_018.txt,664,train
batch_018:665,batch_018,0,,0.0,batch_018.txt,665,train
batch_018:666,batch_018,1,P41_05,17.0,batch_018.txt,666,test
batch_018:667,batch_018,1,P41_01,2.0,batch_018.txt,667,train
batch_018:668,batch_018,1,P41_02,3.0,batch_018.txt,668,train
batch_018:669,batch_018,0,,0.0,batch_018.txt,669,train
batch_018:670,batch_018,0,,0.0,batch_018.txt,670,train
batch_018:671,batch_018,1,P41_03,26.0,batch_018.txt,671,train
batch_018:672,batch_018,0,,0.0,batch_018.txt,672,train
batch_018:673,batch_018,0,,0.0,batch_018.txt,673,train
batch_018:674,batch_018,1,P41_06_notch,6.0,batch_018.txt,674,train
batch_018:675,batch_018,1,P41_03,26.0,batch_018.txt,675,train
batch_018:676,batch_018,1,P41_02,3.0,batch_018.txt,676,train
batch_018:677,batch_018,1,P41_05,17.0,batch_018.txt,677,train
batch_018:678,batch_018,0,,0.0,batch_018.txt,678,train
batch_018:679,batch_018,1,P41_03,26.0,batch_018.txt,679,validation
batch_018:680,batch_018,1,P41_06_notch,6.0,batch_018.txt,680,train
batch_018:681,batch_018,1,P41_03,26.0,batch_018.txt,681,validation
batch_018:682,batch_018,0,,0.0,batch_018.txt,682,train
batch_018:683,batch_018,0,,0.0,batch_018.txt,683,test
batch_018:684,batch_018,1,P41_03,26.0,batch_018.txt,684,train
batch_018:685,batch_018,0,,0.0,batch_018.txt,685,train
batch_018:686,batch_018,0,,0.0,batch_018.txt,686,train
batch_018:687,batch_018,1,P41_06_notch,6.0,batch_018.txt,687,validation
batch_018:688,batch_018,1,P41_02,3.0,batch_018.txt,688,test
batch_018:689,batch_018,0,,0.0,batch_018.txt,689,train
batch_018:690,batch_018,1,P41_03,26.0,batch_018.txt,690,train
batch_018:691,batch_018,0,,0.0,batch_018.txt,691,validation
batch_018:692,batch_018,1,P41_02,3.0,batch_018.txt,692,validation
batch_018:693,batch_018,0,,0.0,batch_018.txt,693,train
batch_018:694,batch_018,1,P41_03,26.0,batch_018.txt,694,train
batch_018:695,batch_018,1,P41_02,3.0,batch_018.txt,695,train
batch_018:696,batch_018,1,P41_01,2.0,batch_018.txt,696,train
batch_018:697,batch_018,0,,0.0,batch_018.txt,697,validation
batch_018:698,batch_018,0,,0.0,batch_018.txt,698,train
batch_018:699,batch_018,0,,0.0,batch_018.txt,699,validation
batch_018:700,batch_018,0,,0.0,batch_018.txt,700,train
batch_018:701,batch_018,1,P41_06_notch,6.0,batch_018.txt,701,test
batch_018:702,batch_018,0,,0.0,batch_018.txt,702,validation
batch_018:703,batch_018,0,,0.0,batch_018.txt,703,train
batch_018:704,batch_018,0,,0.0,batch_018.txt,704,validation
batch_018:705,batch_018,1,P41_02,3.0,batch_018.txt,705,test
batch_018:706,batch_018,1,P41_06_notch,6.0,batch_018.txt,706,train
batch_018:707,batch_018,0,,0.0,batch_018.txt,707,validation
batch_018:708,batch_018,0,,0.0,batch_018.txt,708,train
batch_018:709,batch_018,1,P41_06_notch,6.0,batch_018.txt,709,train
batch_018:710,batch_018,0,,0.0,batch_018.txt,710,train
batch_018:711,batch_018,0,,0.0,batch_018.txt,711,train
batch_018:712,batch_018,0,,0.0,batch_018.txt,712,train
batch_018:713,batch_018,1,P41_04,6.0,batch_018.txt,713,train
batch_018:714,batch_018,1,P41_03,26.0,batch_018.txt,714,train
batch_018:715,batch_018,0,,0.0,batch_018.txt,715,validation
batch_018:716,batch_018,1,P41_05,17.0,batch_018.txt,716,train
batch_018:717,batch_018,1,P41_06_notch,6.0,batch_018.txt,717,train
batch_018:718,batch_018,1,P41_02,3.0,batch_018.txt,718,train
batch_018:719,batch_018,0,,0.0,batch_018.txt,719,test
batch_018:720,batch_018,1,P41_03,26.0,batch_018.txt,720,train
batch_018:721,batch_018,0,,0.0,batch_018.txt,721,train
batch_018:722,batch_018,1,P41_02,3.0,batch_018.txt,722,test
batch_018:723,batch_018,1,P41_03,26.0,batch_018.txt,723,test
batch_018:724,batch_018,0,,0.0,batch_018.txt,724,train
batch_018:725,batch_018,1,P41_05,17.0,batch_018.txt,725,validation
batch_018:726,batch_018,0,,0.0,batch_018.txt,726,train
batch_018:727,batch_018,0,,0.0,batch_018.txt,727,train
batch_018:728,batch_018,0,,0.0,batch_018.txt,728,test
batch_018:729,batch_018,0,,0.0,batch_018.txt,729,train
batch_018:730,batch_018,1,P41_06_notch,6.0,batch_018.txt,730,train
batch_018:731,batch_018,0,,0.0,batch_018.txt,731,train
batch_018:732,batch_018,0,,0.0,batch_018.txt,732,train
batch_018:733,batch_018,0,,0.0,batch_018.txt,733,train
batch_018:734,batch_018,1,P41_01,2.0,batch_018.txt,734,train
batch_018:735,batch_018,0,,0.0,batch_018.txt,735,train
batch_018:736,batch_018,0,,0.0,batch_018.txt,736,train
batch_018:737,batch_018,0,,0.0,batch_018.txt,737,train
batch_018:738,batch_018,0,,0.0,batch_018.txt,738,test
batch_018:739,batch_018,1,P41_01,2.0,batch_018.txt,739,train
batch_018:740,batch_018,1,P41_03,26.0,batch_018.txt,740,train
batch_018:741,batch_018,1,P41_03,26.0,batch_018.txt,741,train
batch_018:742,batch_018,1,P41_04,6.0,batch_018.txt,742,validation
batch_018:743,batch_018,1,P41_02,3.0,batch_018.txt,743,test
batch_018:744,batch_018,1,P41_04,6.0,batch_018.txt,744,train
batch_018:745,batch_018,0,,0.0,batch_018.txt,745,test
batch_018:746,batch_018,1,P41_01,2.0,batch_018.txt,746,train
batch_018:747,batch_018,0,,0.0,batch_018.txt,747,train
batch_018:748,batch_018,0,,0.0,batch_018.txt,748,train
batch_018:749,batch_018,1,P41_02,3.0,batch_018.txt,749,train
batch_018:750,batch_018,0,,0.0,batch_018.txt,750,train
batch_018:751,batch_018,0,,0.0,batch_018.txt,751,train
batch_018:752,batch_018,0,,0.0,batch_018.txt,752,train
batch_018:753,batch_018,1,P41_04,6.0,batch_018.txt,753,train
batch_018:754,batch_018,0,,0.0,batch_018.txt,754,train
batch_018:755,batch_018,1,P41_04,6.0,batch_018.txt,755,train
batch_018:756,batch_018,1,P41_06_notch,6.0,batch_018.txt,756,train
batch_018:757,batch_018,0,,0.0,batch_018.txt,757,train
batch_018:758,batch_018,0,,0.0,batch_018.txt,758,train
batch_018:759,batch_018,0,,0.0,batch_018.txt,759,train
batch_018:760,batch_018,0,,0.0,batch_018.txt,760,train
batch_018:761,batch_018,0,,0.0,batch_018.txt,761,train
batch_018:762,batch_018,1,P41_01,2.0,batch_018.txt,762,validation
batch_018:763,batch_018,0,,0.0,batch_018.txt,763,train
batch_018:764,batch_018,1,P41_05,17.0,batch_018.txt,764,train
batch_018:765,batch_018,1,P41_03,26.0,batch_018.txt,765,train
batch_018:766,batch_018,0,,0.0,batch_018.txt,766,train
batch_018:767,batch_018,0,,0.0,batch_018.txt,767,train
batch_018:768,batch_018,1,P41_03,26.0,batch_018.txt,768,test
batch_018:769,batch_018,0,,0.0,batch_018.txt,769,train
batch_018:770,batch_018,1,P41_04,6.0,batch_018.txt,770,test
batch_018:771,batch_018,1,P41_01,2.0,batch_018.txt,771,train
batch_018:772,batch_018,1,P41_01,2.0,batch_018.txt,772,train
batch_018:773,batch_018,1,P41_05,17.0,batch_018.txt,773,train
batch_018:774,batch_018,1,P41_05,17.0,batch_018.txt,774,train
batch_018:775,batch_018,1,P41_01,2.0,batch_018.txt,775,train
batch_018:776,batch_018,1,P41_04,6.0,batch_018.txt,776,test
batch_018:777,batch_018,1,P41_01,2.0,batch_018.txt,777,test
batch_018:778,batch_018,0,,0.0,batch_018.txt,778,test
batch_018:779,batch_018,0,,0.0,batch_018.txt,779,train
batch_018:780,batch_018,1,P41_02,3.0,batch_018.txt,780,train
batch_018:781,batch_018,0,,0.0,batch_018.txt,781,train
batch_018:782,batch_018,0,,0.0,batch_018.txt,782,train
batch_018:783,batch_018,1,P41_06_notch,6.0,batch_018.txt,783,train
batch_018:784,batch_018,0,,0.0,batch_018.txt,784,test
batch_018:785,batch_018,1,P41_05,17.0,batch_018.txt,785,test
batch_018:786,batch_018,0,,0.0,batch_018.txt,786,test
batch_018:787,batch_018,1,P41_05,17.0,batch_018.txt,787,train
batch_018:788,batch_018,0,,0.0,batch_018.txt,788,train
batch_018:789,batch_018,1,P41_01,2.0,batch_018.txt,789,train
batch_018:790,batch_018,0,,0.0,batch_018.txt,790,train
batch_018:791,batch_018,1,P41_03,26.0,batch_018.txt,791,train
batch_018:792,batch_018,0,,0.0,batch_018.txt,792,validation
batch_018:793,batch_018,1,P41_02,3.0,batch_018.txt,793,validation
batch_018:794,batch_018,1,P41_03,26.0,batch_018.txt,794,train
batch_018:795,batch_018,1,P41_06_notch,6.0,batch_018.txt,795,test
batch_018:796,batch_018,0,,0.0,batch_018.txt,796,validation
batch_018:797,batch_018,1,P41_06_notch,6.0,batch_018.txt,797,train
batch_018:798,batch_018,1,P41_05,17.0,batch_018.txt,798,train
batch_018:799,batch_018,0,,0.0,batch_018.txt,799,train
batch_018:800,batch_018,0,,0.0,batch_018.txt,800,validation
batch_018:801,batch_018,0,,0.0,batch_018.txt,801,validation
batch_018:802,batch_018,1,P41_02,3.0,batch_018.txt,802,train
batch_018:803,batch_018,0,,0.0,batch_018.txt,803,validation
batch_018:804,batch_018,1,P41_03,26.0,batch_018.txt,804,train
batch_018:805,batch_018,0,,0.0,batch_018.txt,805,train
batch_018:806,batch_018,0,,0.0,batch_018.txt,806,train
batch_018:807,batch_018,0,,0.0,batch_018.txt,807,train
batch_018:808,batch_018,0,,0.0,batch_018.txt,808,validation
batch_018:809,batch_018,0,,0.0,batch_018.txt,809,train
batch_018:810,batch_018,1,P41_04,6.0,batch_018.txt,810,train
batch_018:811,batch_018,0,,0.0,batch_018.txt,811,validation
batch_018:812,batch_018,0,,0.0,batch_018.txt,812,train
batch_018:813,batch_018,1,P41_03,26.0,batch_018.txt,813,test
batch_018:814,batch_018,1,P41_04,6.0,batch_018.txt,814,train
batch_018:815,batch_018,1,P41_01,2.0,batch_018.txt,815,train
batch_018:816,batch_018,0,,0.0,batch_018.txt,816,train
batch_018:817,batch_018,0,,0.0,batch_018.txt,817,train
batch_018:818,batch_018,0,,0.0,batch_018.txt,818,test
batch_018:819,batch_018,0,,0.0,batch_018.txt,819,train
batch_018:820,batch_018,0,,0.0,batch_018.txt,820,train
batch_018:821,batch_018,0,,0.0,batch_018.txt,821,validation
batch_018:822,batch_018,0,,0.0,batch_018.txt,822,train
batch_018:823,batch_018,1,P41_03,26.0,batch_018.txt,823,validation
batch_018:824,batch_018,0,,0.0,batch_018.txt,824,train
batch_018:825,batch_018,0,,0.0,batch_018.txt,825,train
batch_018:826,batch_018,1,P41_06_notch,6.0,batch_018.txt,826,validation
batch_018:827,batch_018,1,P41_05,17.0,batch_018.txt,827,train
batch_018:828,batch_018,1,P41_01,2.0,batch_018.txt,828,train
batch_018:829,batch_018,1,P41_06_notch,6.0,batch_018.txt,829,train
batch_018:830,batch_018,1,P41_03,26.0,batch_018.txt,830,train
batch_018:831,batch_018,1,P41_03,26.0,batch_018.txt,831,train
batch_018:832,batch_018,0,,0.0,batch_018.txt,832,train
batch_018:833,batch_018,1,P41_06_notch,6.0,batch_018.txt,833,train
batch_018:834,batch_018,0,,0.0,batch_018.txt,834,test
batch_018:835,batch_018,1,P41_04,6.0,batch_018.txt,835,train
batch_018:836,batch_018,1,P41_01,2.0,batch_018.txt,836,train
batch_018:837,batch_018,0,,0.0,batch_018.txt,837,train
batch_018:838,batch_018,0,,0.0,batch_018.txt,838,train
batch_018:839,batch_018,1,P41_01,2.0,batch_018.txt,839,test
batch_018:840,batch_018,0,,0.0,batch_018.txt,840,train
batch_018:841,batch_018,0,,0.0,batch_018.txt,841,train
batch_018:842,batch_018,1,P41_01,2.0,batch_018.txt,842,train
batch_018:843,batch_018,0,,0.0,batch_018.txt,843,train
batch_018:844,batch_018,0,,0.0,batch_018.txt,844,validation
batch_018:845,batch_018,0,,0.0,batch_018.txt,845,train
batch_018:846,batch_018,0,,0.0,batch_018.txt,846,train
batch_018:847,batch_018,0,,0.0,batch_018.txt,847,train
batch_018:848,batch_018,0,,0.0,batch_018.txt,848,test
batch_018:849,batch_018,1,P41_03,26.0,batch_018.txt,849,train
batch_018:850,batch_018,0,,0.0,batch_018.txt,850,validation
batch_018:851,batch_018,0,,0.0,batch_018.txt,851,test
batch_018:852,batch_018,0,,0.0,batch_018.txt,852,test
batch_018:853,batch_018,1,P41_02,3.0,batch_018.txt,853,train
batch_018:854,batch_018,0,,0.0,batch_018.txt,854,train
batch_018:855,batch_018,0,,0.0,batch_018.txt,855,train
batch_018:856,batch_018,1,P41_05,17.0,batch_018.txt,856,train
batch_018:857,batch_018,1,P41_05,17.0,batch_018.txt,857,validation
batch_018:858,batch_018,0,,0.0,batch_018.txt,858,train
batch_018:859,batch_018,1,P41_03,26.0,batch_018.txt,859,validation
batch_018:860,batch_018,1,P41_04,6.0,batch_018.txt,860,train
batch_018:861,batch_018,1,P41_06_notch,6.0,batch_018.txt,861,train
batch_018:862,batch_018,1,P41_05,17.0,batch_018.txt,862,train
batch_018:863,batch_018,0,,0.0,batch_018.txt,863,train
batch_018:864,batch_018,1,P41_01,2.0,batch_018.txt,864,train
batch_018:865,batch_018,0,,0.0,batch_018.txt,865,train
batch_018:866,batch_018,1,P41_01,2.0,batch_018.txt,866,train
batch_018:867,batch_018,0,,0.0,batch_018.txt,867,train
batch_018:868,batch_018,0,,0.0,batch_018.txt,868,train
batch_018:869,batch_018,0,,0.0,batch_018.txt,869,test
batch_018:870,batch_018,1,P41_06_notch,6.0,batch_018.txt,870,test
batch_018:871,batch_018,0,,0.0,batch_018.txt,871,train
batch_018:872,batch_018,1,P41_02,3.0,batch_018.txt,872,train
batch_018:873,batch_018,1,P41_06_notch,6.0,batch_018.txt,873,train
batch_018:874,batch_018,1,P41_02,3.0,batch_018.txt,874,train
batch_018:875,batch_018,1,P41_05,17.0,batch_018.txt,875,train
batch_018:876,batch_018,0,,0.0,batch_018.txt,876,test
batch_018:877,batch_018,1,P41_03,26.0,batch_018.txt,877,train
batch_018:878,batch_018,0,,0.0,batch_018.txt,878,train
batch_018:879,batch_018,1,P41_04,6.0,batch_018.txt,879,test
batch_018:880,batch_018,0,,0.0,batch_018.txt,880,train
batch_018:881,batch_018,0,,0.0,batch_018.txt,881,test
batch_018:882,batch_018,1,P41_01,2.0,batch_018.txt,882,train
batch_018:883,batch_018,1,P41_05,17.0,batch_018.txt,883,validation
batch_018:884,batch_018,1,P41_01,2.0,batch_018.txt,884,test
batch_018:885,batch_018,0,,0.0,batch_018.txt,885,train
batch_018:886,batch_018,0,,0.0,batch_018.txt,886,train
batch_018:887,batch_018,1,P41_06_notch,6.0,batch_018.txt,887,train
batch_018:888,batch_018,0,,0.0,batch_018.txt,888,train
batch_018:889,batch_018,0,,0.0,batch_018.txt,889,train
batch_018:890,batch_018,1,P41_02,3.0,batch_018.txt,890,train
batch_018:891,batch_018,0,,0.0,batch_018.txt,891,train
batch_018:892,batch_018,1,P41_01,2.0,batch_018.txt,892,validation
batch_018:893,batch_018,1,P41_03,26.0,batch_018.txt,893,train
batch_018:894,batch_018,1,P41_05,17.0,batch_018.txt,894,validation
batch_018:895,batch_018,0,,0.0,batch_018.txt,895,train
batch_018:896,batch_018,1,P41_06_notch,6.0,batch_018.txt,896,train
batch_018:897,batch_018,0,,0.0,batch_018.txt,897,train
batch_018:898,batch_018,1,P41_02,3.0,batch_018.txt,898,train
batch_018:899,batch_018,1,P41_03,26.0,batch_018.txt,899,train
batch_018:900,batch_018,1,P41_02,3.0,batch_018.txt,900,validation
batch_018:901,batch_018,1,P41_05,17.0,batch_018.txt,901,train
batch_018:902,batch_018,0,,0.0,batch_018.txt,902,test
batch_018:903,batch_018,0,,0.0,batch_018.txt,903,train
batch_018:904,batch_018,0,,0.0,batch_018.txt,904,train
batch_018:905,batch_018,0,,0.0,batch_018.txt,905,test
batch_018:906,batch_018,1,P41_05,17.0,batch_018.txt,906,train
batch_018:907,batch_018,0,,0.0,batch_018.txt,907,train
batch_018:908,batch_018,0,,0.0,batch_018.txt,908,train
batch_018:909,batch_018,1,P41_01,2.0,batch_018.txt,909,train
batch_018:910,batch_018,1,P41_01,2.0,batch_018.txt,910,train
batch_018:911,batch_018,1,P41_05,17.0,batch_018.txt,911,test
batch_018:912,batch_018,0,,0.0,batch_018.txt,912,train
batch_018:913,batch_018,0,,0.0,batch_018.txt,913,test
batch_018:914,batch_018,1,P41_06_notch,6.0,batch_018.txt,914,validation
batch_018:915,batch_018,1,P41_01,2.0,batch_018.txt,915,train
batch_018:916,batch_018,1,P41_01,2.0,batch_018.txt,916,train
batch_018:917,batch_018,1,P41_03,26.0,batch_018.txt,917,test
batch_018:918,batch_018,0,,0.0,batch_018.txt,918,validation
batch_018:919,batch_018,0,,0.0,batch_018.txt,919,train
batch_018:920,batch_018,1,P41_01,2.0,batch_018.txt,920,train
batch_018:921,batch_018,0,,0.0,batch_018.txt,921,test
batch_018:922,batch_018,0,,0.0,batch_018.txt,922,train
batch_018:923,batch_018,0,,0.0,batch_018.txt,923,validation
batch_018:924,batch_018,1,P41_02,3.0,batch_018.txt,924,train
batch_018:925,batch_018,0,,0.0,batch_018.txt,925,train
batch_018:926,batch_018,1,P41_01,2.0,batch_018.txt,926,train
batch_018:927,batch_018,1,P41_04,6.0,batch_018.txt,927,train
batch_018:928,batch_018,0,,0.0,batch_018.txt,928,train
batch_018:929,batch_018,0,,0.0,batch_018.txt,929,train
batch_018:930,batch_018,0,,0.0,batch_018.txt,930,train
batch_018:931,batch_018,0,,0.0,batch_018.txt,931,validation
batch_018:932,batch_018,0,,0.0,batch_018.txt,932,train
batch_018:933,batch_018,1,P41_04,6.0,batch_018.txt,933,test
batch_018:934,batch_018,1,P41_01,2.0,batch_018.txt,934,train
batch_018:935,batch_018,1,P41_02,3.0,batch_018.txt,935,train
batch_018:936,batch_018,1,P41_02,3.0,batch_018.txt,936,train
batch_018:937,batch_018,1,P41_02,3.0,batch_018.txt,937,train
batch_018:938,batch_018,1,P41_05,17.0,batch_018.txt,938,train
batch_018:939,batch_018,0,,0.0,batch_018.txt,939,train
batch_018:940,batch_018,1,P41_05,17.0,batch_018.txt,940,train
batch_018:941,batch_018,1,P41_02,3.0,batch_018.txt,941,train
batch_018:942,batch_018,0,,0.0,batch_018.txt,942,train
batch_018:943,batch_018,1,P41_01,2.0,batch_018.txt,943,test
batch_018:944,batch_018,1,P41_04,6.0,batch_018.txt,944,train
batch_018:945,batch_018,0,,0.0,batch_018.txt,945,train
batch_018:946,batch_018,0,,0.0,batch_018.txt,946,validation
batch_018:947,batch_018,0,,0.0,batch_018.txt,947,validation
batch_018:948,batch_018,1,P41_02,3.0,batch_018.txt,948,test
batch_018:949,batch_018,0,,0.0,batch_018.txt,949,train
batch_018:950,batch_018,1,P41_05,17.0,batch_018.txt,950,test
batch_018:951,batch_018,0,,0.0,batch_018.txt,951,train
batch_018:952,batch_018,1,P41_01,2.0,batch_018.txt,952,train
batch_018:953,batch_018,0,,0.0,batch_018.txt,953,test
batch_018:954,batch_018,0,,0.0,batch_018.txt,954,test
batch_018:955,batch_018,1,P41_03,26.0,batch_018.txt,955,train
batch_018:956,batch_018,1,P41_02,3.0,batch_018.txt,956,train
batch_018:957,batch_018,0,,0.0,batch_018.txt,957,validation
batch_018:958,batch_018,1,P41_06_notch,6.0,batch_018.txt,958,train
batch_018:959,batch_018,1,P41_01,2.0,batch_018.txt,959,test
batch_018:960,batch_018,1,P41_02,3.0,batch_018.txt,960,train
batch_018:961,batch_018,1,P41_03,26.0,batch_018.txt,961,train
batch_018:962,batch_018,1,P41_05,17.0,batch_018.txt,962,train
batch_018:963,batch_018,1,P41_02,3.0,batch_018.txt,963,train
batch_018:964,batch_018,1,P41_05,17.0,batch_018.txt,964,train
batch_018:965,batch_018,0,,0.0,batch_018.txt,965,test
batch_018:966,batch_018,0,,0.0,batch_018.txt,966,train
batch_018:967,batch_018,0,,0.0,batch_018.txt,967,train
batch_018:968,batch_018,0,,0.0,batch_018.txt,968,train
batch_018:969,batch_018,0,,0.0,batch_018.txt,969,train
batch_018:970,batch_018,0,,0.0,batch_018.txt,970,validation
batch_018:971,batch_018,0,,0.0,batch_018.txt,971,train
batch_018:972,batch_018,1,P41_02,3.0,batch_018.txt,972,train
batch_018:973,batch_018,1,P41_03,26.0,batch_018.txt,973,train
batch_018:974,batch_018,0,,0.0,batch_018.txt,974,train
batch_018:975,batch_018,1,P41_03,26.0,batch_018.txt,975,train
batch_018:976,batch_018,1,P41_04,6.0,batch_018.txt,976,train
batch_018:977,batch_018,0,,0.0,batch_018.txt,977,train
batch_018:978,batch_018,0,,0.0,batch_018.txt,978,test
batch_018:979,batch_018,0,,0.0,batch_018.txt,979,validation
batch_018:980,batch_018,1,P41_02,3.0,batch_018.txt,980,train
batch_018:981,batch_018,1,P41_01,2.0,batch_018.txt,981,train
batch_018:982,batch_018,0,,0.0,batch_018.txt,982,train
batch_018:983,batch_018,0,,0.0,batch_018.txt,983,train
batch_018:984,batch_018,1,P41_05,17.0,batch_018.txt,984,train
batch_018:985,batch_018,0,,0.0,batch_018.txt,985,validation
batch_018:986,batch_018,0,,0.0,batch_018.txt,986,test
batch_018:987,batch_018,0,,0.0,batch_018.txt,987,train
batch_018:988,batch_018,1,P41_06_notch,6.0,batch_018.txt,988,train
batch_018:989,batch_018,0,,0.0,batch_018.txt,989,train
batch_018:990,batch_018,1,P41_04,6.0,batch_018.txt,990,train
batch_018:991,batch_018,1,P41_06_notch,6.0,batch_018.txt,991,validation
batch_018:992,batch_018,1,P41_06_notch,6.0,batch_018.txt,992,test
batch_018:993,batch_018,1,P41_03,26.0,batch_018.txt,993,validation
batch_018:994,batch_018,0,,0.0,batch_018.txt,994,train
batch_018:995,batch_018,1,P41_03,26.0,batch_018.txt,995,test
batch_018:996,batch_018,1,P41_03,26.0,batch_018.txt,996,validation
batch_018:997,batch_018,1,P41_04,6.0,batch_018.txt,997,train
batch_018:998,batch_018,0,,0.0,batch_018.txt,998,train
batch_018:999,batch_018,1,P41_06_notch,6.0,batch_018.txt,999,train
batch_018:1000,batch_018,0,,0.0,batch_018.txt,1000,test
batch_019:1,batch_019,0,,0.0,batch_019.txt,1,test
batch_019:2,batch_019,0,,0.0,batch_019.txt,2,train
batch_019:3,batch_019,0,,0.0,batch_019.txt,3,test
batch_019:4,batch_019,1,P41_05,17.0,batch_019.txt,4,validation
batch_019:5,batch_019,0,,0.0,batch_019.txt,5,train
batch_019:6,batch_019,0,,0.0,batch_019.txt,6,validation
batch_019:7,batch_019,0,,0.0,batch_019.txt,7,test
batch_019:8,batch_019,1,P41_04,6.0,batch_019.txt,8,train
batch_019:9,batch_019,0,,0.0,batch_019.txt,9,train
batch_019:10,batch_019,1,P41_02,3.0,batch_019.txt,10,train
batch_019:11,batch_019,0,,0.0,batch_019.txt,11,train
batch_019:12,batch_019,1,P41_05,17.0,batch_019.txt,12,test
batch_019:13,batch_019,1,P41_01,2.0,batch_019.txt,13,train
batch_019:14,batch_019,1,P41_05,17.0,batch_019.txt,14,train
batch_019:15,batch_019,0,,0.0,batch_019.txt,15,test
batch_019:16,batch_019,0,,0.0,batch_019.txt,16,test
batch_019:17,batch_019,0,,0.0,batch_019.txt,17,train
batch_019:18,batch_019,1,P41_05,17.0,batch_019.txt,18,train
batch_019:19,batch_019,0,,0.0,batch_019.txt,19,validation
batch_019:20,batch_019,0,,0.0,batch_019.txt,20,validation
batch_019:21,batch_019,0,,0.0,batch_019.txt,21,train
batch_019:22,batch_019,0,,0.0,batch_019.txt,22,train
batch_019:23,batch_019,1,P41_03,26.0,batch_019.txt,23,train
batch_019:24,batch_019,1,P41_06_notch,6.0,batch_019.txt,24,train
batch_019:25,batch_019,0,,0.0,batch_019.txt,25,train
batch_019:26,batch_019,1,P41_03,26.0,batch_019.txt,26,validation
batch_019:27,batch_019,1,P41_03,26.0,batch_019.txt,27,train
batch_019:28,batch_019,0,,0.0,batch_019.txt,28,train
batch_019:29,batch_019,1,P41_06_notch,6.0,batch_019.txt,29,validation
batch_019:30,batch_019,1,P41_02,3.0,batch_019.txt,30,train
batch_019:31,batch_019,0,,0.0,batch_019.txt,31,test
batch_019:32,batch_019,0,,0.0,batch_019.txt,32,train
batch_019:33,batch_019,0,,0.0,batch_019.txt,33,train
batch_019:34,batch_019,0,,0.0,batch_019.txt,34,train
batch_019:35,batch_019,0,,0.0,batch_019.txt,35,train
batch_019:36,batch_019,0,,0.0,batch_019.txt,36,train
batch_019:37,batch_019,1,P41_04,6.0,batch_019.txt,37,train
batch_019:38,batch_019,0,,0.0,batch_019.txt,38,train
batch_019:39,batch_019,1,P41_06_notch,6.0,batch_019.txt,39,train
batch_019:40,batch_019,1,P41_01,2.0,batch_019.txt,40,validation
batch_019:41,batch_019,0,,0.0,batch_019.txt,41,validation
batch_019:42,batch_019,0,,0.0,batch_019.txt,42,validation
batch_019:43,batch_019,0,,0.0,batch_019.txt,43,test
batch_019:44,batch_019,0,,0.0,batch_019.txt,44,train
batch_019:45,batch_019,1,P41_04,6.0,batch_019.txt,45,train
batch_019:46,batch_019,1,P41_03,26.0,batch_019.txt,46,train
batch_019:47,batch_019,1,P41_03,26.0,batch_019.txt,47,train
batch_019:48,batch_019,1,P41_01,2.0,batch_019.txt,48,train
batch_019:49,batch_019,0,,0.0,batch_019.txt,49,train
batch_019:50,batch_019,1,P41_06_notch,6.0,batch_019.txt,50,validation
batch_019:51,batch_019,1,P41_04,6.0,batch_019.txt,51,train
batch_019:52,batch_019,0,,0.0,batch_019.txt,52,test
batch_019:53,batch_019,0,,0.0,batch_019.txt,53,train
batch_019:54,batch_019,1,P41_02,3.0,batch_019.txt,54,train
batch_019:55,batch_019,0,,0.0,batch_019.txt,55,train
batch_019:56,batch_019,0,,0.0,batch_019.txt,56,test
batch_019:57,batch_019,1,P41_02,3.0,batch_019.txt,57,validation
batch_019:58,batch_019,1,P41_04,6.0,batch_019.txt,58,train
batch_019:59,batch_019,1,P41_02,3.0,batch_019.txt,59,train
batch_019:60,batch_019,1,P41_02,3.0,batch_019.txt,60,train
batch_019:61,batch_019,1,P41_03,26.0,batch_019.txt,61,train
batch_019:62,batch_019,0,,0.0,batch_019.txt,62,train
batch_019:63,batch_019,0,,0.0,batch_019.txt,63,train
batch_019:64,batch_019,1,P41_03,26.0,batch_019.txt,64,train
batch_019:65,batch_019,0,,0.0,batch_019.txt,65,test
batch_019:66,batch_019,0,,0.0,batch_019.txt,66,train
batch_019:67,batch_019,1,P41_04,6.0,batch_019.txt,67,validation
batch_019:68,batch_019,0,,0.0,batch_019.txt,68,test
batch_019:69,batch_019,0,,0.0,batch_019.txt,69,test
batch_019:70,batch_019,1,P41_03,26.0,batch_019.txt,70,validation
batch_019:71,batch_019,1,P41_03,26.0,batch_019.txt,71,test
batch_019:72,batch_019,1,P41_06_notch,6.0,batch_019.txt,72,train
batch_019:73,batch_019,0,,0.0,batch_019.txt,73,train
batch_019:74,batch_019,1,P41_02,3.0,batch_019.txt,74,validation
batch_019:75,batch_019,0,,0.0,batch_019.txt,75,validation
batch_019:76,batch_019,0,,0.0,batch_019.txt,76,train
batch_019:77,batch_019,1,P41_04,6.0,batch_019.txt,77,train
batch_019:78,batch_019,1,P41_01,2.0,batch_019.txt,78,test
batch_019:79,batch_019,1,P41_04,6.0,batch_019.txt,79,train
batch_019:80,batch_019,0,,0.0,batch_019.txt,80,train
batch_019:81,batch_019,0,,0.0,batch_019.txt,81,train
batch_019:82,batch_019,1,P41_05,17.0,batch_019.txt,82,train
batch_019:83,batch_019,0,,0.0,batch_019.txt,83,train
batch_019:84,batch_019,0,,0.0,batch_019.txt,84,test
batch_019:85,batch_019,0,,0.0,batch_019.txt,85,validation
batch_019:86,batch_019,1,P41_02,3.0,batch_019.txt,86,train
batch_019:87,batch_019,0,,0.0,batch_019.txt,87,train
batch_019:88,batch_019,1,P41_03,26.0,batch_019.txt,88,test
batch_019:89,batch_019,1,P41_05,17.0,batch_019.txt,89,train
batch_019:90,batch_019,0,,0.0,batch_019.txt,90,train
batch_019:91,batch_019,0,,0.0,batch_019.txt,91,train
batch_019:92,batch_019,1,P41_06_notch,6.0,batch_019.txt,92,train
batch_019:93,batch_019,0,,0.0,batch_019.txt,93,test
batch_019:94,batch_019,0,,0.0,batch_019.txt,94,train
batch_019:95,batch_019,1,P41_04,6.0,batch_019.txt,95,train
batch_019:96,batch_019,0,,0.0,batch_019.txt,96,test
batch_019:97,batch_019,0,,0.0,batch_019.txt,97,train
batch_019:98,batch_019,1,P41_01,2.0,batch_019.txt,98,train
batch_019:99,batch_019,1,P41_02,3.0,batch_019.txt,99,test
batch_019:100,batch_019,0,,0.0,batch_019.txt,100,train
batch_019:101,batch_019,0,,0.0,batch_019.txt,101,train
batch_019:102,batch_019,0,,0.0,batch_019.txt,102,train
batch_019:103,batch_019,1,P41_06_notch,6.0,batch_019.txt,103,train
batch_019:104,batch_019,0,,0.0,batch_019.txt,104,train
batch_019:105,batch_019,0,,0.0,batch_019.txt,105,train
batch_019:106,batch_019,1,P41_01,2.0,batch_019.txt,106,train
batch_019:107,batch_019,0,,0.0,batch_019.txt,107,train
batch_019:108,batch_019,1,P41_03,26.0,batch_019.txt,108,validation
batch_019:109,batch_019,0,,0.0,batch_019.txt,109,train
batch_019:110,batch_019,0,,0.0,batch_019.txt,110,train
batch_019:111,batch_019,0,,0.0,batch_019.txt,111,train
batch_019:112,batch_019,1,P41_02,3.0,batch_019.txt,112,validation
batch_019:113,batch_019,1,P41_06_notch,6.0,batch_019.txt,113,train
batch_019:114,batch_019,0,,0.0,batch_019.txt,114,train
batch_019:115,batch_019,0,,0.0,batch_019.txt,115,train
batch_019:116,batch_019,0,,0.0,batch_019.txt,116,test
batch_019:117,batch_019,0,,0.0,batch_019.txt,117,train
batch_019:118,batch_019,1,P41_02,3.0,batch_019.txt,118,train
batch_019:119,batch_019,0,,0.0,batch_019.txt,119,train
batch_019:120,batch_019,1,P41_04,6.0,batch_019.txt,120,train
batch_019:121,batch_019,1,P41_03,26.0,batch_019.txt,121,train
batch_019:122,batch_019,1,P41_04,6.0,batch_019.txt,122,train
batch_019:123,batch_019,0,,0.0,batch_019.txt,123,test
batch_019:124,batch_019,0,,0.0,batch_019.txt,124,train
batch_019:125,batch_019,1,P41_02,3.0,batch_019.txt,125,train
batch_019:126,batch_019,1,P41_03,26.0,batch_019.txt,126,test
batch_019:127,batch_019,1,P41_03,26.0,batch_019.txt,127,train
batch_019:128,batch_019,0,,0.0,batch_019.txt,128,validation
batch_019:129,batch_019,1,P41_01,2.0,batch_019.txt,129,test
batch_019:130,batch_019,1,P41_01,2.0,batch_019.txt,130,train
batch_019:131,batch_019,0,,0.0,batch_019.txt,131,train
batch_019:132,batch_019,1,P41_04,6.0,batch_019.txt,132,train
batch_019:133,batch_019,1,P41_06_notch,6.0,batch_019.txt,133,train
batch_019:134,batch_019,0,,0.0,batch_019.txt,134,test
batch_019:135,batch_019,0,,0.0,batch_019.txt,135,train
batch_019:136,batch_019,1,P41_04,6.0,batch_019.txt,136,test
batch_019:137,batch_019,1,P41_03,26.0,batch_019.txt,137,train
batch_019:138,batch_019,0,,0.0,batch_019.txt,138,test
batch_019:139,batch_019,1,P41_02,3.0,batch_019.txt,139,test
batch_019:140,batch_019,0,,0.0,batch_019.txt,140,train
batch_019:141,batch_019,1,P41_02,3.0,batch_019.txt,141,validation
batch_019:142,batch_019,1,P41_04,6.0,batch_019.txt,142,train
batch_019:143,batch_019,0,,0.0,batch_019.txt,143,test
batch_019:144,batch_019,1,P41_06_notch,6.0,batch_019.txt,144,train
batch_019:145,batch_019,0,,0.0,batch_019.txt,145,validation
batch_019:146,batch_019,0,,0.0,batch_019.txt,146,train
batch_019:147,batch_019,1,P41_04,6.0,batch_019.txt,147,validation
batch_019:148,batch_019,1,P41_05,17.0,batch_019.txt,148,validation
batch_019:149,batch_019,0,,0.0,batch_019.txt,149,validation
batch_019:150,batch_019,0,,0.0,batch_019.txt,150,train
batch_019:151,batch_019,1,P41_03,26.0,batch_019.txt,151,validation
batch_019:152,batch_019,1,P41_02,3.0,batch_019.txt,152,train
batch_019:153,batch_019,1,P41_06_notch,6.0,batch_019.txt,153,validation
batch_019:154,batch_019,1,P41_03,26.0,batch_019.txt,154,train
batch_019:155,batch_019,1,P41_03,26.0,batch_019.txt,155,train
batch_019:156,batch_019,0,,0.0,batch_019.txt,156,train
batch_019:157,batch_019,1,P41_01,2.0,batch_019.txt,157,train
batch_019:158,batch_019,0,,0.0,batch_019.txt,158,train
batch_019:159,batch_019,1,P41_02,3.0,batch_019.txt,159,validation
batch_019:160,batch_019,0,,0.0,batch_019.txt,160,train
batch_019:161,batch_019,1,P41_06_notch,6.0,batch_019.txt,161,train
batch_019:162,batch_019,0,,0.0,batch_019.txt,162,train
batch_019:163,batch_019,1,P41_03,26.0,batch_019.txt,163,train
batch_019:164,batch_019,0,,0.0,batch_019.txt,164,test
batch_019:165,batch_019,0,,0.0,batch_019.txt,165,train
batch_019:166,batch_019,0,,0.0,batch_019.txt,166,train
batch_019:167,batch_019,1,P41_06_notch,6.0,batch_019.txt,167,train
batch_019:168,batch_019,1,P41_06_notch,6.0,batch_019.txt,168,train
batch_019:169,batch_019,1,P41_02,3.0,batch_019.txt,169,train
batch_019:170,batch_019,0,,0.0,batch_019.txt,170,validation
batch_019:171,batch_019,0,,0.0,batch_019.txt,171,test
batch_019:172,batch_019,1,P41_02,3.0,batch_019.txt,172,train
batch_019:173,batch_019,0,,0.0,batch_019.txt,173,train
batch_019:174,batch_019,0,,0.0,batch_019.txt,174,train
batch_019:175,batch_019,1,P41_05,17.0,batch_019.txt,175,train
batch_019:176,batch_019,0,,0.0,batch_019.txt,176,test
batch_019:177,batch_019,0,,0.0,batch_019.txt,177,train
batch_019:178,batch_019,0,,0.0,batch_019.txt,178,train
batch_019:179,batch_019,1,P41_01,2.0,batch_019.txt,179,train
batch_019:180,batch_019,1,P41_03,26.0,batch_019.txt,180,validation
batch_019:181,batch_019,1,P41_02,3.0,batch_019.txt,181,train
batch_019:182,batch_019,1,P41_04,6.0,batch_019.txt,182,train
batch_019:183,batch_019,0,,0.0,batch_019.txt,183,train
batch_019:184,batch_019,0,,0.0,batch_019.txt,184,train
batch_019:185,batch_019,1,P41_01,2.0,batch_019.txt,185,train
batch_019:186,batch_019,1,P41_04,6.0,batch_019.txt,186,train
batch_019:187,batch_019,1,P41_01,2.0,batch_019.txt,187,train
batch_019:188,batch_019,0,,0.0,batch_019.txt,188,train
batch_019:189,batch_019,0,,0.0,batch_019.txt,189,train
batch_019:190,batch_019,0,,0.0,batch_019.txt,190,train
batch_019:191,batch_019,0,,0.0,batch_019.txt,191,test
batch_019:192,batch_019,0,,0.0,batch_019.txt,192,train
batch_019:193,batch_019,0,,0.0,batch_019.txt,193,train
batch_019:194,batch_019,1,P41_06_notch,6.0,batch_019.txt,194,test
batch_019:195,batch_019,1,P41_05,17.0,batch_019.txt,195,test
batch_019:196,batch_019,1,P41_06_notch,6.0,batch_019.txt,196,test
batch_019:197,batch_019,1,P41_03,26.0,batch_019.txt,197,test
batch_019:198,batch_019,1,P41_04,6.0,batch_019.txt,198,train
batch_019:199,batch_019,1,P41_04,6.0,batch_019.txt,199,train
batch_019:200,batch_019,1,P41_03,26.0,batch_019.txt,200,train
batch_019:201,batch_019,1,P41_04,6.0,batch_019.txt,201,train
batch_019:202,batch_019,1,P41_01,2.0,batch_019.txt,202,test
batch_019:203,batch_019,1,P41_06_notch,6.0,batch_019.txt,203,train
batch_019:204,batch_019,0,,0.0,batch_019.txt,204,train
batch_019:205,batch_019,0,,0.0,batch_019.txt,205,train
batch_019:206,batch_019,0,,0.0,batch_019.txt,206,validation
batch_019:207,batch_019,1,P41_05,17.0,batch_019.txt,207,validation
batch_019:208,batch_019,1,P41_03,26.0,batch_019.txt,208,train
batch_019:209,batch_019,1,P41_05,17.0,batch_019.txt,209,test
batch_019:210,batch_019,1,P41_04,6.0,batch_019.txt,210,train
batch_019:211,batch_019,0,,0.0,batch_019.txt,211,test
batch_019:212,batch_019,0,,0.0,batch_019.txt,212,test
batch_019:213,batch_019,1,P41_05,17.0,batch_019.txt,213,train
batch_019:214,batch_019,0,,0.0,batch_019.txt,214,train
batch_019:215,batch_019,1,P41_01,2.0,batch_019.txt,215,validation
batch_019:216,batch_019,0,,0.0,batch_019.txt,216,validation
batch_019:217,batch_019,0,,0.0,batch_019.txt,217,test
batch_019:218,batch_019,0,,0.0,batch_019.txt,218,train
batch_019:219,batch_019,0,,0.0,batch_019.txt,219,train
batch_019:220,batch_019,0,,0.0,batch_019.txt,220,train
batch_019:221,batch_019,0,,0.0,batch_019.txt,221,test
batch_019:222,batch_019,0,,0.0,batch_019.txt,222,train
batch_019:223,batch_019,0,,0.0,batch_019.txt,223,test
batch_019:224,batch_019,0,,0.0,batch_019.txt,224,train
batch_019:225,batch_019,1,P41_03,26.0,batch_019.txt,225,train
batch_019:226,batch_019,1,P41_05,17.0,batch_019.txt,226,validation
batch_019:227,batch_019,1,P41_06_notch,6.0,batch_019.txt,227,train
batch_019:228,batch_019,1,P41_04,6.0,batch_019.txt,228,test
batch_019:229,batch_019,1,P41_06_notch,6.0,batch_019.txt,229,train
batch_019:230,batch_019,1,P41_05,17.0,batch_019.txt,230,validation
batch_019:231,batch_019,0,,0.0,batch_019.txt,231,test
batch_019:232,batch_019,1,P41_01,2.0,batch_019.txt,232,test
batch_019:233,batch_019,1,P41_06_notch,6.0,batch_019.txt,233,train
batch_019:234,batch_019,0,,0.0,batch_019.txt,234,train
batch_019:235,batch_019,1,P41_04,6.0,batch_019.txt,235,validation
batch_019:236,batch_019,0,,0.0,batch_019.txt,236,train
batch_019:237,batch_019,1,P41_03,26.0,batch_019.txt,237,train
batch_019:238,batch_019,1,P41_04,6.0,batch_019.txt,238,validation
batch_019:239,batch_019,0,,0.0,batch_019.txt,239,train
batch_019:240,batch_019,1,P41_01,2.0,batch_019.txt,240,test
batch_019:241,batch_019,1,P41_02,3.0,batch_019.txt,241,test
batch_019:242,batch_019,1,P41_04,6.0,batch_019.txt,242,train
batch_019:243,batch_019,1,P41_03,26.0,batch_019.txt,243,train
batch_019:244,batch_019,0,,0.0,batch_019.txt,244,train
batch_019:245,batch_019,0,,0.0,batch_019.txt,245,train
batch_019:246,batch_019,0,,0.0,batch_019.txt,246,train
batch_019:247,batch_019,1,P41_03,26.0,batch_019.txt,247,test
batch_019:248,batch_019,0,,0.0,batch_019.txt,248,validation
batch_019:249,batch_019,1,P41_03,26.0,batch_019.txt,249,train
batch_019:250,batch_019,1,P41_01,2.0,batch_019.txt,250,validation
batch_019:251,batch_019,0,,0.0,batch_019.txt,251,train
batch_019:252,batch_019,0,,0.0,batch_019.txt,252,train
batch_019:253,batch_019,0,,0.0,batch_019.txt,253,train
batch_019:254,batch_019,1,P41_04,6.0,batch_019.txt,254,train
batch_019:255,batch_019,1,P41_03,26.0,batch_019.txt,255,validation
batch_019:256,batch_019,0,,0.0,batch_019.txt,256,train
batch_019:257,batch_019,1,P41_04,6.0,batch_019.txt,257,train
batch_019:258,batch_019,0,,0.0,batch_019.txt,258,validation
batch_019:259,batch_019,0,,0.0,batch_019.txt,259,train
batch_019:260,batch_019,0,,0.0,batch_019.txt,260,validation
batch_019:261,batch_019,1,P41_06_notch,6.0,batch_019.txt,261,train
batch_019:262,batch_019,1,P41_01,2.0,batch_019.txt,262,validation
batch_019:263,batch_019,1,P41_05,17.0,batch_019.txt,263,train
batch_019:264,batch_019,0,,0.0,batch_019.txt,264,test
batch_019:265,batch_019,0,,0.0,batch_019.txt,265,train
batch_019:266,batch_019,0,,0.0,batch_019.txt,266,train
batch_019:267,batch_019,0,,0.0,batch_019.txt,267,test
batch_019:268,batch_019,1,P41_05,17.0,batch_019.txt,268,train
batch_019:269,batch_019,0,,0.0,batch_019.txt,269,validation
batch_019:270,batch_019,0,,0.0,batch_019.txt,270,train
batch_019:271,batch_019,0,,0.0,batch_019.txt,271,train
batch_019:272,batch_019,1,P41_02,3.0,batch_019.txt,272,train
batch_019:273,batch_019,0,,0.0,batch_019.txt,273,validation
batch_019:274,batch_019,1,P41_03,26.0,batch_019.txt,274,train
batch_019:275,batch_019,0,,0.0,batch_019.txt,275,test
batch_019:276,batch_019,1,P41_03,26.0,batch_019.txt,276,train
batch_019:277,batch_019,1,P41_02,3.0,batch_019.txt,277,train
batch_019:278,batch_019,0,,0.0,batch_019.txt,278,train
batch_019:279,batch_019,1,P41_01,2.0,batch_019.txt,279,validation
batch_019:280,batch_019,0,,0.0,batch_019.txt,280,train
batch_019:281,batch_019,0,,0.0,batch_019.txt,281,train
batch_019:282,batch_019,1,P41_06_notch,6.0,batch_019.txt,282,validation
batch_019:283,batch_019,0,,0.0,batch_019.txt,283,train
batch_019:284,batch_019,1,P41_05,17.0,batch_019.txt,284,train
batch_019:285,batch_019,0,,0.0,batch_019.txt,285,train
batch_019:286,batch_019,1,P41_04,6.0,batch_019.txt,286,train
batch_019:287,batch_019,0,,0.0,batch_019.txt,287,train
batch_019:288,batch_019,1,P41_02,3.0,batch_019.txt,288,validation
batch_019:289,batch_019,0,,0.0,batch_019.txt,289,train
batch_019:290,batch_019,0,,0.0,batch_019.txt,290,validation
batch_019:291,batch_019,1,P41_04,6.0,batch_019.txt,291,validation
batch_019:292,batch_019,0,,0.0,batch_019.txt,292,train
batch_019:293,batch_019,1,P41_02,3.0,batch_019.txt,293,train
batch_019:294,batch_019,0,,0.0,batch_019.txt,294,train
batch_019:295,batch_019,1,P41_05,17.0,batch_019.txt,295,train
batch_019:296,batch_019,0,,0.0,batch_019.txt,296,train
batch_019:297,batch_019,1,P41_02,3.0,batch_019.txt,297,train
batch_019:298,batch_019,0,,0.0,batch_019.txt,298,validation
batch_019:299,batch_019,1,P41_03,26.0,batch_019.txt,299,train
batch_019:300,batch_019,0,,0.0,batch_019.txt,300,train
batch_019:301,batch_019,1,P41_05,17.0,batch_019.txt,301,train
batch_019:302,batch_019,1,P41_03,26.0,batch_019.txt,302,validation
batch_019:303,batch_019,0,,0.0,batch_019.txt,303,train
batch_019:304,batch_019,1,P41_01,2.0,batch_019.txt,304,train
batch_019:305,batch_019,0,,0.0,batch_019.txt,305,train
batch_019:306,batch_019,1,P41_04,6.0,batch_019.txt,306,test
batch_019:307,batch_019,0,,0.0,batch_019.txt,307,train
batch_019:308,batch_019,0,,0.0,batch_019.txt,308,train
batch_019:309,batch_019,0,,0.0,batch_019.txt,309,train
batch_019:310,batch_019,1,P41_06_notch,6.0,batch_019.txt,310,train
batch_019:311,batch_019,0,,0.0,batch_019.txt,311,train
batch_019:312,batch_019,0,,0.0,batch_019.txt,312,train
batch_019:313,batch_019,0,,0.0,batch_019.txt,313,test
batch_019:314,batch_019,0,,0.0,batch_019.txt,314,train
batch_019:315,batch_019,0,,0.0,batch_019.txt,315,train
batch_019:316,batch_019,0,,0.0,batch_019.txt,316,validation
batch_019:317,batch_019,0,,0.0,batch_019.txt,317,validation
batch_019:318,batch_019,1,P41_03,26.0,batch_019.txt,318,train
batch_019:319,batch_019,1,P41_02,3.0,batch_019.txt,319,train
batch_019:320,batch_019,0,,0.0,batch_019.txt,320,train
batch_019:321,batch_019,0,,0.0,batch_019.txt,321,train
batch_019:322,batch_019,1,P41_05,17.0,batch_019.txt,322,train
batch_019:323,batch_019,0,,0.0,batch_019.txt,323,test
batch_019:324,batch_019,0,,0.0,batch_019.txt,324,train
batch_019:325,batch_019,1,P41_05,17.0,batch_019.txt,325,train
batch_019:326,batch_019,1,P41_01,2.0,batch_019.txt,326,train
batch_019:327,batch_019,0,,0.0,batch_019.txt,327,train
batch_019:328,batch_019,0,,0.0,batch_019.txt,328,train
batch_019:329,batch_019,1,P41_01,2.0,batch_019.txt,329,train
batch_019:330,batch_019,0,,0.0,batch_019.txt,330,train
batch_019:331,batch_019,1,P41_05,17.0,batch_019.txt,331,validation
batch_019:332,batch_019,1,P41_02,3.0,batch_019.txt,332,train
batch_019:333,batch_019,1,P41_05,17.0,batch_019.txt,333,train
batch_019:334,batch_019,0,,0.0,batch_019.txt,334,train
batch_019:335,batch_019,1,P41_02,3.0,batch_019.txt,335,train
batch_019:336,batch_019,1,P41_01,2.0,batch_019.txt,336,test
batch_019:337,batch_019,0,,0.0,batch_019.txt,337,train
batch_019:338,batch_019,0,,0.0,batch_019.txt,338,train
batch_019:339,batch_019,0,,0.0,batch_019.txt,339,train
batch_019:340,batch_019,1,P41_04,6.0,batch_019.txt,340,train
batch_019:341,batch_019,1,P41_04,6.0,batch_019.txt,341,train
batch_019:342,batch_019,0,,0.0,batch_019.txt,342,train
batch_019:343,batch_019,0,,0.0,batch_019.txt,343,train
batch_019:344,batch_019,1,P41_01,2.0,batch_019.txt,344,test
batch_019:345,batch_019,1,P41_04,6.0,batch_019.txt,345,validation
batch_019:346,batch_019,0,,0.0,batch_019.txt,346,validation
batch_019:347,batch_019,0,,0.0,batch_019.txt,347,train
batch_019:348,batch_019,1,P41_03,26.0,batch_019.txt,348,train
batch_019:349,batch_019,1,P41_06_notch,6.0,batch_019.txt,349,train
batch_019:350,batch_019,0,,0.0,batch_019.txt,350,train
batch_019:351,batch_019,0,,0.0,batch_019.txt,351,validation
batch_019:352,batch_019,0,,0.0,batch_019.txt,352,train
batch_019:353,batch_019,1,P41_06_notch,6.0,batch_019.txt,353,validation
batch_019:354,batch_019,1,P41_04,6.0,batch_019.txt,354,validation
batch_019:355,batch_019,1,P41_04,6.0,batch_019.txt,355,train
batch_019:356,batch_019,0,,0.0,batch_019.txt,356,train
batch_019:357,batch_019,1,P41_01,2.0,batch_019.txt,357,train
batch_019:358,batch_019,1,P41_03,26.0,batch_019.txt,358,test
batch_019:359,batch_019,1,P41_04,6.0,batch_019.txt,359,train
batch_019:360,batch_019,1,P41_06_notch,6.0,batch_019.txt,360,train
batch_019:361,batch_019,1,P41_02,3.0,batch_019.txt,361,train
batch_019:362,batch_019,0,,0.0,batch_019.txt,362,train
batch_019:363,batch_019,0,,0.0,batch_019.txt,363,test
batch_019:364,batch_019,1,P41_04,6.0,batch_019.txt,364,test
batch_019:365,batch_019,0,,0.0,batch_019.txt,365,train
batch_019:366,batch_019,1,P41_05,17.0,batch_019.txt,366,train
batch_019:367,batch_019,0,,0.0,batch_019.txt,367,train
batch_019:368,batch_019,1,P41_01,2.0,batch_019.txt,368,test
batch_019:369,batch_019,1,P41_04,6.0,batch_019.txt,369,test
batch_019:370,batch_019,0,,0.0,batch_019.txt,370,train
batch_019:371,batch_019,0,,0.0,batch_019.txt,371,test
batch_019:372,batch_019,0,,0.0,batch_019.txt,372,test
batch_019:373,batch_019,1,P41_06_notch,6.0,batch_019.txt,373,train
batch_019:374,batch_019,1,P41_05,17.0,batch_019.txt,374,train
batch_019:375,batch_019,1,P41_06_notch,6.0,batch_019.txt,375,train
batch_019:376,batch_019,0,,0.0,batch_019.txt,376,train
batch_019:377,batch_019,0,,0.0,batch_019.txt,377,train
batch_019:378,batch_019,0,,0.0,batch_019.txt,378,validation
batch_019:379,batch_019,1,P41_01,2.0,batch_019.txt,379,train
batch_019:380,batch_019,0,,0.0,batch_019.txt,380,train
batch_019:381,batch_019,1,P41_03,26.0,batch_019.txt,381,test
batch_019:382,batch_019,0,,0.0,batch_019.txt,382,train
batch_019:383,batch_019,1,P41_04,6.0,batch_019.txt,383,test
batch_019:384,batch_019,1,P41_05,17.0,batch_019.txt,384,validation
batch_019:385,batch_019,0,,0.0,batch_019.txt,385,train
batch_019:386,batch_019,1,P41_03,26.0,batch_019.txt,386,test
batch_019:387,batch_019,1,P41_05,17.0,batch_019.txt,387,train
batch_019:388,batch_019,0,,0.0,batch_019.txt,388,validation
batch_019:389,batch_019,1,P41_04,6.0,batch_019.txt,389,test
batch_019:390,batch_019,0,,0.0,batch_019.txt,390,test
batch_019:391,batch_019,0,,0.0,batch_019.txt,391,train
batch_019:392,batch_019,1,P41_03,26.0,batch_019.txt,392,train
batch_019:393,batch_019,0,,0.0,batch_019.txt,393,train
batch_019:394,batch_019,1,P41_05,17.0,batch_019.txt,394,train
batch_019:395,batch_019,0,,0.0,batch_019.txt,395,test
batch_019:396,batch_019,1,P41_01,2.0,batch_019.txt,396,train
batch_019:397,batch_019,0,,0.0,batch_019.txt,397,train
batch_019:398,batch_019,0,,0.0,batch_019.txt,398,validation
batch_019:399,batch_019,0,,0.0,batch_019.txt,399,train
batch_019:400,batch_019,1,P41_03,26.0,batch_019.txt,400,train
batch_019:401,batch_019,1,P41_06_notch,6.0,batch_019.txt,401,train
batch_019:402,batch_019,1,P41_01,2.0,batch_019.txt,402,validation
batch_019:403,batch_019,1,P41_02,3.0,batch_019.txt,403,test
batch_019:404,batch_019,0,,0.0,batch_019.txt,404,validation
batch_019:405,batch_019,0,,0.0,batch_019.txt,405,validation
batch_019:406,batch_019,1,P41_06_notch,6.0,batch_019.txt,406,train
batch_019:407,batch_019,0,,0.0,batch_019.txt,407,train
batch_019:408,batch_019,0,,0.0,batch_019.txt,408,validation
batch_019:409,batch_019,0,,0.0,batch_019.txt,409,train
batch_019:410,batch_019,1,P41_03,26.0,batch_019.txt,410,train
batch_019:411,batch_019,0,,0.0,batch_019.txt,411,train
batch_019:412,batch_019,1,P41_04,6.0,batch_019.txt,412,train
batch_019:413,batch_019,1,P41_05,17.0,batch_019.txt,413,validation
batch_019:414,batch_019,0,,0.0,batch_019.txt,414,train
batch_019:415,batch_019,1,P41_03,26.0,batch_019.txt,415,train
batch_019:416,batch_019,1,P41_02,3.0,batch_019.txt,416,test
batch_019:417,batch_019,1,P41_05,17.0,batch_019.txt,417,test
batch_019:418,batch_019,0,,0.0,batch_019.txt,418,train
batch_019:419,batch_019,1,P41_04,6.0,batch_019.txt,419,train
batch_019:420,batch_019,1,P41_01,2.0,batch_019.txt,420,train
batch_019:421,batch_019,1,P41_06_notch,6.0,batch_019.txt,421,train
batch_019:422,batch_019,1,P41_05,17.0,batch_019.txt,422,train
batch_019:423,batch_019,0,,0.0,batch_019.txt,423,train
batch_019:424,batch_019,0,,0.0,batch_019.txt,424,train
batch_019:425,batch_019,1,P41_04,6.0,batch_019.txt,425,train
batch_019:426,batch_019,0,,0.0,batch_019.txt,426,train
batch_019:427,batch_019,0,,0.0,batch_019.txt,427,test
batch_019:428,batch_019,0,,0.0,batch_019.txt,428,validation
batch_019:429,batch_019,1,P41_04,6.0,batch_019.txt,429,train
batch_019:430,batch_019,0,,0.0,batch_019.txt,430,train
batch_019:431,batch_019,1,P41_05,17.0,batch_019.txt,431,train
batch_019:432,batch_019,0,,0.0,batch_019.txt,432,train
batch_019:433,batch_019,0,,0.0,batch_019.txt,433,train
batch_019:434,batch_019,1,P41_06_notch,6.0,batch_019.txt,434,train
batch_019:435,batch_019,1,P41_06_notch,6.0,batch_019.txt,435,train
batch_019:436,batch_019,0,,0.0,batch_019.txt,436,test
batch_019:437,batch_019,0,,0.0,batch_019.txt,437,validation
batch_019:438,batch_019,1,P41_05,17.0,batch_019.txt,438,train
batch_019:439,batch_019,0,,0.0,batch_019.txt,439,validation
batch_019:440,batch_019,1,P41_04,6.0,batch_019.txt,440,train
batch_019:441,batch_019,0,,0.0,batch_019.txt,441,train
batch_019:442,batch_019,0,,0.0,batch_019.txt,442,train
batch_019:443,batch_019,1,P41_03,26.0,batch_019.txt,443,train
batch_019:444,batch_019,0,,0.0,batch_019.txt,444,train
batch_019:445,batch_019,0,,0.0,batch_019.txt,445,validation
batch_019:446,batch_019,0,,0.0,batch_019.txt,446,train
batch_019:447,batch_019,1,P41_03,26.0,batch_019.txt,447,test
batch_019:448,batch_019,1,P41_04,6.0,batch_019.txt,448,train
batch_019:449,batch_019,1,P41_03,26.0,batch_019.txt,449,train
batch_019:450,batch_019,1,P41_05,17.0,batch_019.txt,450,train
batch_019:451,batch_019,1,P41_05,17.0,batch_019.txt,451,test
batch_019:452,batch_019,0,,0.0,batch_019.txt,452,train
batch_019:453,batch_019,1,P41_01,2.0,batch_019.txt,453,test
batch_019:454,batch_019,0,,0.0,batch_019.txt,454,test
batch_019:455,batch_019,0,,0.0,batch_019.txt,455,validation
batch_019:456,batch_019,0,,0.0,batch_019.txt,456,validation
batch_019:457,batch_019,0,,0.0,batch_019.txt,457,validation
batch_019:458,batch_019,1,P41_03,26.0,batch_019.txt,458,train
batch_019:459,batch_019,1,P41_02,3.0,batch_019.txt,459,test
batch_019:460,batch_019,0,,0.0,batch_019.txt,460,train
batch_019:461,batch_019,0,,0.0,batch_019.txt,461,validation
batch_019:462,batch_019,1,P41_02,3.0,batch_019.txt,462,train
batch_019:463,batch_019,0,,0.0,batch_019.txt,463,train
batch_019:464,batch_019,1,P41_01,2.0,batch_019.txt,464,train
batch_019:465,batch_019,1,P41_04,6.0,batch_019.txt,465,train
batch_019:466,batch_019,0,,0.0,batch_019.txt,466,test
batch_019:467,batch_019,0,,0.0,batch_019.txt,467,train
batch_019:468,batch_019,1,P41_01,2.0,batch_019.txt,468,train
batch_019:469,batch_019,0,,0.0,batch_019.txt,469,validation
batch_019:470,batch_019,0,,0.0,batch_019.txt,470,train
batch_019:471,batch_019,1,P41_06_notch,6.0,batch_019.txt,471,test
batch_019:472,batch_019,0,,0.0,batch_019.txt,472,train
batch_019:473,batch_019,0,,0.0,batch_019.txt,473,train
batch_019:474,batch_019,0,,0.0,batch_019.txt,474,train
batch_019:475,batch_019,1,P41_05,17.0,batch_019.txt,475,train
batch_019:476,batch_019,1,P41_02,3.0,batch_019.txt,476,train
batch_019:477,batch_019,0,,0.0,batch_019.txt,477,train
batch_019:478,batch_019,0,,0.0,batch_019.txt,478,train
batch_019:479,batch_019,1,P41_04,6.0,batch_019.txt,479,train
batch_019:480,batch_019,1,P41_04,6.0,batch_019.txt,480,test
batch_019:481,batch_019,0,,0.0,batch_019.txt,481,train
batch_019:482,batch_019,0,,0.0,batch_019.txt,482,validation
batch_019:483,batch_019,1,P41_06_notch,6.0,batch_019.txt,483,train
batch_019:484,batch_019,1,P41_06_notch,6.0,batch_019.txt,484,train
batch_019:485,batch_019,1,P41_03,26.0,batch_019.txt,485,train
batch_019:486,batch_019,1,P41_06_notch,6.0,batch_019.txt,486,train
batch_019:487,batch_019,0,,0.0,batch_019.txt,487,test
batch_019:488,batch_019,1,P41_03,26.0,batch_019.txt,488,train
batch_019:489,batch_019,1,P41_03,26.0,batch_019.txt,489,train
batch_019:490,batch_019,0,,0.0,batch_019.txt,490,train
batch_019:491,batch_019,0,,0.0,batch_019.txt,491,test
batch_019:492,batch_019,0,,0.0,batch_019.txt,492,train
batch_019:493,batch_019,1,P41_01,2.0,batch_019.txt,493,train
batch_019:494,batch_019,1,P41_06_notch,6.0,batch_019.txt,494,train
batch_019:495,batch_019,0,,0.0,batch_019.txt,495,train
batch_019:496,batch_019,1,P41_01,2.0,batch_019.txt,496,train
batch_019:497,batch_019,1,P41_02,3.0,batch_019.txt,497,train
batch_019:498,batch_019,0,,0.0,batch_019.txt,498,train
batch_019:499,batch_019,1,P41_03,26.0,batch_019.txt,499,train
batch_019:500,batch_019,0,,0.0,batch_019.txt,500,train
batch_019:501,batch_019,0,,0.0,batch_019.txt,501,validation
batch_019:502,batch_019,1,P41_03,26.0,batch_019.txt,502,validation
batch_019:503,batch_019,1,P41_04,6.0,batch_019.txt,503,test
batch_019:504,batch_019,0,,0.0,batch_019.txt,504,validation
batch_019:505,batch_019,0,,0.0,batch_019.txt,505,train
batch_019:506,batch_019,0,,0.0,batch_019.txt,506,train
batch_019:507,batch_019,0,,0.0,batch_019.txt,507,train
batch_019:508,batch_019,1,P41_03,26.0,batch_019.txt,508,train
batch_019:509,batch_019,1,P41_04,6.0,batch_019.txt,509,test
batch_019:510,batch_019,0,,0.0,batch_019.txt,510,train
batch_019:511,batch_019,1,P41_06_notch,6.0,batch_019.txt,511,train
batch_019:512,batch_019,0,,0.0,batch_019.txt,512,train
batch_019:513,batch_019,1,P41_05,17.0,batch_019.txt,513,train
batch_019:514,batch_019,1,P41_03,26.0,batch_019.txt,514,validation
batch_019:515,batch_019,0,,0.0,batch_019.txt,515,train
batch_019:516,batch_019,0,,0.0,batch_019.txt,516,train
batch_019:517,batch_019,0,,0.0,batch_019.txt,517,train
batch_019:518,batch_019,1,P41_04,6.0,batch_019.txt,518,train
batch_019:519,batch_019,0,,0.0,batch_019.txt,519,validation
batch_019:520,batch_019,0,,0.0,batch_019.txt,520,validation
batch_019:521,batch_019,0,,0.0,batch_019.txt,521,validation
batch_019:522,batch_019,0,,0.0,batch_019.txt,522,train
batch_019:523,batch_019,1,P41_01,2.0,batch_019.txt,523,train
batch_019:524,batch_019,0,,0.0,batch_019.txt,524,train
batch_019:525,batch_019,0,,0.0,batch_019.txt,525,train
batch_019:526,batch_019,0,,0.0,batch_019.txt,526,test
batch_019:527,batch_019,0,,0.0,batch_019.txt,527,train
batch_019:528,batch_019,0,,0.0,batch_019.txt,528,train
batch_019:529,batch_019,1,P41_04,6.0,batch_019.txt,529,train
batch_019:530,batch_019,1,P41_04,6.0,batch_019.txt,530,train
batch_019:531,batch_019,1,P41_01,2.0,batch_019.txt,531,train
batch_019:532,batch_019,0,,0.0,batch_019.txt,532,train
batch_019:533,batch_019,0,,0.0,batch_019.txt,533,test
batch_019:534,batch_019,1,P41_05,17.0,batch_019.txt,534,train
batch_019:535,batch_019,0,,0.0,batch_019.txt,535,train
batch_019:536,batch_019,1,P41_06_notch,6.0,batch_019.txt,536,validation
batch_019:537,batch_019,1,P41_04,6.0,batch_019.txt,537,train
batch_019:538,batch_019,1,P41_04,6.0,batch_019.txt,538,train
batch_019:539,batch_019,0,,0.0,batch_019.txt,539,test
batch_019:540,batch_019,1,P41_06_notch,6.0,batch_019.txt,540,train
batch_019:541,batch_019,0,,0.0,batch_019.txt,541,train
batch_019:542,batch_019,1,P41_04,6.0,batch_019.txt,542,train
batch_019:543,batch_019,0,,0.0,batch_019.txt,543,train
batch_019:544,batch_019,0,,0.0,batch_019.txt,544,train
batch_019:545,batch_019,0,,0.0,batch_019.txt,545,train
batch_019:546,batch_019,1,P41_03,26.0,batch_019.txt,546,train
batch_019:547,batch_019,0,,0.0,batch_019.txt,547,train
batch_019:548,batch_019,0,,0.0,batch_019.txt,548,train
batch_019:549,batch_019,1,P41_02,3.0,batch_019.txt,549,test
batch_019:550,batch_019,0,,0.0,batch_019.txt,550,train
batch_019:551,batch_019,0,,0.0,batch_019.txt,551,train
batch_019:552,batch_019,1,P41_03,26.0,batch_019.txt,552,validation
batch_019:553,batch_019,1,P41_03,26.0,batch_019.txt,553,train
batch_019:554,batch_019,0,,0.0,batch_019.txt,554,train
batch_019:555,batch_019,1,P41_02,3.0,batch_019.txt,555,train
batch_019:556,batch_019,0,,0.0,batch_019.txt,556,train
batch_019:557,batch_019,0,,0.0,batch_019.txt,557,validation
batch_019:558,batch_019,0,,0.0,batch_019.txt,558,train
batch_019:559,batch_019,0,,0.0,batch_019.txt,559,train
batch_019:560,batch_019,0,,0.0,batch_019.txt,560,train
batch_019:561,batch_019,0,,0.0,batch_019.txt,561,train
batch_019:562,batch_019,1,P41_03,26.0,batch_019.txt,562,validation
batch_019:563,batch_019,0,,0.0,batch_019.txt,563,test
batch_019:564,batch_019,0,,0.0,batch_019.txt,564,train
batch_019:565,batch_019,0,,0.0,batch_019.txt,565,train
batch_019:566,batch_019,1,P41_01,2.0,batch_019.txt,566,train
batch_019:567,batch_019,1,P41_04,6.0,batch_019.txt,567,validation
batch_019:568,batch_019,0,,0.0,batch_019.txt,568,validation
batch_019:569,batch_019,0,,0.0,batch_019.txt,569,train
batch_019:570,batch_019,1,P41_06_notch,6.0,batch_019.txt,570,train
batch_019:571,batch_019,1,P41_06_notch,6.0,batch_019.txt,571,train
batch_019:572,batch_019,0,,0.0,batch_019.txt,572,train
batch_019:573,batch_019,0,,0.0,batch_019.txt,573,train
batch_019:574,batch_019,1,P41_01,2.0,batch_019.txt,574,validation
batch_019:575,batch_019,1,P41_03,26.0,batch_019.txt,575,test
batch_019:576,batch_019,0,,0.0,batch_019.txt,576,train
batch_019:577,batch_019,1,P41_04,6.0,batch_019.txt,577,train
batch_019:578,batch_019,1,P41_02,3.0,batch_019.txt,578,train
batch_019:579,batch_019,0,,0.0,batch_019.txt,579,train
batch_019:580,batch_019,0,,0.0,batch_019.txt,580,train
batch_019:581,batch_019,0,,0.0,batch_019.txt,581,train
batch_019:582,batch_019,1,P41_02,3.0,batch_019.txt,582,test
batch_019:583,batch_019,1,P41_02,3.0,batch_019.txt,583,train
batch_019:584,batch_019,1,P41_02,3.0,batch_019.txt,584,train
batch_019:585,batch_019,0,,0.0,batch_019.txt,585,train
batch_019:586,batch_019,0,,0.0,batch_019.txt,586,train
batch_019:587,batch_019,0,,0.0,batch_019.txt,587,validation
batch_019:588,batch_019,1,P41_04,6.0,batch_019.txt,588,train
batch_019:589,batch_019,1,P41_06_notch,6.0,batch_019.txt,589,validation
batch_019:590,batch_019,0,,0.0,batch_019.txt,590,train
batch_019:591,batch_019,1,P41_01,2.0,batch_019.txt,591,train
batch_019:592,batch_019,1,P41_03,26.0,batch_019.txt,592,train
batch_019:593,batch_019,1,P41_05,17.0,batch_019.txt,593,validation
batch_019:594,batch_019,0,,0.0,batch_019.txt,594,train
batch_019:595,batch_019,1,P41_06_notch,6.0,batch_019.txt,595,train
batch_019:596,batch_019,1,P41_05,17.0,batch_019.txt,596,validation
batch_019:597,batch_019,0,,0.0,batch_019.txt,597,train
batch_019:598,batch_019,0,,0.0,batch_019.txt,598,train
batch_019:599,batch_019,1,P41_06_notch,6.0,batch_019.txt,599,train
batch_019:600,batch_019,0,,0.0,batch_019.txt,600,validation
batch_019:601,batch_019,0,,0.0,batch_019.txt,601,train
batch_019:602,batch_019,0,,0.0,batch_019.txt,602,train
batch_019:603,batch_019,1,P41_04,6.0,batch_019.txt,603,validation
batch_019:604,batch_019,0,,0.0,batch_019.txt,604,train
batch_019:605,batch_019,0,,0.0,batch_019.txt,605,train
batch_019:606,batch_019,0,,0.0,batch_019.txt,606,train
batch_019:607,batch_019,0,,0.0,batch_019.txt,607,test
batch_019:608,batch_019,1,P41_01,2.0,batch_019.txt,608,validation
batch_019:609,batch_019,0,,0.0,batch_019.txt,609,train
batch_019:610,batch_019,0,,0.0,batch_019.txt,610,validation
batch_019:611,batch_019,1,P41_02,3.0,batch_019.txt,611,train
batch_019:612,batch_019,0,,0.0,batch_019.txt,612,validation
batch_019:613,batch_019,0,,0.0,batch_019.txt,613,validation
batch_019:614,batch_019,1,P41_05,17.0,batch_019.txt,614,train
batch_019:615,batch_019,1,P41_03,26.0,batch_019.txt,615,train
batch_019:616,batch_019,1,P41_06_notch,6.0,batch_019.txt,616,validation
batch_019:617,batch_019,1,P41_01,2.0,batch_019.txt,617,train
batch_019:618,batch_019,0,,0.0,batch_019.txt,618,train
batch_019:619,batch_019,0,,0.0,batch_019.txt,619,validation
batch_019:620,batch_019,0,,0.0,batch_019.txt,620,train
batch_019:621,batch_019,0,,0.0,batch_019.txt,621,train
batch_019:622,batch_019,0,,0.0,batch_019.txt,622,train
batch_019:623,batch_019,0,,0.0,batch_019.txt,623,train
batch_019:624,batch_019,0,,0.0,batch_019.txt,624,test
batch_019:625,batch_019,0,,0.0,batch_019.txt,625,train
batch_019:626,batch_019,1,P41_05,17.0,batch_019.txt,626,train
batch_019:627,batch_019,1,P41_03,26.0,batch_019.txt,627,train
batch_019:628,batch_019,1,P41_02,3.0,batch_019.txt,628,train
batch_019:629,batch_019,0,,0.0,batch_019.txt,629,validation
batch_019:630,batch_019,1,P41_04,6.0,batch_019.txt,630,test
batch_019:631,batch_019,0,,0.0,batch_019.txt,631,test
batch_019:632,batch_019,1,P41_06_notch,6.0,batch_019.txt,632,train
batch_019:633,batch_019,0,,0.0,batch_019.txt,633,test
batch_019:634,batch_019,0,,0.0,batch_019.txt,634,train
batch_019:635,batch_019,1,P41_01,2.0,batch_019.txt,635,test
batch_019:636,batch_019,1,P41_06_notch,6.0,batch_019.txt,636,train
batch_019:637,batch_019,0,,0.0,batch_019.txt,637,train
batch_019:638,batch_019,0,,0.0,batch_019.txt,638,train
batch_019:639,batch_019,1,P41_05,17.0,batch_019.txt,639,train
batch_019:640,batch_019,1,P41_02,3.0,batch_019.txt,640,train
batch_019:641,batch_019,1,P41_02,3.0,batch_019.txt,641,train
batch_019:642,batch_019,1,P41_01,2.0,batch_019.txt,642,validation
batch_019:643,batch_019,0,,0.0,batch_019.txt,643,train
batch_019:644,batch_019,0,,0.0,batch_019.txt,644,train
batch_019:645,batch_019,1,P41_02,3.0,batch_019.txt,645,validation
batch_019:646,batch_019,0,,0.0,batch_019.txt,646,test
batch_019:647,batch_019,0,,0.0,batch_019.txt,647,train
batch_019:648,batch_019,1,P41_06_notch,6.0,batch_019.txt,648,train
batch_019:649,batch_019,0,,0.0,batch_019.txt,649,validation
batch_019:650,batch_019,1,P41_03,26.0,batch_019.txt,650,train
batch_019:651,batch_019,0,,0.0,batch_019.txt,651,validation
batch_019:652,batch_019,0,,0.0,batch_019.txt,652,train
batch_019:653,batch_019,1,P41_03,26.0,batch_019.txt,653,train
batch_019:654,batch_019,1,P41_05,17.0,batch_019.txt,654,train
batch_019:655,batch_019,0,,0.0,batch_019.txt,655,train
batch_019:656,batch_019,0,,0.0,batch_019.txt,656,train
batch_019:657,batch_019,0,,0.0,batch_019.txt,657,train
batch_019:658,batch_019,0,,0.0,batch_019.txt,658,train
batch_019:659,batch_019,0,,0.0,batch_019.txt,659,test
batch_019:660,batch_019,0,,0.0,batch_019.txt,660,train
batch_019:661,batch_019,1,P41_04,6.0,batch_019.txt,661,train
batch_019:662,batch_019,0,,0.0,batch_019.txt,662,validation
batch_019:663,batch_019,0,,0.0,batch_019.txt,663,test
batch_019:664,batch_019,0,,0.0,batch_019.txt,664,test
batch_019:665,batch_019,0,,0.0,batch_019.txt,665,test
batch_019:666,batch_019,1,P41_02,3.0,batch_019.txt,666,test
batch_019:667,batch_019,1,P41_06_notch,6.0,batch_019.txt,667,train
batch_019:668,batch_019,1,P41_03,26.0,batch_019.txt,668,train
batch_019:669,batch_019,0,,0.0,batch_019.txt,669,train
batch_019:670,batch_019,0,,0.0,batch_019.txt,670,train
batch_019:671,batch_019,1,P41_03,26.0,batch_019.txt,671,train
batch_019:672,batch_019,1,P41_04,6.0,batch_019.txt,672,test
batch_019:673,batch_019,1,P41_03,26.0,batch_019.txt,673,train
batch_019:674,batch_019,0,,0.0,batch_019.txt,674,test
batch_019:675,batch_019,0,,0.0,batch_019.txt,675,train
batch_019:676,batch_019,1,P41_05,17.0,batch_019.txt,676,train
batch_019:677,batch_019,0,,0.0,batch_019.txt,677,validation
batch_019:678,batch_019,1,P41_01,2.0,batch_019.txt,678,train
batch_019:679,batch_019,0,,0.0,batch_019.txt,679,train
batch_019:680,batch_019,0,,0.0,batch_019.txt,680,train
batch_019:681,batch_019,0,,0.0,batch_019.txt,681,train
batch_019:682,batch_019,0,,0.0,batch_019.txt,682,train
batch_019:683,batch_019,1,P41_01,2.0,batch_019.txt,683,validation
batch_019:684,batch_019,1,P41_04,6.0,batch_019.txt,684,train
batch_019:685,batch_019,0,,0.0,batch_019.txt,685,train
batch_019:686,batch_019,0,,0.0,batch_019.txt,686,validation
batch_019:687,batch_019,1,P41_05,17.0,batch_019.txt,687,train
batch_019:688,batch_019,0,,0.0,batch_019.txt,688,train
batch_019:689,batch_019,1,P41_05,17.0,batch_019.txt,689,train
batch_019:690,batch_019,0,,0.0,batch_019.txt,690,train
batch_019:691,batch_019,1,P41_04,6.0,batch_019.txt,691,train
batch_019:692,batch_019,0,,0.0,batch_019.txt,692,test
batch_019:693,batch_019,0,,0.0,batch_019.txt,693,validation
batch_019:694,batch_019,1,P41_04,6.0,batch_019.txt,694,train
batch_019:695,batch_019,0,,0.0,batch_019.txt,695,validation
batch_019:696,batch_019,1,P41_01,2.0,batch_019.txt,696,train
batch_019:697,batch_019,0,,0.0,batch_019.txt,697,validation
batch_019:698,batch_019,0,,0.0,batch_019.txt,698,validation
batch_019:699,batch_019,0,,0.0,batch_019.txt,699,train
batch_019:700,batch_019,1,P41_02,3.0,batch_019.txt,700,train
batch_019:701,batch_019,0,,0.0,batch_019.txt,701,validation
batch_019:702,batch_019,1,P41_05,17.0,batch_019.txt,702,train
batch_019:703,batch_019,0,,0.0,batch_019.txt,703,train
batch_019:704,batch_019,0,,0.0,batch_019.txt,704,test
batch_019:705,batch_019,1,P41_05,17.0,batch_019.txt,705,train
batch_019:706,batch_019,0,,0.0,batch_019.txt,706,validation
batch_019:707,batch_019,1,P41_05,17.0,batch_019.txt,707,validation
batch_019:708,batch_019,1,P41_01,2.0,batch_019.txt,708,validation
batch_019:709,batch_019,1,P41_01,2.0,batch_019.txt,709,train
batch_019:710,batch_019,0,,0.0,batch_019.txt,710,test
batch_019:711,batch_019,1,P41_03,26.0,batch_019.txt,711,test
batch_019:712,batch_019,1,P41_03,26.0,batch_019.txt,712,validation
batch_019:713,batch_019,0,,0.0,batch_019.txt,713,train
batch_019:714,batch_019,1,P41_06_notch,6.0,batch_019.txt,714,test
batch_019:715,batch_019,0,,0.0,batch_019.txt,715,train
batch_019:716,batch_019,0,,0.0,batch_019.txt,716,train
batch_019:717,batch_019,0,,0.0,batch_019.txt,717,train
batch_019:718,batch_019,0,,0.0,batch_019.txt,718,train
batch_019:719,batch_019,1,P41_06_notch,6.0,batch_019.txt,719,train
batch_019:720,batch_019,1,P41_01,2.0,batch_019.txt,720,validation
batch_019:721,batch_019,1,P41_03,26.0,batch_019.txt,721,test
batch_019:722,batch_019,0,,0.0,batch_019.txt,722,train
batch_019:723,batch_019,1,P41_05,17.0,batch_019.txt,723,train
batch_019:724,batch_019,0,,0.0,batch_019.txt,724,test
batch_019:725,batch_019,1,P41_03,26.0,batch_019.txt,725,train
batch_019:726,batch_019,1,P41_03,26.0,batch_019.txt,726,train
batch_019:727,batch_019,0,,0.0,batch_019.txt,727,validation
batch_019:728,batch_019,1,P41_02,3.0,batch_019.txt,728,train
batch_019:729,batch_019,1,P41_06_notch,6.0,batch_019.txt,729,test
batch_019:730,batch_019,1,P41_03,26.0,batch_019.txt,730,train
batch_019:731,batch_019,1,P41_06_notch,6.0,batch_019.txt,731,train
batch_019:732,batch_019,1,P41_02,3.0,batch_019.txt,732,validation
batch_019:733,batch_019,1,P41_01,2.0,batch_019.txt,733,train
batch_019:734,batch_019,0,,0.0,batch_019.txt,734,train
batch_019:735,batch_019,1,P41_03,26.0,batch_019.txt,735,test
batch_019:736,batch_019,1,P41_02,3.0,batch_019.txt,736,train
batch_019:737,batch_019,1,P41_03,26.0,batch_019.txt,737,train
batch_019:738,batch_019,1,P41_01,2.0,batch_019.txt,738,train
batch_019:739,batch_019,0,,0.0,batch_019.txt,739,train
batch_019:740,batch_019,1,P41_06_notch,6.0,batch_019.txt,740,train
batch_019:741,batch_019,0,,0.0,batch_019.txt,741,train
batch_019:742,batch_019,0,,0.0,batch_019.txt,742,train
batch_019:743,batch_019,0,,0.0,batch_019.txt,743,train
batch_019:744,batch_019,1,P41_01,2.0,batch_019.txt,744,test
batch_019:745,batch_019,0,,0.0,batch_019.txt,745,train
batch_019:746,batch_019,0,,0.0,batch_019.txt,746,validation
batch_019:747,batch_019,1,P41_04,6.0,batch_019.txt,747,test
batch_019:748,batch_019,0,,0.0,batch_019.txt,748,train
batch_019:749,batch_019,1,P41_02,3.0,batch_019.txt,749,train
batch_019:750,batch_019,0,,0.0,batch_019.txt,750,train
batch_019:751,batch_019,0,,0.0,batch_019.txt,751,validation
batch_019:752,batch_019,1,P41_01,2.0,batch_019.txt,752,train
batch_019:753,batch_019,1,P41_01,2.0,batch_019.txt,753,train
batch_019:754,batch_019,1,P41_03,26.0,batch_019.txt,754,train
batch_019:755,batch_019,1,P41_01,2.0,batch_019.txt,755,train
batch_019:756,batch_019,1,P41_02,3.0,batch_019.txt,756,train
batch_019:757,batch_019,1,P41_04,6.0,batch_019.txt,757,train
batch_019:758,batch_019,1,P41_04,6.0,batch_019.txt,758,validation
batch_019:759,batch_019,1,P41_06_notch,6.0,batch_019.txt,759,train
batch_019:760,batch_019,1,P41_02,3.0,batch_019.txt,760,train
batch_019:761,batch_019,1,P41_05,17.0,batch_019.txt,761,train
batch_019:762,batch_019,0,,0.0,batch_019.txt,762,train
batch_019:763,batch_019,1,P41_01,2.0,batch_019.txt,763,train
batch_019:764,batch_019,0,,0.0,batch_019.txt,764,train
batch_019:765,batch_019,1,P41_06_notch,6.0,batch_019.txt,765,train
batch_019:766,batch_019,0,,0.0,batch_019.txt,766,train
batch_019:767,batch_019,0,,0.0,batch_019.txt,767,train
batch_019:768,batch_019,1,P41_01,2.0,batch_019.txt,768,train
batch_019:769,batch_019,1,P41_03,26.0,batch_019.txt,769,train
batch_019:770,batch_019,1,P41_05,17.0,batch_019.txt,770,test
batch_019:771,batch_019,0,,0.0,batch_019.txt,771,train
batch_019:772,batch_019,1,P41_06_notch,6.0,batch_019.txt,772,train
batch_019:773,batch_019,0,,0.0,batch_019.txt,773,train
batch_019:774,batch_019,1,P41_04,6.0,batch_019.txt,774,train
batch_019:775,batch_019,1,P41_06_notch,6.0,batch_019.txt,775,train
batch_019:776,batch_019,0,,0.0,batch_019.txt,776,train
batch_019:777,batch_019,0,,0.0,batch_019.txt,777,train
batch_019:778,batch_019,0,,0.0,batch_019.txt,778,train
batch_019:779,batch_019,1,P41_02,3.0,batch_019.txt,779,test
batch_019:780,batch_019,0,,0.0,batch_019.txt,780,validation
batch_019:781,batch_019,1,P41_02,3.0,batch_019.txt,781,validation
batch_019:782,batch_019,1,P41_03,26.0,batch_019.txt,782,validation
batch_019:783,batch_019,1,P41_03,26.0,batch_019.txt,783,train
batch_019:784,batch_019,1,P41_03,26.0,batch_019.txt,784,validation
batch_019:785,batch_019,1,P41_03,26.0,batch_019.txt,785,train
batch_019:786,batch_019,1,P41_03,26.0,batch_019.txt,786,train
batch_019:787,batch_019,1,P41_04,6.0,batch_019.txt,787,train
batch_019:788,batch_019,0,,0.0,batch_019.txt,788,train
batch_019:789,batch_019,0,,0.0,batch_019.txt,789,validation
batch_019:790,batch_019,1,P41_05,17.0,batch_019.txt,790,train
batch_019:791,batch_019,1,P41_05,17.0,batch_019.txt,791,train
batch_019:792,batch_019,0,,0.0,batch_019.txt,792,validation
batch_019:793,batch_019,0,,0.0,batch_019.txt,793,train
batch_019:794,batch_019,0,,0.0,batch_019.txt,794,train
batch_019:795,batch_019,0,,0.0,batch_019.txt,795,train
batch_019:796,batch_019,1,P41_03,26.0,batch_019.txt,796,train
batch_019:797,batch_019,1,P41_05,17.0,batch_019.txt,797,test
batch_019:798,batch_019,1,P41_03,26.0,batch_019.txt,798,validation
batch_019:799,batch_019,0,,0.0,batch_019.txt,799,train
batch_019:800,batch_019,1,P41_04,6.0,batch_019.txt,800,train
batch_019:801,batch_019,1,P41_06_notch,6.0,batch_019.txt,801,train
batch_019:802,batch_019,0,,0.0,batch_019.txt,802,train
batch_019:803,batch_019,0,,0.0,batch_019.txt,803,test
batch_019:804,batch_019,0,,0.0,batch_019.txt,804,test
batch_019:805,batch_019,0,,0.0,batch_019.txt,805,train
batch_019:806,batch_019,1,P41_04,6.0,batch_019.txt,806,train
batch_019:807,batch_019,0,,0.0,batch_019.txt,807,validation
batch_019:808,batch_019,0,,0.0,batch_019.txt,808,test
batch_019:809,batch_019,1,P41_02,3.0,batch_019.txt,809,train
batch_019:810,batch_019,0,,0.0,batch_019.txt,810,train
batch_019:811,batch_019,0,,0.0,batch_019.txt,811,test
batch_019:812,batch_019,1,P41_01,2.0,batch_019.txt,812,train
batch_019:813,batch_019,0,,0.0,batch_019.txt,813,validation
batch_019:814,batch_019,0,,0.0,batch_019.txt,814,train
batch_019:815,batch_019,0,,0.0,batch_019.txt,815,train
batch_019:816,batch_019,1,P41_03,26.0,batch_019.txt,816,train
batch_019:817,batch_019,1,P41_03,26.0,batch_019.txt,817,train
batch_019:818,batch_019,1,P41_04,6.0,batch_019.txt,818,train
batch_019:819,batch_019,1,P41_06_notch,6.0,batch_019.txt,819,validation
batch_019:820,batch_019,1,P41_01,2.0,batch_019.txt,820,train
batch_019:821,batch_019,0,,0.0,batch_019.txt,821,train
batch_019:822,batch_019,0,,0.0,batch_019.txt,822,train
batch_019:823,batch_019,0,,0.0,batch_019.txt,823,validation
batch_019:824,batch_019,1,P41_01,2.0,batch_019.txt,824,validation
batch_019:825,batch_019,1,P41_05,17.0,batch_019.txt,825,train
batch_019:826,batch_019,1,P41_04,6.0,batch_019.txt,826,train
batch_019:827,batch_019,0,,0.0,batch_019.txt,827,validation
batch_019:828,batch_019,0,,0.0,batch_019.txt,828,train
batch_019:829,batch_019,0,,0.0,batch_019.txt,829,validation
batch_019:830,batch_019,1,P41_06_notch,6.0,batch_019.txt,830,test
batch_019:831,batch_019,0,,0.0,batch_019.txt,831,train
batch_019:832,batch_019,1,P41_03,26.0,batch_019.txt,832,test
batch_019:833,batch_019,0,,0.0,batch_019.txt,833,train
batch_019:834,batch_019,1,P41_01,2.0,batch_019.txt,834,train
batch_019:835,batch_019,1,P41_01,2.0,batch_019.txt,835,train
batch_019:836,batch_019,0,,0.0,batch_019.txt,836,train
batch_019:837,batch_019,1,P41_01,2.0,batch_019.txt,837,train
batch_019:838,batch_019,1,P41_04,6.0,batch_019.txt,838,train
batch_019:839,batch_019,0,,0.0,batch_019.txt,839,test
batch_019:840,batch_019,0,,0.0,batch_019.txt,840,train
batch_019:841,batch_019,0,,0.0,batch_019.txt,841,test
batch_019:842,batch_019,0,,0.0,batch_019.txt,842,validation
batch_019:843,batch_019,0,,0.0,batch_019.txt,843,validation
batch_019:844,batch_019,0,,0.0,batch_019.txt,844,train
batch_019:845,batch_019,1,P41_04,6.0,batch_019.txt,845,test
batch_019:846,batch_019,1,P41_06_notch,6.0,batch_019.txt,846,train
batch_019:847,batch_019,0,,0.0,batch_019.txt,847,train
batch_019:848,batch_019,0,,0.0,batch_019.txt,848,train
batch_019:849,batch_019,1,P41_02,3.0,batch_019.txt,849,train
batch_019:850,batch_019,0,,0.0,batch_019.txt,850,test
batch_019:851,batch_019,0,,0.0,batch_019.txt,851,train
batch_019:852,batch_019,1,P41_02,3.0,batch_019.txt,852,train
batch_019:853,batch_019,1,P41_03,26.0,batch_019.txt,853,train
batch_019:854,batch_019,1,P41_02,3.0,batch_019.txt,854,train
batch_019:855,batch_019,1,P41_01,2.0,batch_019.txt,855,train
batch_019:856,batch_019,0,,0.0,batch_019.txt,856,train
batch_019:857,batch_019,1,P41_03,26.0,batch_019.txt,857,test
batch_019:858,batch_019,0,,0.0,batch_019.txt,858,train
batch_019:859,batch_019,0,,0.0,batch_019.txt,859,train
batch_019:860,batch_019,0,,0.0,batch_019.txt,860,validation
batch_019:861,batch_019,1,P41_06_notch,6.0,batch_019.txt,861,train
batch_019:862,batch_019,1,P41_06_notch,6.0,batch_019.txt,862,train
batch_019:863,batch_019,0,,0.0,batch_019.txt,863,train
batch_019:864,batch_019,0,,0.0,batch_019.txt,864,train
batch_019:865,batch_019,1,P41_04,6.0,batch_019.txt,865,train
batch_019:866,batch_019,0,,0.0,batch_019.txt,866,train
batch_019:867,batch_019,0,,0.0,batch_019.txt,867,train
batch_019:868,batch_019,1,P41_02,3.0,batch_019.txt,868,validation
batch_019:869,batch_019,1,P41_05,17.0,batch_019.txt,869,train
batch_019:870,batch_019,0,,0.0,batch_019.txt,870,test
batch_019:871,batch_019,0,,0.0,batch_019.txt,871,train
batch_019:872,batch_019,1,P41_02,3.0,batch_019.txt,872,train
batch_019:873,batch_019,0,,0.0,batch_019.txt,873,train
batch_019:874,batch_019,0,,0.0,batch_019.txt,874,test
batch_019:875,batch_019,0,,0.0,batch_019.txt,875,train
batch_019:876,batch_019,1,P41_02,3.0,batch_019.txt,876,train
batch_019:877,batch_019,0,,0.0,batch_019.txt,877,train
batch_019:878,batch_019,0,,0.0,batch_019.txt,878,validation
batch_019:879,batch_019,0,,0.0,batch_019.txt,879,train
batch_019:880,batch_019,0,,0.0,batch_019.txt,880,train
batch_019:881,batch_019,0,,0.0,batch_019.txt,881,train
batch_019:882,batch_019,0,,0.0,batch_019.txt,882,train
batch_019:883,batch_019,1,P41_01,2.0,batch_019.txt,883,train
batch_019:884,batch_019,1,P41_05,17.0,batch_019.txt,884,train
batch_019:885,batch_019,0,,0.0,batch_019.txt,885,test
batch_019:886,batch_019,0,,0.0,batch_019.txt,886,train
batch_019:887,batch_019,0,,0.0,batch_019.txt,887,test
batch_019:888,batch_019,0,,0.0,batch_019.txt,888,train
batch_019:889,batch_019,0,,0.0,batch_019.txt,889,test
batch_019:890,batch_019,0,,0.0,batch_019.txt,890,validation
batch_019:891,batch_019,0,,0.0,batch_019.txt,891,train
batch_019:892,batch_019,1,P41_02,3.0,batch_019.txt,892,train
batch_019:893,batch_019,0,,0.0,batch_019.txt,893,train
batch_019:894,batch_019,1,P41_05,17.0,batch_019.txt,894,validation
batch_019:895,batch_019,1,P41_03,26.0,batch_019.txt,895,train
batch_019:896,batch_019,0,,0.0,batch_019.txt,896,test
batch_019:897,batch_019,0,,0.0,batch_019.txt,897,validation
batch_019:898,batch_019,0,,0.0,batch_019.txt,898,train
batch_019:899,batch_019,1,P41_05,17.0,batch_019.txt,899,train
batch_019:900,batch_019,0,,0.0,batch_019.txt,900,train
batch_019:901,batch_019,0,,0.0,batch_019.txt,901,train
batch_019:902,batch_019,1,P41_03,26.0,batch_019.txt,902,train
batch_019:903,batch_019,1,P41_06_notch,6.0,batch_019.txt,903,train
batch_019:904,batch_019,1,P41_03,26.0,batch_019.txt,904,train
batch_019:905,batch_019,1,P41_01,2.0,batch_019.txt,905,train
batch_019:906,batch_019,0,,0.0,batch_019.txt,906,train
batch_019:907,batch_019,0,,0.0,batch_019.txt,907,train
batch_019:908,batch_019,0,,0.0,batch_019.txt,908,train
batch_019:909,batch_019,0,,0.0,batch_019.txt,909,validation
batch_019:910,batch_019,1,P41_03,26.0,batch_019.txt,910,train
batch_019:911,batch_019,1,P41_04,6.0,batch_019.txt,911,train
batch_019:912,batch_019,1,P41_04,6.0,batch_019.txt,912,train
batch_019:913,batch_019,0,,0.0,batch_019.txt,913,validation
batch_019:914,batch_019,0,,0.0,batch_019.txt,914,train
batch_019:915,batch_019,1,P41_05,17.0,batch_019.txt,915,validation
batch_019:916,batch_019,0,,0.0,batch_019.txt,916,test
batch_019:917,batch_019,0,,0.0,batch_019.txt,917,train
batch_019:918,batch_019,1,P41_03,26.0,batch_019.txt,918,train
batch_019:919,batch_019,0,,0.0,batch_019.txt,919,train
batch_019:920,batch_019,0,,0.0,batch_019.txt,920,train
batch_019:921,batch_019,0,,0.0,batch_019.txt,921,validation
batch_019:922,batch_019,1,P41_05,17.0,batch_019.txt,922,validation
batch_019:923,batch_019,0,,0.0,batch_019.txt,923,train
batch_019:924,batch_019,0,,0.0,batch_019.txt,924,train
batch_019:925,batch_019,1,P41_04,6.0,batch_019.txt,925,train
batch_019:926,batch_019,0,,0.0,batch_019.txt,926,train
batch_019:927,batch_019,0,,0.0,batch_019.txt,927,train
batch_019:928,batch_019,0,,0.0,batch_019.txt,928,test
batch_019:929,batch_019,1,P41_03,26.0,batch_019.txt,929,train
batch_019:930,batch_019,0,,0.0,batch_019.txt,930,train
batch_019:931,batch_019,1,P41_02,3.0,batch_019.txt,931,test
batch_019:932,batch_019,0,,0.0,batch_019.txt,932,validation
batch_019:933,batch_019,0,,0.0,batch_019.txt,933,train
batch_019:934,batch_019,0,,0.0,batch_019.txt,934,train
batch_019:935,batch_019,0,,0.0,batch_019.txt,935,test
batch_019:936,batch_019,0,,0.0,batch_019.txt,936,validation
batch_019:937,batch_019,1,P41_01,2.0,batch_019.txt,937,train
batch_019:938,batch_019,0,,0.0,batch_019.txt,938,train
batch_019:939,batch_019,0,,0.0,batch_019.txt,939,train
batch_019:940,batch_019,0,,0.0,batch_019.txt,940,train
batch_019:941,batch_019,1,P41_04,6.0,batch_019.txt,941,train
batch_019:942,batch_019,0,,0.0,batch_019.txt,942,test
batch_019:943,batch_019,1,P41_02,3.0,batch_019.txt,943,test
batch_019:944,batch_019,1,P41_06_notch,6.0,batch_019.txt,944,train
batch_019:945,batch_019,0,,0.0,batch_019.txt,945,train
batch_019:946,batch_019,0,,0.0,batch_019.txt,946,train
batch_019:947,batch_019,0,,0.0,batch_019.txt,947,train
batch_019:948,batch_019,1,P41_06_notch,6.0,batch_019.txt,948,validation
batch_019:949,batch_019,1,P41_05,17.0,batch_019.txt,949,test
batch_019:950,batch_019,0,,0.0,batch_019.txt,950,train
batch_019:951,batch_019,1,P41_06_notch,6.0,batch_019.txt,951,train
batch_019:952,batch_019,0,,0.0,batch_019.txt,952,train
batch_019:953,batch_019,1,P41_02,3.0,batch_019.txt,953,validation
batch_019:954,batch_019,1,P41_03,26.0,batch_019.txt,954,test
batch_019:955,batch_019,1,P41_06_notch,6.0,batch_019.txt,955,train
batch_019:956,batch_019,0,,0.0,batch_019.txt,956,train
batch_019:957,batch_019,1,P41_05,17.0,batch_019.txt,957,train
batch_019:958,batch_019,0,,0.0,batch_019.txt,958,train
batch_019:959,batch_019,0,,0.0,batch_019.txt,959,train
batch_019:960,batch_019,0,,0.0,batch_019.txt,960,validation
batch_019:961,batch_019,0,,0.0,batch_019.txt,961,train
batch_019:962,batch_019,0,,0.0,batch_019.txt,962,train
batch_019:963,batch_019,1,P41_06_notch,6.0,batch_019.txt,963,validation
batch_019:964,batch_019,1,P41_01,2.0,batch_019.txt,964,train
batch_019:965,batch_019,1,P41_02,3.0,batch_019.txt,965,train
batch_019:966,batch_019,0,,0.0,batch_019.txt,966,train
batch_019:967,batch_019,1,P41_06_notch,6.0,batch_019.txt,967,validation
batch_019:968,batch_019,1,P41_06_notch,6.0,batch_019.txt,968,train
batch_019:969,batch_019,0,,0.0,batch_019.txt,969,train
batch_019:970,batch_019,1,P41_02,3.0,batch_019.txt,970,test
batch_019:971,batch_019,0,,0.0,batch_019.txt,971,validation
batch_019:972,batch_019,0,,0.0,batch_019.txt,972,train
batch_019:973,batch_019,0,,0.0,batch_019.txt,973,train
batch_019:974,batch_019,0,,0.0,batch_019.txt,974,test
batch_019:975,batch_019,1,P41_01,2.0,batch_019.txt,975,validation
batch_019:976,batch_019,1,P41_05,17.0,batch_019.txt,976,train
batch_019:977,batch_019,1,P41_02,3.0,batch_019.txt,977,train
batch_019:978,batch_019,0,,0.0,batch_019.txt,978,train
batch_019:979,batch_019,0,,0.0,batch_019.txt,979,validation
batch_019:980,batch_019,1,P41_02,3.0,batch_019.txt,980,train
batch_019:981,batch_019,0,,0.0,batch_019.txt,981,train
batch_019:982,batch_019,1,P41_05,17.0,batch_019.txt,982,train
batch_019:983,batch_019,1,P41_01,2.0,batch_019.txt,983,train
batch_019:984,batch_019,1,P41_06_notch,6.0,batch_019.txt,984,train
batch_019:985,batch_019,1,P41_02,3.0,batch_019.txt,985,train
batch_019:986,batch_019,1,P41_06_notch,6.0,batch_019.txt,986,test
batch_019:987,batch_019,1,P41_06_notch,6.0,batch_019.txt,987,validation
batch_019:988,batch_019,1,P41_02,3.0,batch_019.txt,988,test
batch_019:989,batch_019,1,P41_05,17.0,batch_019.txt,989,train
batch_019:990,batch_019,1,P41_03,26.0,batch_019.txt,990,validation
batch_019:991,batch_019,1,P41_03,26.0,batch_019.txt,991,train
batch_019:992,batch_019,1,P41_03,26.0,batch_019.txt,992,train
batch_019:993,batch_019,1,P41_06_notch,6.0,batch_019.txt,993,train
batch_019:994,batch_019,1,P41_01,2.0,batch_019.txt,994,test
batch_019:995,batch_019,1,P41_02,3.0,batch_019.txt,995,train
batch_019:996,batch_019,1,P41_06_notch,6.0,batch_019.txt,996,train
batch_019:997,batch_019,1,P41_01,2.0,batch_019.txt,997,train
batch_019:998,batch_019,1,P41_01,2.0,batch_019.txt,998,train
batch_019:999,batch_019,1,P41_03,26.0,batch_019.txt,999,train
batch_019:1000,batch_019,1,P41_06_notch,6.0,batch_019.txt,1000,train
