sample_id,score_w1,score_w3,score_w5,score_w7
batch_013:1,4613.591985365841,4416.8924175288585,4110.672328478324,3906.1396503923875
batch_013:2,7411.657326798654,7235.416180551975,7072.172104568704,6803.025228027215
batch_013:3,4605.206864974083,4413.618747050243,4104.815108026183,3899.388042788769
batch_013:4,3151.3720230168533,3036.0556093472787,2938.121381017826,2940.2705356159126
batch_013:5,13965.028250250962,13385.656684535905,12425.302609157805,11311.559623966967
batch_013:6,3151.3720230168533,3036.0556093472787,2938.121381017826,2940.2705356159126
batch_013:7,4652.178295983453,4450.017137937412,4139.292831950665,3925.3901852179933
batch_013:8,3151.3720230168533,3036.0556093472787,2938.121381017826,2940.2705356159126
batch_013:9,3151.3720230168533,3036.0556093472787,2938.121381017826,2940.2705356159126
batch_013:10,3151.3720230168533,3036.0556093472787,2938.121381017826,2940.2705356159126
batch_013:11,3151.3720230168533,3036.0556093472787,2938.121381017826,2940.2705356159126
batch_013:12,13963.780599849635,13380.998787303557,12417.993898946163,11304.115635274891
batch_013:13,3151.3720230168533,3036.0556093472787,2938.121381017826,2940.2705356159126
batch_013:14,3151.3720230168533,3036.0556093472787,2938.121381017826,2940.2705356159126
batch_013:15,13967.478107685103,13386.098216443685,12428.13478881045,11316.528729404823
batch_013:16,13972.487134077173,13389.771886943625,12431.610663003088,11316.720546318576
batch_013:17,14998.198482876336,14178.25506992604,13237.954249115446,11916.945796685402
batch_013:18,15024.206074204363,14198.821967773123,13261.367451738937,11935.61046165191
batch_013:19,3151.3720230168533,3036.0556093472787,2938.121381017826,2940.2705356159126
batch_013:20,3151.3720230168533,3036.0556093472787,2938.121381017826,2940.2705356159126
batch_013:21,4670.516051999858,4470.441107056403,4155.339134608889,3936.417935213591
batch_013:22,3151.3720230168533,3036.0556093472787,2938.121381017826,2940.2705356159126
batch_013:23,6342.998385866645,6144.602559435041,5769.000197190194,5344.10461230525
batch_013:24,3151.3720230168533,3036.0556093472787,2938.121381017826,2940.2705356159126
batch_013:25,4644.679176700559,4441.939936075734,4130.604376492097,3921.3778944031533
batch_013:26,3151.3720230168533,3036.0556093472787,2938.121381017826,2940.2705356159126
batch_013:27,6340.535753457619,6142.233380525151,5767.057044542542,5343.392323225445
batch_013:28,3151.3720230168533,3036.0556093472787,2938.121381017826,2940.2705356159126
batch_013:29,15003.75601445565,14181.727700168012,13239.610724890921,11917.027055340515
batch_013:30,3151.3720230168533,3036.0556093472787,2938.121381017826,2940.2705356159126
batch_013:31,3151.3720230168533,3036.0556093472787,2938.121381017826,2940.2705356159126
batch_013:32,3151.3720230168533,3036.0556093472787,2938.121381017826,2940.2705356159126
batch_013:33,3151.3720230168533,3036.0556093472787,2938.121381017826,2940.2705356159126
batch_013:34,3151.3720230168533,3036.0556093472787,2938.121381017826,2940.2705356159126
batch_013:35,14997.562644108079,14178.990049407515,13234.757316925294,11915.337216939097
batch_013:36,3151.3720230168533,3036.0556093472787,2938.121381017826,2940.2705356159126
batch_013:37,13963.646360316356,13384.73046163151,12426.753142167454,11313.232852863588
batch_013:38,3151.3720230168533,3036.0556093472787,2938.121381017826,2940.2705356159126
batch_013:39,4619.323335694846,4424.318909030322,4108.397601073145,3899.761268743411
batch_013:40,3151.3720230168533,3036.0556093472787,2938.121381017826,2940.2705356159126
batch_013:41,3151.3720230168533,3036.0556093472787,2938.121381017826,2940.2705356159126
batch_013:42,3151.3720230168533,3036.0556093472787,2938.121381017826,2940.2705356159126
batch_013:43,3151.3720230168533,3036.0556093472787,2938.121381017826,2940.2705356159126
batch_013:44,3151.3720230168533,3036.0556093472787,2938.121381017826,2940.2705356159126
batch_013:45,3151.3720230168533,3036.0556093472787,2938.121381017826,2940.2705356159126
batch_013:46,3151.3720230168533,3036.0556093472787,2938.121381017826,2940.2705356159126
batch_013:47,3151.3720230168533,3036.0556093472787,2938.121381017826,2940.2705356159126
batch_013:48,3151.3720230168533,3036.0556093472787,2938.121381017826,2940.2705356159126
batch_013:49,3151.3720230168533,3036.0556093472787,2938.121381017826,2940.2705356159126
batch_013:50,3151.3720230168533,3036.0556093472787,2938.121381017826,2940.2705356159126
batch_013:51,10248.796877509343,10048.593157055744,9820.716741589391,9492.114665588844
batch_013:52,3151.3720230168533,3036.0556093472787,2938.121381017826,2940.2705356159126
batch_013:53,7422.773506692786,7236.728173534508,7067.257630233525,6799.0426645868965
batch_013:54,3151.3720230168533,3036.0556093472787,2938.121381017826,2940.2705356159126
batch_013:55,10247.441677851286,10048.745250333912,9816.514717971004,9485.462543661659
batch_013:56,4611.239225252831,4415.079884931971,4109.225893777578,3904.958755734907
batch_013:57,3151.3720230168533,3036.0556093472787,2938.121381017826,2940.2705356159126
batch_013:58,3151.3720230168533,3036.0556093472787,2938.121381017826,2940.2705356159126
batch_013:59,3151.3720230168533,3036.0556093472787,2938.121381017826,2940.2705356159126
batch_013:60,3151.3720230168533,3036.0556093472787,2938.121381017826,2940.2705356159126
batch_013:61,3151.3720230168533,3036.0556093472787,2938.121381017826,2940.2705356159126
batch_013:62,10251.410406224953,10051.585118917665,9823.250926877516,9490.03348112266
batch_013:63,6360.4486287590325,6162.522966153651,5784.20796057313,5358.62993725333
batch_013:64,3151.3720230168533,3036.0556093472787,2938.121381017826,2940.2705356159126
batch_013:65,7410.969356420915,7236.159778168067,7071.5852529542335,6800.7141512567405
batch_013:66,3151.3720230168533,3036.0556093472787,2938.121381017826,2940.2705356159126
batch_013:67,6343.731908379908,6139.615355038185,5762.353273291733,5343.24039995743
batch_013:68,6343.988029046324,6141.352060530339,5764.016417243095,5341.425074640208
batch_013:69,3151.3720230168533,3036.0556093472787,2938.121381017826,2940.2705356159126
batch_013:70,3151.3720230168533,3036.0556093472787,2938.121381017826,2940.2705356159126
batch_013:71,3151.3720230168533,3036.0556093472787,2938.121381017826,2940.2705356159126
batch_013:72,14999.02151287199,14179.487414021065,13242.589838559405,11922.387262089826
batch_013:73,15019.92707550028,14194.058462843328,13252.030791416233,11929.957167736335
batch_013:74,3151.3720230168533,3036.0556093472787,2938.121381017826,2940.2705356159126
batch_013:75,4625.438231520725,4428.930082575821,4116.124240973914,3908.702699338033
batch_013:76,10259.386897176886,10056.775502020633,9819.651991626873,9485.364779349708
batch_013:77,3151.3720230168533,3036.0556093472787,2938.121381017826,2940.2705356159126
batch_013:78,3151.3720230168533,3036.0556093472787,2938.121381017826,2940.2705356159126
batch_013:79,3151.3720230168533,3036.0556093472787,2938.121381017826,2940.2705356159126
batch_013:80,3151.3720230168533,3036.0556093472787,2938.121381017826,2940.2705356159126
batch_013:81,13964.476692406883,13385.085406456796,12423.52892528299,11308.592890586837
batch_013:82,3151.3720230168533,3036.0556093472787,2938.121381017826,2940.2705356159126
batch_013:83,3151.3720230168533,3036.0556093472787,2938.121381017826,2940.2705356159126
batch_013:84,6333.867154533685,6133.456151249175,5759.619824491643,5337.566366103358
batch_013:85,3151.3720230168533,3036.0556093472787,2938.121381017826,2940.2705356159126
batch_013:86,13962.074804828708,13385.42426481541,12425.970021465904,11313.417852581639
batch_013:87,13973.754994204426,13392.523952144918,12437.057706609376,11323.818668149568
batch_013:88,13969.135592819164,13390.393477641315,12427.579374474168,11312.848781742628
batch_013:89,6340.38902303047,6143.409738995174,5769.392176921771,5348.08581411391
batch_013:90,13970.46131508742,13388.332588498546,12423.088966530091,11308.493053081937
batch_013:91,3151.3720230168533,3036.0556093472787,2938.121381017826,2940.2705356159126
batch_013:92,4647.826518717422,4449.100074815242,4143.133012313817,3924.504548021088
batch_013:93,10251.305994859658,10051.541432141415,9818.060986501092,9484.640537978292
batch_013:94,13964.856515667494,13383.134719077636,12420.831867947896,11308.220662894917
batch_013:95,15008.57327819126,14183.125227117562,13246.623319019265,11926.678910484701
batch_013:96,3151.3720230168533,3036.0556093472787,2938.121381017826,2940.2705356159126
batch_013:97,14987.216006502416,14172.547390694386,13232.588401981347,11913.123138146242
batch_013:98,10244.609771856618,10040.36207769829,9801.406652979833,9469.667229620925
batch_013:99,3151.3720230168533,3036.0556093472787,2938.121381017826,2940.2705356159126
batch_013:100,3151.3720230168533,3036.0556093472787,2938.121381017826,2940.2705356159126
batch_013:101,15002.77570780115,14179.599160699681,13239.37019918377,11917.237672755684
batch_013:102,3151.3720230168533,3036.0556093472787,2938.121381017826,2940.2705356159126
batch_013:103,3151.3720230168533,3036.0556093472787,2938.121381017826,2940.2705356159126
batch_013:104,3151.3720230168533,3036.0556093472787,2938.121381017826,2940.2705356159126
batch_013:105,3151.3720230168533,3036.0556093472787,2938.121381017826,2940.2705356159126
batch_013:106,3151.3720230168533,3036.0556093472787,2938.121381017826,2940.2705356159126
batch_013:107,6347.895366657717,6144.413050668272,5766.983160418101,5345.146650062165
batch_013:108,4594.145269509758,4403.315835933587,4102.325260833041,3899.8299059046035
batch_013:109,4625.572319244948,4428.615208089959,4116.653999711324,3909.3698497148716
batch_013:110,13975.604010206423,13391.096464988721,12428.05682971008,11314.52026320234
batch_013:111,3151.3720230168533,3036.0556093472787,2938.121381017826,2940.2705356159126
batch_013:112,3151.3720230168533,3036.0556093472787,2938.121381017826,2940.2705356159126
batch_013:113,3151.3720230168533,3036.0556093472787,2938.121381017826,2940.2705356159126
batch_013:114,6343.402062240846,6144.709467116341,5768.378153913345,5346.746574272476
batch_013:115,3151.3720230168533,3036.0556093472787,2938.121381017826,2940.2705356159126
batch_013:116,10258.337708777502,10057.23464689487,9824.211648197681,9491.623233382175
batch_013:117,13967.290978351462,13382.740351753826,12420.384558480544,11307.059397636956
batch_013:118,3151.3720230168533,3036.0556093472787,2938.121381017826,2940.2705356159126
batch_013:119,3151.3720230168533,3036.0556093472787,2938.121381017826,2940.2705356159126
batch_013:120,3151.3720230168533,3036.0556093472787,2938.121381017826,2940.2705356159126
batch_013:121,14997.07959113883,14175.53985691122,13235.149437829963,11911.584401471835
batch_013:122,3151.3720230168533,3036.0556093472787,2938.121381017826,2940.2705356159126
batch_013:123,3151.3720230168533,3036.0556093472787,2938.121381017826,2940.2705356159126
batch_013:124,4621.197883377806,4423.575712636093,4111.0938221431425,3907.3905094313445
batch_013:125,4642.900850115289,4443.551444016979,4128.333462025303,3918.5805125172983
batch_013:126,10252.987461909699,10051.44051144613,9817.180845020137,9484.393785541786
batch_013:127,14990.045934051888,14173.612844431842,13235.269722712621,11911.795775563181
batch_013:128,3151.3720230168533,3036.0556093472787,2938.121381017826,2940.2705356159126
batch_013:129,13960.448126124193,13382.111771821032,12422.589490947983,11309.828799324063
batch_013:130,3151.3720230168533,3036.0556093472787,2938.121381017826,2940.2705356159126
batch_013:131,3151.3720230168533,3036.0556093472787,2938.121381017826,2940.2705356159126
batch_013:132,3151.3720230168533,3036.0556093472787,2938.121381017826,2940.2705356159126
batch_013:133,7413.007140458338,7235.130559948228,7074.015083561299,6806.201553177491
batch_013:134,3151.3720230168533,3036.0556093472787,2938.121381017826,2940.2705356159126
batch_013:135,3151.3720230168533,3036.0556093472787,2938.121381017826,2940.2705356159126
batch_013:136,4621.197883377806,4423.575712636093,4111.0938221431425,3907.3905094313445
batch_013:137,14994.579764587343,14178.099724147205,13236.47712388399,11915.45804520138
batch_013:138,7396.439586306571,7221.5042710049165,7055.116900331347,6788.28286712078
batch_013:139,3151.3720230168533,3036.0556093472787,2938.121381017826,2940.2705356159126
batch_013:140,3151.3720230168533,3036.0556093472787,2938.121381017826,2940.2705356159126
batch_013:141,3151.3720230168533,3036.0556093472787,2938.121381017826,2940.2705356159126
batch_013:142,13972.37132757855,13392.744278849352,12435.942647199201,11322.210056947706
batch_013:143,3151.3720230168533,3036.0556093472787,2938.121381017826,2940.2705356159126
batch_013:144,3151.3720230168533,3036.0556093472787,2938.121381017826,2940.2705356159126
batch_013:145,3151.3720230168533,3036.0556093472787,2938.121381017826,2940.2705356159126
batch_013:146,3151.3720230168533,3036.0556093472787,2938.121381017826,2940.2705356159126
batch_013:147,3151.3720230168533,3036.0556093472787,2938.121381017826,2940.2705356159126
batch_013:148,3151.3720230168533,3036.0556093472787,2938.121381017826,2940.2705356159126
batch_013:149,4607.754720711201,4414.357703743472,4105.65031385767,3900.932991082138
batch_013:150,3151.3720230168533,3036.0556093472787,2938.121381017826,2940.2705356159126
batch_013:151,15011.892759478258,14190.108465356901,13253.65464184631,11931.055095125634
batch_013:152,3151.3720230168533,3036.0556093472787,2938.121381017826,2940.2705356159126
batch_013:153,3151.3720230168533,3036.0556093472787,2938.121381017826,2940.2705356159126
batch_013:154,3151.3720230168533,3036.0556093472787,2938.121381017826,2940.2705356159126
batch_013:155,7409.779606667832,7234.187887468084,7070.168836817475,6800.953405381783
batch_013:156,6348.7001313733845,6145.555971019898,5771.592311055016,5349.221500095667
batch_013:157,7407.657366306968,7232.880359407383,7070.3052952193175,6800.96369743664
batch_013:158,3151.3720230168533,3036.0556093472787,2938.121381017826,2940.2705356159126
batch_013:159,3151.3720230168533,3036.0556093472787,2938.121381017826,2940.2705356159126
batch_013:160,3151.3720230168533,3036.0556093472787,2938.121381017826,2940.2705356159126
batch_013:161,3151.3720230168533,3036.0556093472787,2938.121381017826,2940.2705356159126
batch_013:162,3151.3720230168533,3036.0556093472787,2938.121381017826,2940.2705356159126
batch_013:163,10252.473163740973,10055.26733664569,9825.614080799514,9492.499546021501
batch_013:164,3151.3720230168533,3036.0556093472787,2938.121381017826,2940.2705356159126
batch_013:165,10243.852826180382,10044.915765096055,9818.012728866428,9488.846827400635
batch_013:166,10251.854083147216,10049.671095769083,9820.633956862071,9489.412264420254
batch_013:167,3151.3720230168533,3036.0556093472787,2938.121381017826,2940.2705356159126
batch_013:168,10263.465818809515,10063.495494952082,9826.562711554858,9491.451968148176
batch_013:169,3151.3720230168533,3036.0556093472787,2938.121381017826,2940.2705356159126
batch_013:170,3151.3720230168533,3036.0556093472787,2938.121381017826,2940.2705356159126
batch_013:171,3151.3720230168533,3036.0556093472787,2938.121381017826,2940.2705356159126
batch_013:172,3151.3720230168533,3036.0556093472787,2938.121381017826,2940.2705356159126
batch_013:173,10254.114829867742,10052.524816400059,9819.556057535025,9486.399659972903
batch_013:174,3151.3720230168533,3036.0556093472787,2938.121381017826,2940.2705356159126
batch_013:175,3151.3720230168533,3036.0556093472787,2938.121381017826,2940.2705356159126
batch_013:176,3151.3720230168533,3036.0556093472787,2938.121381017826,2940.2705356159126
batch_013:177,3151.3720230168533,3036.0556093472787,2938.121381017826,2940.2705356159126
batch_013:178,3151.3720230168533,3036.0556093472787,2938.121381017826,2940.2705356159126
batch_013:179,13962.92378586809,13381.142087155546,12419.873672220334,11307.56853600356
batch_013:180,3151.3720230168533,3036.0556093472787,2938.121381017826,2940.2705356159126
batch_013:181,4602.222121345917,4406.551237744501,4097.747657375358,3897.7628825688253
batch_013:182,3151.3720230168533,3036.0556093472787,2938.121381017826,2940.2705356159126
batch_013:183,6363.316297948854,6156.065449133837,5776.6143982930325,5356.028748478338
batch_013:184,4606.457390824028,4417.615740435898,4104.62170760319,3896.0584520107263
batch_013:185,13976.595962831796,13394.875102135376,12430.697177629821,11314.714576384195
batch_013:186,3151.3720230168533,3036.0556093472787,2938.121381017826,2940.2705356159126
batch_013:187,3151.3720230168533,3036.0556093472787,2938.121381017826,2940.2705356159126
batch_013:188,7440.911018422763,7251.538879094721,7084.185972084851,6813.699205641517
batch_013:189,15024.50429150481,14198.613023745069,13254.242566666742,11932.853245242344
batch_013:190,13964.727071397714,13383.060109528686,12423.958659869153,11310.529224479227
batch_013:191,3151.3720230168533,3036.0556093472787,2938.121381017826,2940.2705356159126
batch_013:192,14997.53038435117,14174.66225427864,13232.583998914914,11911.459279685225
batch_013:193,3151.3720230168533,3036.0556093472787,2938.121381017826,2940.2705356159126
batch_013:194,6331.4789072028425,6134.129529062078,5763.772141989358,5344.030978735952
batch_013:195,3151.3720230168533,3036.0556093472787,2938.121381017826,2940.2705356159126
batch_013:196,3151.3720230168533,3036.0556093472787,2938.121381017826,2940.2705356159126
batch_013:197,3151.3720230168533,3036.0556093472787,2938.121381017826,2940.2705356159126
batch_013:198,4643.704028291216,4440.1397641027415,4134.966062880003,3925.088976775694
batch_013:199,3151.3720230168533,3036.0556093472787,2938.121381017826,2940.2705356159126
batch_013:200,3151.3720230168533,3036.0556093472787,2938.121381017826,2940.2705356159126
batch_013:201,3151.3720230168533,3036.0556093472787,2938.121381017826,2940.2705356159126
batch_013:202,10256.851705213807,10055.947977232268,9821.19806994152,9491.860214792121
batch_013:203,4668.076788605154,4461.35217272234,4148.138438577201,3930.2777422189574
batch_013:204,10254.038254717812,10054.458708850116,9817.587922370096,9485.72671587706
batch_013:205,13968.067019583541,13386.726936140101,12429.354133267072,11316.492425487992
batch_013:206,7410.367126155213,7234.732977173828,7071.969498965592,6799.910752977052
batch_013:207,3151.3720230168533,3036.0556093472787,2938.121381017826,2940.2705356159126
batch_013:208,7432.107880482348,7247.8620049280635,7083.971173078136,6810.238463201922
batch_013:209,3151.3720230168533,3036.0556093472787,2938.121381017826,2940.2705356159126
batch_013:210,3151.3720230168533,3036.0556093472787,2938.121381017826,2940.2705356159126
batch_013:211,6356.433388866989,6154.562050745203,5776.2363018831065,5353.355294184962
batch_013:212,3151.3720230168533,3036.0556093472787,2938.121381017826,2940.2705356159126
batch_013:213,6349.010003295644,6154.665184562728,5779.40006914078,5355.793209584736
batch_013:214,15002.509918753385,14181.682298556061,13242.800274070283,11925.258598535413
batch_013:215,3151.3720230168533,3036.0556093472787,2938.121381017826,2940.2705356159126
batch_013:216,10255.26772646371,10055.09843627507,9821.909598445189,9486.68620526084
batch_013:217,3151.3720230168533,3036.0556093472787,2938.121381017826,2940.2705356159126
batch_013:218,3151.3720230168533,3036.0556093472787,2938.121381017826,2940.2705356159126
batch_013:219,3151.3720230168533,3036.0556093472787,2938.121381017826,2940.2705356159126
batch_013:220,14985.409426290144,14167.819132678262,13232.207751366233,11912.086909292046
batch_013:221,3151.3720230168533,3036.0556093472787,2938.121381017826,2940.2705356159126
batch_013:222,6341.006288676037,6138.665768076989,5763.879467140806,5342.582642409229
batch_013:223,13974.886068143509,13393.706183846916,12435.61497083619,11320.79527921198
batch_013:224,7417.584312683226,7237.678063377006,7071.67027985379,6802.039824347854
batch_013:225,3151.3720230168533,3036.0556093472787,2938.121381017826,2940.2705356159126
batch_013:226,3151.3720230168533,3036.0556093472787,2938.121381017826,2940.2705356159126
batch_013:227,3151.3720230168533,3036.0556093472787,2938.121381017826,2940.2705356159126
batch_013:228,4648.134082615747,4447.5178414975835,4138.655372642264,3928.4200962760556
batch_013:229,4594.032241841523,4400.693493355291,4096.443650829409,3897.041286855442
batch_013:230,4636.250357320237,4436.548156198495,4131.111329876834,3920.3986781582453
batch_013:231,4643.071402606468,4441.893390938639,4149.858215246455,3933.8301859286303
batch_013:232,14990.74123288887,14174.905704277422,13230.809310274935,11910.208075797344
batch_013:233,3151.3720230168533,3036.0556093472787,2938.121381017826,2940.2705356159126
batch_013:234,3151.3720230168533,3036.0556093472787,2938.121381017826,2940.2705356159126
batch_013:235,6352.823972160344,6153.385972984392,5774.3565695580955,5352.627634245481
batch_013:236,6341.065672785317,6141.574925689971,5765.177565576775,5344.146120332958
batch_013:237,3151.3720230168533,3036.0556093472787,2938.121381017826,2940.2705356159126
batch_013:238,4642.208918196478,4444.982786930078,4130.286010695823,3917.044733843327
batch_013:239,3151.3720230168533,3036.0556093472787,2938.121381017826,2940.2705356159126
batch_013:240,3151.3720230168533,3036.0556093472787,2938.121381017826,2940.2705356159126
batch_013:241,3151.3720230168533,3036.0556093472787,2938.121381017826,2940.2705356159126
batch_013:242,3151.3720230168533,3036.0556093472787,2938.121381017826,2940.2705356159126
batch_013:243,4626.500842286069,4430.923583198025,4117.619850974574,3908.2513765156864
batch_013:244,15005.257783455392,14185.003689573005,13240.44617619955,11917.419830927718
batch_013:245,4627.554859739278,4425.24781759753,4119.499955940306,3914.341545977473
batch_013:246,10255.744265718447,10054.358589864929,9816.460075620931,9483.942144031256
batch_013:247,6339.787466665685,6139.5858357354045,5765.598007247945,5340.709556442678
batch_013:248,14985.045216697907,14167.964273081925,13225.405060957077,11905.074384409883
batch_013:249,3151.3720230168533,3036.0556093472787,2938.121381017826,2940.2705356159126
batch_013:250,3151.3720230168533,3036.0556093472787,2938.121381017826,2940.2705356159126
batch_013:251,3151.3720230168533,3036.0556093472787,2938.121381017826,2940.2705356159126
batch_013:252,15005.257783455392,14184.76977965719,13240.378016329221,11917.360901490098
batch_013:253,10246.543301447784,10044.595104255473,9809.864336158433,9477.65399025177
batch_013:254,7407.7395283675105,7229.998504362096,7069.195877764135,6801.396179795348
batch_013:255,3151.3720230168533,3036.0556093472787,2938.121381017826,2940.2705356159126
batch_013:256,10243.871803035909,10042.153311029228,9811.962737625461,9482.13698606733
batch_013:257,3151.3720230168533,3036.0556093472787,2938.121381017826,2940.2705356159126
batch_013:258,14992.322274208056,14172.306561401721,13232.903569809174,11910.289335156856
batch_013:259,13963.577689272637,13383.415494667131,12425.288825601207,11310.129310720486
batch_013:260,3151.3720230168533,3036.0556093472787,2938.121381017826,2940.2705356159126
batch_013:261,15004.367842152322,14183.86320046544,13242.500929479684,11918.982242845625
batch_013:262,3151.3720230168533,3036.0556093472787,2938.121381017826,2940.2705356159126
batch_013:263,6333.374565432703,6134.967036888543,5763.022829353081,5341.7846818812
batch_013:264,3151.3720230168533,3036.0556093472787,2938.121381017826,2940.2705356159126
batch_013:265,3151.3720230168533,3036.0556093472787,2938.121381017826,2940.2705356159126
batch_013:266,6360.055686562662,6162.551421698394,5786.9310605512,5360.7675006714
batch_013:267,3151.3720230168533,3036.0556093472787,2938.121381017826,2940.2705356159126
batch_013:268,3151.3720230168533,3036.0556093472787,2938.121381017826,2940.2705356159126
batch_013:269,4637.3258052669,4438.724725903903,4123.958882157285,3914.207668494806
batch_013:270,7444.68939289502,7255.734499295754,7089.200713847857,6815.702560742709
batch_013:271,13963.4979179901,13382.606564708527,12420.199018960639,11307.014904888007
batch_013:272,13952.08139672601,13374.068798506396,12416.046206861552,11302.992185772255
batch_013:273,7429.951783006393,7248.535163673545,7084.875708446866,6815.333671735216
batch_013:274,3151.3720230168533,3036.0556093472787,2938.121381017826,2940.2705356159126
batch_013:275,3151.3720230168533,3036.0556093472787,2938.121381017826,2940.2705356159126
batch_013:276,13962.498180251476,13381.398453913558,12423.570582984099,11311.254646755091
batch_013:277,4633.292131885202,4431.076209433545,4124.596442792433,3917.271269742938
batch_013:278,13959.94818630593,13379.650278778608,12421.239909891265,11307.203961333575
batch_013:279,3151.3720230168533,3036.0556093472787,2938.121381017826,2940.2705356159126
batch_013:280,3151.3720230168533,3036.0556093472787,2938.121381017826,2940.2705356159126
batch_013:281,3151.3720230168533,3036.0556093472787,2938.121381017826,2940.2705356159126
batch_013:282,13962.136291654211,13379.424156801619,12419.144993083986,11305.269185426776
batch_013:283,10253.159503136098,10053.359313910607,9819.01332046979,9485.60022881899
batch_013:284,10242.387419456261,10042.794538255155,9806.44652901961,9472.765053504121
batch_013:285,6349.778716963747,6152.09998965694,5776.473540675235,5351.89557651234
batch_013:286,3151.3720230168533,3036.0556093472787,2938.121381017826,2940.2705356159126
batch_013:287,6338.533825441171,6137.494032112535,5762.643439337681,5342.588955234842
batch_013:288,3151.3720230168533,3036.0556093472787,2938.121381017826,2940.2705356159126
batch_013:289,3151.3720230168533,3036.0556093472787,2938.121381017826,2940.2705356159126
batch_013:290,3151.3720230168533,3036.0556093472787,2938.121381017826,2940.2705356159126
batch_013:291,3151.3720230168533,3036.0556093472787,2938.121381017826,2940.2705356159126
batch_013:292,7410.942943679346,7229.646159115637,7063.086222060791,6795.825090761734
batch_013:293,3151.3720230168533,3036.0556093472787,2938.121381017826,2940.2705356159126
batch_013:294,6360.071887044511,6160.546772640026,5782.109194328183,5358.049818424342
batch_013:295,4602.099522497655,4409.830222324542,4103.331099410364,3899.701650288751
batch_013:296,7415.006868592956,7235.3602200465275,7069.304637203341,6797.669706314229
batch_013:297,3151.3720230168533,3036.0556093472787,2938.121381017826,2940.2705356159126
batch_013:298,10245.465475714152,10045.383983099666,9812.879690442318,9482.95548939245
batch_013:299,3151.3720230168533,3036.0556093472787,2938.121381017826,2940.2705356159126
batch_013:300,4667.0777038333845,4461.023999626772,4143.445768660175,3928.1198774072
batch_013:301,6345.000567521544,6145.088896713905,5769.706757645457,5346.581071294341
batch_013:302,3151.3720230168533,3036.0556093472787,2938.121381017826,2940.2705356159126
batch_013:303,3151.3720230168533,3036.0556093472787,2938.121381017826,2940.2705356159126
batch_013:304,10255.648465818524,10052.36616644017,9817.701892599522,9486.548829731026
batch_013:305,7433.129634806399,7249.040079458,7084.30286396597,6816.511682383688
batch_013:306,3151.3720230168533,3036.0556093472787,2938.121381017826,2940.2705356159126
batch_013:307,6351.266978484565,6149.59433869392,5771.497034715817,5349.908116637956
batch_013:308,13974.99795647502,13392.060230169944,12429.982932839848,11316.765131321514
batch_013:309,3151.3720230168533,3036.0556093472787,2938.121381017826,2940.2705356159126
batch_013:310,3151.3720230168533,3036.0556093472787,2938.121381017826,2940.2705356159126
batch_013:311,3151.3720230168533,3036.0556093472787,2938.121381017826,2940.2705356159126
batch_013:312,10251.8765876541,10051.936349754847,9818.216467015127,9484.303386505142
batch_013:313,3151.3720230168533,3036.0556093472787,2938.121381017826,2940.2705356159126
batch_013:314,13958.13700135182,13377.868729949989,12423.68800852907,11310.64619433149
batch_013:315,3151.3720230168533,3036.0556093472787,2938.121381017826,2940.2705356159126
batch_013:316,3151.3720230168533,3036.0556093472787,2938.121381017826,2940.2705356159126
batch_013:317,3151.3720230168533,3036.0556093472787,2938.121381017826,2940.2705356159126
batch_013:318,10261.421766959711,10059.247627704412,9818.268969939678,9481.161103982471
batch_013:319,7405.14829762275,7227.310365833091,7055.937591544729,6785.0245498967715
batch_013:320,3151.3720230168533,3036.0556093472787,2938.121381017826,2940.2705356159126
batch_013:321,3151.3720230168533,3036.0556093472787,2938.121381017826,2940.2705356159126
batch_013:322,3151.3720230168533,3036.0556093472787,2938.121381017826,2940.2705356159126
batch_013:323,10243.293889661983,10045.321648440287,9813.076928404284,9484.147239113685
batch_013:324,3151.3720230168533,3036.0556093472787,2938.121381017826,2940.2705356159126
batch_013:325,3151.3720230168533,3036.0556093472787,2938.121381017826,2940.2705356159126
batch_013:326,3151.3720230168533,3036.0556093472787,2938.121381017826,2940.2705356159126
batch_013:327,3151.3720230168533,3036.0556093472787,2938.121381017826,2940.2705356159126
batch_013:328,7419.2686214844525,7235.170893467737,7072.584457102963,6810.95813129481
batch_013:329,10248.7304326216,10048.332682876897,9820.678177353055,9489.698930011547
batch_013:330,3151.3720230168533,3036.0556093472787,2938.121381017826,2940.2705356159126
batch_013:331,14998.708582687308,14182.801667524125,13238.996026248251,11916.321115378998
batch_013:332,14999.033994785828,14177.256928446524,13237.186164581966,11915.962964408513
batch_013:333,3151.3720230168533,3036.0556093472787,2938.121381017826,2940.2705356159126
batch_013:334,10259.66733042245,10058.308841544085,9826.20280546668,9493.27211626323
batch_013:335,6340.890155292265,6142.485739571976,5769.255683794661,5348.198474792888
batch_013:336,3151.3720230168533,3036.0556093472787,2938.121381017826,2940.2705356159126
batch_013:337,4605.946097606295,4411.4271921702675,4105.539037131903,3900.809915111161
batch_013:338,3151.3720230168533,3036.0556093472787,2938.121381017826,2940.2705356159126
batch_013:339,3151.3720230168533,3036.0556093472787,2938.121381017826,2940.2705356159126
batch_013:340,3151.3720230168533,3036.0556093472787,2938.121381017826,2940.2705356159126
batch_013:341,3151.3720230168533,3036.0556093472787,2938.121381017826,2940.2705356159126
batch_013:342,3151.3720230168533,3036.0556093472787,2938.121381017826,2940.2705356159126
batch_013:343,6341.606818956385,6142.759031220846,5766.177605997901,5342.624071833185
batch_013:344,7405.230081878433,7227.237671482766,7060.312577762073,6788.209748172688
batch_013:345,7440.911018422763,7251.538879094721,7084.185972084851,6813.699205641517
batch_013:346,13967.069424266987,13387.980055600252,12431.077428356013,11317.38047581044
batch_013:347,3151.3720230168533,3036.0556093472787,2938.121381017826,2940.2705356159126
batch_013:348,4632.027908300177,4434.066906998751,4119.929887174505,3911.439650027568
batch_013:349,3151.3720230168533,3036.0556093472787,2938.121381017826,2940.2705356159126
batch_013:350,7399.289365506811,7220.102519149466,7059.187699306973,6790.632169800548
batch_013:351,3151.3720230168533,3036.0556093472787,2938.121381017826,2940.2705356159126
batch_013:352,3151.3720230168533,3036.0556093472787,2938.121381017826,2940.2705356159126
batch_013:353,3151.3720230168533,3036.0556093472787,2938.121381017826,2940.2705356159126
batch_013:354,6332.248744430373,6131.058595842036,5758.108637465744,5336.284992880887
batch_013:355,7410.764181942946,7232.429988898866,7070.492886776597,6798.628997477353
batch_013:356,3151.3720230168533,3036.0556093472787,2938.121381017826,2940.2705356159126
batch_013:357,15003.892542524503,14181.404358604239,13237.039022846435,11915.255236879762
batch_013:358,13962.67573274706,13381.655051776546,12424.173654452079,11311.664230490429
batch_013:359,3151.3720230168533,3036.0556093472787,2938.121381017826,2940.2705356159126
batch_013:360,3151.3720230168533,3036.0556093472787,2938.121381017826,2940.2705356159126
batch_013:361,10257.928120290266,10057.808839334868,9823.280203548235,9486.802332335905
batch_013:362,3151.3720230168533,3036.0556093472787,2938.121381017826,2940.2705356159126
batch_013:363,7429.832236783404,7243.657610288181,7076.523500380088,6805.4895922933265
batch_013:364,3151.3720230168533,3036.0556093472787,2938.121381017826,2940.2705356159126
batch_013:365,3151.3720230168533,3036.0556093472787,2938.121381017826,2940.2705356159126
batch_013:366,10245.25356182392,10043.137485205918,9807.344572883561,9478.329830901075
batch_013:367,3151.3720230168533,3036.0556093472787,2938.121381017826,2940.2705356159126
batch_013:368,3151.3720230168533,3036.0556093472787,2938.121381017826,2940.2705356159126
batch_013:369,15002.135599689438,14182.161885451536,13240.155306201228,11920.168743150976
batch_013:370,3151.3720230168533,3036.0556093472787,2938.121381017826,2940.2705356159126
batch_013:371,13964.233025533928,13382.50261420885,12422.150222673572,11309.845902780578
batch_013:372,3151.3720230168533,3036.0556093472787,2938.121381017826,2940.2705356159126
batch_013:373,7405.10039634077,7221.3281203253555,7051.837718351078,6783.94567775161
batch_013:374,3151.3720230168533,3036.0556093472787,2938.121381017826,2940.2705356159126
batch_013:375,3151.3720230168533,3036.0556093472787,2938.121381017826,2940.2705356159126
batch_013:376,10261.174542921004,10059.5573282753,9826.289044668278,9490.560221261087
batch_013:377,13963.544553025456,13384.267062286292,12432.126140294571,11315.964042252805
batch_013:378,7454.764110131021,7259.4634079866,7093.746166716157,6819.5625536496855
batch_013:379,3151.3720230168533,3036.0556093472787,2938.121381017826,2940.2705356159126
batch_013:380,3151.3720230168533,3036.0556093472787,2938.121381017826,2940.2705356159126
batch_013:381,3151.3720230168533,3036.0556093472787,2938.121381017826,2940.2705356159126
batch_013:382,3151.3720230168533,3036.0556093472787,2938.121381017826,2940.2705356159126
batch_013:383,13956.823191388707,13376.68691152548,12420.421517729908,11308.240226525217
batch_013:384,6334.706398304007,6135.181940824662,5761.101288920062,5341.529784350324
batch_013:385,3151.3720230168533,3036.0556093472787,2938.121381017826,2940.2705356159126
batch_013:386,14991.543871964386,14173.562210304388,13236.963353720319,11916.419583805155
batch_013:387,3151.3720230168533,3036.0556093472787,2938.121381017826,2940.2705356159126
batch_013:388,3151.3720230168533,3036.0556093472787,2938.121381017826,2940.2705356159126
batch_013:389,15023.285297638362,14199.027495039249,13257.991459658788,11935.595451876488
batch_013:390,3151.3720230168533,3036.0556093472787,2938.121381017826,2940.2705356159126
batch_013:391,4623.639187395235,4427.343951678127,4123.32617362776,3917.0619952443776
batch_013:392,10241.460360847213,10041.38307190833,9811.793294204226,9482.0330055468
batch_013:393,3151.3720230168533,3036.0556093472787,2938.121381017826,2940.2705356159126
batch_013:394,6329.695876354512,6130.416702642554,5757.391185018615,5336.646640363173
batch_013:395,3151.3720230168533,3036.0556093472787,2938.121381017826,2940.2705356159126
batch_013:396,3151.3720230168533,3036.0556093472787,2938.121381017826,2940.2705356159126
batch_013:397,7431.393647395236,7244.306634213977,7079.076838791771,6804.660168313624
batch_013:398,3151.3720230168533,3036.0556093472787,2938.121381017826,2940.2705356159126
batch_013:399,3151.3720230168533,3036.0556093472787,2938.121381017826,2940.2705356159126
batch_013:400,14994.64684995947,14174.208878114001,13233.984129325669,11911.237897680721
batch_013:401,3151.3720230168533,3036.0556093472787,2938.121381017826,2940.2705356159126
batch_013:402,10260.606404833336,10060.568059953683,9825.044411281502,9489.079182816235
batch_013:403,3151.3720230168533,3036.0556093472787,2938.121381017826,2940.2705356159126
batch_013:404,3151.3720230168533,3036.0556093472787,2938.121381017826,2940.2705356159126
batch_013:405,10251.410406224953,10051.585118917665,9823.250926877516,9490.03348112266
batch_013:406,3151.3720230168533,3036.0556093472787,2938.121381017826,2940.2705356159126
batch_013:407,3151.3720230168533,3036.0556093472787,2938.121381017826,2940.2705356159126
batch_013:408,3151.3720230168533,3036.0556093472787,2938.121381017826,2940.2705356159126
batch_013:409,6342.998385866645,6144.602559435041,5769.000197190194,5344.10461230525
batch_013:410,3151.3720230168533,3036.0556093472787,2938.121381017826,2940.2705356159126
batch_013:411,3151.3720230168533,3036.0556093472787,2938.121381017826,2940.2705356159126
batch_013:412,13964.579965947558,13384.845287285445,12425.489185512823,11311.493947666491
batch_013:413,3151.3720230168533,3036.0556093472787,2938.121381017826,2940.2705356159126
batch_013:414,3151.3720230168533,3036.0556093472787,2938.121381017826,2940.2705356159126
batch_013:415,3151.3720230168533,3036.0556093472787,2938.121381017826,2940.2705356159126
batch_013:416,4602.9884303384715,4409.818391510103,4106.513771229804,3905.0717428727567
batch_013:417,3151.3720230168533,3036.0556093472787,2938.121381017826,2940.2705356159126
batch_013:418,3151.3720230168533,3036.0556093472787,2938.121381017826,2940.2705356159126
batch_013:419,7400.880038490629,7230.317162268746,7069.821276771346,6801.0240641954315
batch_013:420,6346.409134309572,6146.863541834859,5770.732792465029,5346.88175897199
batch_013:421,3151.3720230168533,3036.0556093472787,2938.121381017826,2940.2705356159126
batch_013:422,4613.430847304681,4415.390399705656,4108.523731179287,3907.1270334480205
batch_013:423,7402.303716443534,7224.786948202172,7065.295071537346,6799.251804951646
batch_013:424,13971.30795397619,13392.223284616906,12430.483853086498,11314.973391263862
batch_013:425,15005.077335814736,14183.218796809848,13242.548551177439,11919.88325230073
batch_013:426,6347.79297908464,6150.0882625873,5775.241482601681,5350.2703407504205
batch_013:427,10246.784285673006,10046.844990796597,9823.766546566498,9492.615193724423
batch_013:428,3151.3720230168533,3036.0556093472787,2938.121381017826,2940.2705356159126
batch_013:429,3151.3720230168533,3036.0556093472787,2938.121381017826,2940.2705356159126
batch_013:430,10243.2674714164,10044.236500076644,9812.859371836625,9482.765363362749
batch_013:431,15002.327447799926,14182.459449115235,13241.457593803972,11919.713506700475
batch_013:432,6334.8451960786215,6137.750717611258,5764.197673240622,5343.4690630288205
batch_013:433,14987.216006502416,14172.547390694386,13232.588401981347,11913.123138146242
batch_013:434,3151.3720230168533,3036.0556093472787,2938.121381017826,2940.2705356159126
batch_013:435,6327.424090267155,6127.375243618244,5751.437250893223,5333.364691904748
batch_013:436,6350.714719729411,6149.10479721912,5770.791235850425,5351.0948073790505
batch_013:437,10256.692026894856,10057.249830970019,9824.698692872156,9490.528826169004
batch_013:438,3151.3720230168533,3036.0556093472787,2938.121381017826,2940.2705356159126
batch_013:439,3151.3720230168533,3036.0556093472787,2938.121381017826,2940.2705356159126
batch_013:440,3151.3720230168533,3036.0556093472787,2938.121381017826,2940.2705356159126
batch_013:441,3151.3720230168533,3036.0556093472787,2938.121381017826,2940.2705356159126
batch_013:442,3151.3720230168533,3036.0556093472787,2938.121381017826,2940.2705356159126
batch_013:443,3151.3720230168533,3036.0556093472787,2938.121381017826,2940.2705356159126
batch_013:444,3151.3720230168533,3036.0556093472787,2938.121381017826,2940.2705356159126
batch_013:445,7410.939908181879,7227.672312541014,7059.365542945163,6792.263464730538
batch_013:446,3151.3720230168533,3036.0556093472787,2938.121381017826,2940.2705356159126
batch_013:447,3151.3720230168533,3036.0556093472787,2938.121381017826,2940.2705356159126
batch_013:448,3151.3720230168533,3036.0556093472787,2938.121381017826,2940.2705356159126
batch_013:449,4628.133950078103,4434.66880736423,4122.149688408241,3910.7814178802823
batch_013:450,15020.871398412593,14193.128330576046,13248.643420378165,11926.700238859605
batch_013:451,3151.3720230168533,3036.0556093472787,2938.121381017826,2940.2705356159126
batch_013:452,3151.3720230168533,3036.0556093472787,2938.121381017826,2940.2705356159126
batch_013:453,3151.3720230168533,3036.0556093472787,2938.121381017826,2940.2705356159126
batch_013:454,13959.415177738674,13381.55065393425,12422.536686770118,11308.467029013396
batch_013:455,3151.3720230168533,3036.0556093472787,2938.121381017826,2940.2705356159126
batch_013:456,3151.3720230168533,3036.0556093472787,2938.121381017826,2940.2705356159126
batch_013:457,3151.3720230168533,3036.0556093472787,2938.121381017826,2940.2705356159126
batch_013:458,3151.3720230168533,3036.0556093472787,2938.121381017826,2940.2705356159126
batch_013:459,3151.3720230168533,3036.0556093472787,2938.121381017826,2940.2705356159126
batch_013:460,6348.678062546833,6142.55344840799,5764.579717973957,5340.429364943166
batch_013:461,4635.193543349324,4441.760213979037,4125.673323016083,3911.910311883012
batch_013:462,3151.3720230168533,3036.0556093472787,2938.121381017826,2940.2705356159126
batch_013:463,3151.3720230168533,3036.0556093472787,2938.121381017826,2940.2705356159126
batch_013:464,3151.3720230168533,3036.0556093472787,2938.121381017826,2940.2705356159126
batch_013:465,3151.3720230168533,3036.0556093472787,2938.121381017826,2940.2705356159126
batch_013:466,3151.3720230168533,3036.0556093472787,2938.121381017826,2940.2705356159126
batch_013:467,3151.3720230168533,3036.0556093472787,2938.121381017826,2940.2705356159126
batch_013:468,3151.3720230168533,3036.0556093472787,2938.121381017826,2940.2705356159126
batch_013:469,4640.855689806662,4442.639426498562,4129.4438359153355,3918.656482105996
batch_013:470,15017.374082645714,14190.89277664786,13252.319068988867,11929.332783470323
batch_013:471,13973.447633699525,13393.094200213105,12437.012292202118,11323.548374424063
batch_013:472,3151.3720230168533,3036.0556093472787,2938.121381017826,2940.2705356159126
batch_013:473,3151.3720230168533,3036.0556093472787,2938.121381017826,2940.2705356159126
batch_013:474,13962.500078467601,13382.218914489562,12422.050831834415,11308.786547812004
batch_013:475,7407.764543047594,7231.355271308483,7069.360917231976,6803.219458885295
batch_013:476,3151.3720230168533,3036.0556093472787,2938.121381017826,2940.2705356159126
batch_013:477,13963.597396842644,13384.167778839912,12422.083649577076,11308.348896426156
batch_013:478,3151.3720230168533,3036.0556093472787,2938.121381017826,2940.2705356159126
batch_013:479,7416.058068545053,7237.935229438075,7072.956519516822,6798.814350471972
batch_013:480,3151.3720230168533,3036.0556093472787,2938.121381017826,2940.2705356159126
batch_013:481,3151.3720230168533,3036.0556093472787,2938.121381017826,2940.2705356159126
batch_013:482,3151.3720230168533,3036.0556093472787,2938.121381017826,2940.2705356159126
batch_013:483,3151.3720230168533,3036.0556093472787,2938.121381017826,2940.2705356159126
batch_013:484,3151.3720230168533,3036.0556093472787,2938.121381017826,2940.2705356159126
batch_013:485,10247.03393704652,10042.99725983648,9806.979354672927,9477.211002366124
batch_013:486,3151.3720230168533,3036.0556093472787,2938.121381017826,2940.2705356159126
batch_013:487,13957.02680212745,13374.318820928434,12416.781103848061,11304.166075226942
batch_013:488,10246.633806827807,10044.826593715035,9814.045971753787,9482.653435722812
batch_013:489,3151.3720230168533,3036.0556093472787,2938.121381017826,2940.2705356159126
batch_013:490,3151.3720230168533,3036.0556093472787,2938.121381017826,2940.2705356159126
batch_013:491,7401.816224458893,7223.285659137083,7057.074355650668,6785.779338285886
batch_013:492,7412.235493792633,7228.761985232235,7065.316798322103,6801.016647740234
batch_013:493,6342.833889211304,6142.747726434416,5767.707382811419,5347.340083051138
batch_013:494,3151.3720230168533,3036.0556093472787,2938.121381017826,2940.2705356159126
batch_013:495,3151.3720230168533,3036.0556093472787,2938.121381017826,2940.2705356159126
batch_013:496,3151.3720230168533,3036.0556093472787,2938.121381017826,2940.2705356159126
batch_013:497,3151.3720230168533,3036.0556093472787,2938.121381017826,2940.2705356159126
batch_013:498,7404.623511839883,7226.314268180516,7061.675962931696,6796.18892441796
batch_013:499,4604.677833758356,4411.153694479787,4106.162999332591,3900.57510398226
batch_013:500,3151.3720230168533,3036.0556093472787,2938.121381017826,2940.2705356159126
batch_013:501,3151.3720230168533,3036.0556093472787,2938.121381017826,2940.2705356159126
batch_013:502,10252.294735638317,10052.058429169263,9817.59498492986,9485.580968835473
batch_013:503,3151.3720230168533,3036.0556093472787,2938.121381017826,2940.2705356159126
batch_013:504,3151.3720230168533,3036.0556093472787,2938.121381017826,2940.2705356159126
batch_013:505,3151.3720230168533,3036.0556093472787,2938.121381017826,2940.2705356159126
batch_013:506,7419.683731462823,7238.083858902383,7078.356784652455,6817.699701596185
batch_013:507,7408.531572342467,7229.088436534754,7062.51321136029,6799.187978509335
batch_013:508,4601.477601380137,4405.817663447444,4096.994113753247,3897.0087121535917
batch_013:509,4636.46348134808,4440.4356252342905,4127.1886539416,3912.406496766438
batch_013:510,13958.802413068443,13380.026729904479,12422.004487343307,11310.276636345205
batch_013:511,3151.3720230168533,3036.0556093472787,2938.121381017826,2940.2705356159126
batch_013:512,15003.578375012923,14184.769207460395,13243.881826261302,11923.131235644376
batch_013:513,6344.51287537607,6146.8359458523955,5772.004395198637,5348.236556048395
batch_013:514,7408.205778852485,7229.462125974576,7066.022398290494,6800.037761873359
batch_013:515,3151.3720230168533,3036.0556093472787,2938.121381017826,2940.2705356159126
batch_013:516,3151.3720230168533,3036.0556093472787,2938.121381017826,2940.2705356159126
batch_013:517,13953.2718973152,13373.504456065293,12415.472711392755,11303.290304648372
batch_013:518,3151.3720230168533,3036.0556093472787,2938.121381017826,2940.2705356159126
batch_013:519,3151.3720230168533,3036.0556093472787,2938.121381017826,2940.2705356159126
batch_013:520,3151.3720230168533,3036.0556093472787,2938.121381017826,2940.2705356159126
batch_013:521,4602.9884303384715,4409.818391510103,4106.513771229804,3905.0717428727567
batch_013:522,3151.3720230168533,3036.0556093472787,2938.121381017826,2940.2705356159126
batch_013:523,10254.905979279467,10055.03049770811,9821.370221350218,9487.661392805108
batch_013:524,13971.30795397619,13392.223284616906,12430.483853086498,11314.973391263862
batch_013:525,3151.3720230168533,3036.0556093472787,2938.121381017826,2940.2705356159126
batch_013:526,13960.367243400435,13382.581431523286,12421.683247588822,11309.368947807541
batch_013:527,15008.57327819126,14183.125227117562,13246.623319019265,11926.678910484701
batch_013:528,13967.01323377518,13388.08635255295,12430.178872449505,11316.297573852142
batch_013:529,3151.3720230168533,3036.0556093472787,2938.121381017826,2940.2705356159126
batch_013:530,13954.88663582814,13374.767848677811,12422.496115751053,11309.236061988824
batch_013:531,3151.3720230168533,3036.0556093472787,2938.121381017826,2940.2705356159126
batch_013:532,7428.174631590835,7238.760612678663,7067.617136849274,6791.104168703552
batch_013:533,6335.600002521073,6137.775595835461,5765.106372422439,5344.398836509736
batch_013:534,14998.154934119466,14176.71459307852,13237.018745677284,11915.946719000802
batch_013:535,3151.3720230168533,3036.0556093472787,2938.121381017826,2940.2705356159126
batch_013:536,13967.478107685103,13386.098216443685,12428.13478881045,11316.528729404823
batch_013:537,13970.562089816995,13384.525830457249,12423.110427349387,11308.517874301719
batch_013:538,3151.3720230168533,3036.0556093472787,2938.121381017826,2940.2705356159126
batch_013:539,7423.2027947054785,7239.823921952772,7075.452852452771,6802.423816286749
batch_013:540,3151.3720230168533,3036.0556093472787,2938.121381017826,2940.2705356159126
batch_013:541,6331.052116989583,6132.60975373169,5761.365033950116,5340.457499704914
batch_013:542,3151.3720230168533,3036.0556093472787,2938.121381017826,2940.2705356159126
batch_013:543,10247.72756679624,10050.550924353585,9823.746285548083,9493.126124315755
batch_013:544,14988.317222754478,14171.311788225445,13227.673021000854,11906.937799387299
batch_013:545,3151.3720230168533,3036.0556093472787,2938.121381017826,2940.2705356159126
batch_013:546,3151.3720230168533,3036.0556093472787,2938.121381017826,2940.2705356159126
batch_013:547,3151.3720230168533,3036.0556093472787,2938.121381017826,2940.2705356159126
batch_013:548,3151.3720230168533,3036.0556093472787,2938.121381017826,2940.2705356159126
batch_013:549,13954.533945180116,13374.018788023668,12409.957276440535,11296.81450813436
batch_013:550,3151.3720230168533,3036.0556093472787,2938.121381017826,2940.2705356159126
batch_013:551,3151.3720230168533,3036.0556093472787,2938.121381017826,2940.2705356159126
batch_013:552,15003.943780945292,14181.541715643325,13242.702928461602,11921.51064695756
batch_013:553,3151.3720230168533,3036.0556093472787,2938.121381017826,2940.2705356159126
batch_013:554,4630.905132791914,4432.892662692882,4119.649698057454,3911.520664075839
batch_013:555,3151.3720230168533,3036.0556093472787,2938.121381017826,2940.2705356159126
batch_013:556,3151.3720230168533,3036.0556093472787,2938.121381017826,2940.2705356159126
batch_013:557,3151.3720230168533,3036.0556093472787,2938.121381017826,2940.2705356159126
batch_013:558,3151.3720230168533,3036.0556093472787,2938.121381017826,2940.2705356159126
batch_013:559,10242.000515480919,10039.93551326021,9808.896955382588,9476.970932453565
batch_013:560,10266.160577046303,10066.550201750848,9832.072519055613,9496.68869077362
batch_013:561,3151.3720230168533,3036.0556093472787,2938.121381017826,2940.2705356159126
batch_013:562,4602.837637453666,4407.557903564024,4100.943092595132,3901.537954525775
batch_013:563,10248.524739068103,10046.596487049152,9811.60046578686,9479.831789860054
batch_013:564,13970.517239487588,13391.296492938176,12433.882444985149,11316.440822046672
batch_013:565,3151.3720230168533,3036.0556093472787,2938.121381017826,2940.2705356159126
batch_013:566,7408.6277240112295,7229.954372614862,7056.95507289872,6782.2807028203
batch_013:567,3151.3720230168533,3036.0556093472787,2938.121381017826,2940.2705356159126
batch_013:568,3151.3720230168533,3036.0556093472787,2938.121381017826,2940.2705356159126
batch_013:569,13959.733614458488,13383.769554827148,12428.836859544273,11315.59583064805
batch_013:570,3151.3720230168533,3036.0556093472787,2938.121381017826,2940.2705356159126
batch_013:571,3151.3720230168533,3036.0556093472787,2938.121381017826,2940.2705356159126
batch_013:572,3151.3720230168533,3036.0556093472787,2938.121381017826,2940.2705356159126
batch_013:573,13974.298848926745,13395.082051319523,12439.655446001365,11325.66061067678
batch_013:574,3151.3720230168533,3036.0556093472787,2938.121381017826,2940.2705356159126
batch_013:575,3151.3720230168533,3036.0556093472787,2938.121381017826,2940.2705356159126
batch_013:576,3151.3720230168533,3036.0556093472787,2938.121381017826,2940.2705356159126
batch_013:577,3151.3720230168533,3036.0556093472787,2938.121381017826,2940.2705356159126
batch_013:578,4638.022288511945,4436.908058320689,4125.094360085585,3913.720019694597
batch_013:579,3151.3720230168533,3036.0556093472787,2938.121381017826,2940.2705356159126
batch_013:580,15019.92707550028,14194.058462843328,13252.030791416233,11929.957167736335
batch_013:581,7416.331437866274,7240.8421172312055,7071.075469143642,6796.98929581527
batch_013:582,10263.756926739183,10063.12620308691,9831.477666379142,9497.701841532842
batch_013:583,3151.3720230168533,3036.0556093472787,2938.121381017826,2940.2705356159126
batch_013:584,4611.239225252831,4415.079884931971,4109.225893777578,3904.958755734907
batch_013:585,3151.3720230168533,3036.0556093472787,2938.121381017826,2940.2705356159126
batch_013:586,3151.3720230168533,3036.0556093472787,2938.121381017826,2940.2705356159126
batch_013:587,14998.355770344431,14179.815442488165,13233.895576197925,11912.891574223038
batch_013:588,3151.3720230168533,3036.0556093472787,2938.121381017826,2940.2705356159126
batch_013:589,3151.3720230168533,3036.0556093472787,2938.121381017826,2940.2705356159126
batch_013:590,3151.3720230168533,3036.0556093472787,2938.121381017826,2940.2705356159126
batch_013:591,3151.3720230168533,3036.0556093472787,2938.121381017826,2940.2705356159126
batch_013:592,3151.3720230168533,3036.0556093472787,2938.121381017826,2940.2705356159126
batch_013:593,14985.822504495794,14169.383019193889,13228.23148928297,11906.53482076682
batch_013:594,7454.764110131021,7259.4634079866,7093.746166716157,6819.5625536496855
batch_013:595,10241.460360847213,10041.38307190833,9811.793294204226,9482.0330055468
batch_013:596,3151.3720230168533,3036.0556093472787,2938.121381017826,2940.2705356159126
batch_013:597,3151.3720230168533,3036.0556093472787,2938.121381017826,2940.2705356159126
batch_013:598,3151.3720230168533,3036.0556093472787,2938.121381017826,2940.2705356159126
batch_013:599,13949.35518149572,13366.250275079008,12400.96573022222,11288.613274089761
batch_013:600,3151.3720230168533,3036.0556093472787,2938.121381017826,2940.2705356159126
batch_013:601,14993.719679207343,14174.530019692193,13237.64834835751,11915.503471782407
batch_013:602,3151.3720230168533,3036.0556093472787,2938.121381017826,2940.2705356159126
batch_013:603,3151.3720230168533,3036.0556093472787,2938.121381017826,2940.2705356159126
batch_013:604,6338.127393561904,6137.609657520186,5764.596396999188,5342.289096853756
batch_013:605,3151.3720230168533,3036.0556093472787,2938.121381017826,2940.2705356159126
batch_013:606,7401.620090320362,7225.410363112712,7059.662460455626,6791.857246470508
batch_013:607,3151.3720230168533,3036.0556093472787,2938.121381017826,2940.2705356159126
batch_013:608,3151.3720230168533,3036.0556093472787,2938.121381017826,2940.2705356159126
batch_013:609,3151.3720230168533,3036.0556093472787,2938.121381017826,2940.2705356159126
batch_013:610,3151.3720230168533,3036.0556093472787,2938.121381017826,2940.2705356159126
batch_013:611,3151.3720230168533,3036.0556093472787,2938.121381017826,2940.2705356159126
batch_013:612,3151.3720230168533,3036.0556093472787,2938.121381017826,2940.2705356159126
batch_013:613,13976.964974499015,13397.199894489622,12440.620079107448,11325.775540379023
batch_013:614,4629.109138874286,4431.221831448713,4115.608037368439,3910.183552462428
batch_013:615,6348.794787993912,6152.544829605813,5773.632280407645,5349.461102625959
batch_013:616,3151.3720230168533,3036.0556093472787,2938.121381017826,2940.2705356159126
batch_013:617,13958.902822262133,13380.679586507533,12418.459582783682,11305.255821559578
batch_013:618,4606.813302752935,4412.984467475822,4103.105498286428,3898.6056455330313
batch_013:619,3151.3720230168533,3036.0556093472787,2938.121381017826,2940.2705356159126
batch_013:620,14990.516681505382,14174.070894456398,13230.591101909196,11909.76058871123
batch_013:621,6341.883478256529,6139.585611340518,5763.945309654367,5340.88500881033
batch_013:622,4614.647145583315,4419.819938390347,4110.29872791917,3903.2499274447855
batch_013:623,14995.308000075715,14176.9857490695,13237.94251728177,11917.937108819948
batch_013:624,6345.424313357137,6142.427214640473,5764.860453260428,5343.215132134796
batch_013:625,10241.69093547543,10043.594379000911,9816.004872270425,9484.429765274277
batch_013:626,4657.702763314717,4454.0799231567835,4146.940629307737,3932.7515013801317
batch_013:627,7439.098139702707,7261.487352428615,7099.205658018893,6832.909816793701
batch_013:628,14995.76777786625,14179.603975450524,13238.757801665675,11916.717693015235
batch_013:629,3151.3720230168533,3036.0556093472787,2938.121381017826,2940.2705356159126
batch_013:630,3151.3720230168533,3036.0556093472787,2938.121381017826,2940.2705356159126
batch_013:631,10247.441677851286,10048.745250333912,9816.514717971004,9485.462543661659
batch_013:632,7405.724065239292,7225.290405596296,7059.097723470545,6792.184478611107
batch_013:633,6330.647011626123,6126.489273861271,5752.966849545557,5334.4620538411855
batch_013:634,10249.812622061123,10048.574546830172,9815.1000839775,9483.237857973412
batch_013:635,7410.023929864064,7234.207756738271,7065.264266374102,6791.59956234926
batch_013:636,7408.6277240112295,7229.954372614862,7056.95507289872,6782.2807028203
batch_013:637,3151.3720230168533,3036.0556093472787,2938.121381017826,2940.2705356159126
batch_013:638,4629.079482565152,4430.057977309867,4115.514509097973,3907.7887273856345
batch_013:639,10245.960679753287,10041.873583899805,9807.097053174026,9478.393500163762
batch_013:640,3151.3720230168533,3036.0556093472787,2938.121381017826,2940.2705356159126
batch_013:641,3151.3720230168533,3036.0556093472787,2938.121381017826,2940.2705356159126
batch_013:642,13966.39810039107,13385.52338887785,12431.638202897822,11319.071049788487
batch_013:643,3151.3720230168533,3036.0556093472787,2938.121381017826,2940.2705356159126
batch_013:644,3151.3720230168533,3036.0556093472787,2938.121381017826,2940.2705356159126
batch_013:645,7445.848928470196,7261.308012209486,7096.676490289643,6825.125671135623
batch_013:646,10261.080073432195,10061.058397557099,9827.329990543889,9495.030726629655
batch_013:647,15007.674067865219,14185.192135762552,13246.1367647985,11926.98490763189
batch_013:648,3151.3720230168533,3036.0556093472787,2938.121381017826,2940.2705356159126
batch_013:649,3151.3720230168533,3036.0556093472787,2938.121381017826,2940.2705356159126
batch_013:650,3151.3720230168533,3036.0556093472787,2938.121381017826,2940.2705356159126
batch_013:651,3151.3720230168533,3036.0556093472787,2938.121381017826,2940.2705356159126
batch_013:652,3151.3720230168533,3036.0556093472787,2938.121381017826,2940.2705356159126
batch_013:653,3151.3720230168533,3036.0556093472787,2938.121381017826,2940.2705356159126
batch_013:654,3151.3720230168533,3036.0556093472787,2938.121381017826,2940.2705356159126
batch_013:655,3151.3720230168533,3036.0556093472787,2938.121381017826,2940.2705356159126
batch_013:656,6327.568670256756,6125.266940234342,5751.766021533679,5333.56601023298
batch_013:657,3151.3720230168533,3036.0556093472787,2938.121381017826,2940.2705356159126
batch_013:658,7404.623511839883,7226.314268180516,7061.675962931696,6796.18892441796
batch_013:659,3151.3720230168533,3036.0556093472787,2938.121381017826,2940.2705356159126
batch_013:660,14997.128232971447,14173.598721186292,13234.017675979372,11911.016675217552
batch_013:661,3151.3720230168533,3036.0556093472787,2938.121381017826,2940.2705356159126
batch_013:662,7407.900315926194,7232.267298179583,7067.496020014718,6796.77216660035
batch_013:663,3151.3720230168533,3036.0556093472787,2938.121381017826,2940.2705356159126
batch_013:664,3151.3720230168533,3036.0556093472787,2938.121381017826,2940.2705356159126
batch_013:665,4642.824122497265,4440.247666514262,4132.297929622354,3921.678990276418
batch_013:666,7448.5724045808665,7267.177149994595,7103.316771511917,6832.22738300923
batch_013:667,3151.3720230168533,3036.0556093472787,2938.121381017826,2940.2705356159126
batch_013:668,3151.3720230168533,3036.0556093472787,2938.121381017826,2940.2705356159126
batch_013:669,14996.63607052858,14174.345224782799,13236.15263244877,11913.332454496453
batch_013:670,3151.3720230168533,3036.0556093472787,2938.121381017826,2940.2705356159126
batch_013:671,3151.3720230168533,3036.0556093472787,2938.121381017826,2940.2705356159126
batch_013:672,3151.3720230168533,3036.0556093472787,2938.121381017826,2940.2705356159126
batch_013:673,3151.3720230168533,3036.0556093472787,2938.121381017826,2940.2705356159126
batch_013:674,7405.225163404755,7225.016104390306,7057.38915352315,6788.669868337852
batch_013:675,3151.3720230168533,3036.0556093472787,2938.121381017826,2940.2705356159126
batch_013:676,10262.167217052813,10060.054461569962,9823.142126252225,9488.75182986553
batch_013:677,3151.3720230168533,3036.0556093472787,2938.121381017826,2940.2705356159126
batch_013:678,3151.3720230168533,3036.0556093472787,2938.121381017826,2940.2705356159126
batch_013:679,4668.570961697163,4461.925750277229,4150.784154171527,3935.258209536363
batch_013:680,13955.679888031156,13374.759604720937,12415.142605473917,11302.380843161243
batch_013:681,10253.80124774833,10052.557051919244,9819.513466210576,9487.42069287488
batch_013:682,6354.989046574563,6159.221756788149,5779.624313750122,5355.471720649372
batch_013:683,7405.230081878433,7227.237671482766,7060.312577762073,6788.209748172688
batch_013:684,3151.3720230168533,3036.0556093472787,2938.121381017826,2940.2705356159126
batch_013:685,3151.3720230168533,3036.0556093472787,2938.121381017826,2940.2705356159126
batch_013:686,7411.1838345442175,7232.54424395306,7070.378633685234,6800.907592995047
batch_013:687,3151.3720230168533,3036.0556093472787,2938.121381017826,2940.2705356159126
batch_013:688,3151.3720230168533,3036.0556093472787,2938.121381017826,2940.2705356159126
batch_013:689,3151.3720230168533,3036.0556093472787,2938.121381017826,2940.2705356159126
batch_013:690,10260.606404833336,10060.568059953683,9825.044411281502,9489.079182816235
batch_013:691,3151.3720230168533,3036.0556093472787,2938.121381017826,2940.2705356159126
batch_013:692,3151.3720230168533,3036.0556093472787,2938.121381017826,2940.2705356159126
batch_013:693,7428.174631590835,7238.760612678663,7067.617136849274,6791.104168703552
batch_013:694,3151.3720230168533,3036.0556093472787,2938.121381017826,2940.2705356159126
batch_013:695,10251.557879219747,10050.803023545599,9814.108794002284,9481.527447337363
batch_013:696,3151.3720230168533,3036.0556093472787,2938.121381017826,2940.2705356159126
batch_013:697,3151.3720230168533,3036.0556093472787,2938.121381017826,2940.2705356159126
batch_013:698,3151.3720230168533,3036.0556093472787,2938.121381017826,2940.2705356159126
batch_013:699,3151.3720230168533,3036.0556093472787,2938.121381017826,2940.2705356159126
batch_013:700,7407.549526098566,7227.269357450746,7062.537779197459,6789.61659271307
batch_013:701,3151.3720230168533,3036.0556093472787,2938.121381017826,2940.2705356159126
batch_013:702,4628.133950078103,4434.66880736423,4122.149688408241,3910.7814178802823
batch_013:703,7416.726411333818,7235.198982853219,7071.183712129374,6802.339967842608
batch_013:704,7452.862178860694,7264.793208305741,7099.575464046949,6827.937956588373
batch_013:705,3151.3720230168533,3036.0556093472787,2938.121381017826,2940.2705356159126
batch_013:706,3151.3720230168533,3036.0556093472787,2938.121381017826,2940.2705356159126
batch_013:707,3151.3720230168533,3036.0556093472787,2938.121381017826,2940.2705356159126
batch_013:708,3151.3720230168533,3036.0556093472787,2938.121381017826,2940.2705356159126
batch_013:709,13968.768551710882,13387.000648194431,12430.656692630439,11314.855099904813
batch_013:710,3151.3720230168533,3036.0556093472787,2938.121381017826,2940.2705356159126
batch_013:711,3151.3720230168533,3036.0556093472787,2938.121381017826,2940.2705356159126
batch_013:712,3151.3720230168533,3036.0556093472787,2938.121381017826,2940.2705356159126
batch_013:713,3151.3720230168533,3036.0556093472787,2938.121381017826,2940.2705356159126
batch_013:714,3151.3720230168533,3036.0556093472787,2938.121381017826,2940.2705356159126
batch_013:715,3151.3720230168533,3036.0556093472787,2938.121381017826,2940.2705356159126
batch_013:716,3151.3720230168533,3036.0556093472787,2938.121381017826,2940.2705356159126
batch_013:717,14998.708582687308,14182.801667524125,13238.996026248251,11916.321115378998
batch_013:718,3151.3720230168533,3036.0556093472787,2938.121381017826,2940.2705356159126
batch_013:719,7407.023085447118,7226.58120179815,7057.675879499895,6789.533077192832
batch_013:720,6343.453137767791,6141.048554595083,5765.588915661818,5343.49169341446
batch_013:721,7432.229316289768,7246.778879102663,7075.539435053169,6801.271230513568
batch_013:722,3151.3720230168533,3036.0556093472787,2938.121381017826,2940.2705356159126
batch_013:723,3151.3720230168533,3036.0556093472787,2938.121381017826,2940.2705356159126
batch_013:724,3151.3720230168533,3036.0556093472787,2938.121381017826,2940.2705356159126
batch_013:725,13976.597061541215,13395.182364826214,12437.045139362239,11320.343905267255
batch_013:726,3151.3720230168533,3036.0556093472787,2938.121381017826,2940.2705356159126
batch_013:727,7397.024093931996,7217.2751499172155,7054.062127349499,6789.447858868162
batch_013:728,6342.070395170186,6143.607333943965,5772.5299095845185,5348.328518138058
batch_013:729,15001.62046182509,14181.485981397196,13235.388160756658,11915.208457622939
batch_013:730,10255.564257501195,10055.457950629901,9828.127566956466,9496.227556903656
batch_013:731,15006.320971230783,14183.046989151217,13242.267792900075,11921.479158306487
batch_013:732,3151.3720230168533,3036.0556093472787,2938.121381017826,2940.2705356159126
batch_013:733,13954.610994635863,13374.83084056102,12414.59671942391,11301.770517064126
batch_013:734,3151.3720230168533,3036.0556093472787,2938.121381017826,2940.2705356159126
batch_013:735,7417.443294517192,7237.009286872317,7072.64809018189,6799.609073367255
batch_013:736,3151.3720230168533,3036.0556093472787,2938.121381017826,2940.2705356159126
batch_013:737,7416.569061124066,7238.1492440808115,7067.908062740586,6795.083718548123
batch_013:738,3151.3720230168533,3036.0556093472787,2938.121381017826,2940.2705356159126
batch_013:739,10244.49203332745,10045.015800965024,9812.59467598039,9480.833874302372
batch_013:740,3151.3720230168533,3036.0556093472787,2938.121381017826,2940.2705356159126
batch_013:741,4641.803842407245,4443.723794592476,4128.390913458477,3918.2539270836146
batch_013:742,3151.3720230168533,3036.0556093472787,2938.121381017826,2940.2705356159126
batch_013:743,4650.547246856092,4442.897962134857,4129.002000301509,3919.578777688039
batch_013:744,14993.779285231352,14178.715564738817,13234.982006214006,11914.39365095638
batch_013:745,13955.589576779472,13377.500625079463,12414.944468164453,11303.033625256088
batch_013:746,3151.3720230168533,3036.0556093472787,2938.121381017826,2940.2705356159126
batch_013:747,3151.3720230168533,3036.0556093472787,2938.121381017826,2940.2705356159126
batch_013:748,3151.3720230168533,3036.0556093472787,2938.121381017826,2940.2705356159126
batch_013:749,3151.3720230168533,3036.0556093472787,2938.121381017826,2940.2705356159126
batch_013:750,3151.3720230168533,3036.0556093472787,2938.121381017826,2940.2705356159126
batch_013:751,3151.3720230168533,3036.0556093472787,2938.121381017826,2940.2705356159126
batch_013:752,3151.3720230168533,3036.0556093472787,2938.121381017826,2940.2705356159126
batch_013:753,3151.3720230168533,3036.0556093472787,2938.121381017826,2940.2705356159126
batch_013:754,7434.755734947557,7255.572501642418,7093.472979946495,6824.092560346548
batch_013:755,3151.3720230168533,3036.0556093472787,2938.121381017826,2940.2705356159126
batch_013:756,3151.3720230168533,3036.0556093472787,2938.121381017826,2940.2705356159126
batch_013:757,3151.3720230168533,3036.0556093472787,2938.121381017826,2940.2705356159126
batch_013:758,14998.46634545004,14176.912514907988,13234.377770097202,11913.825937226822
batch_013:759,13952.131811615036,13373.286470008574,12416.95672264574,11305.193126890967
batch_013:760,6340.624833023721,6139.906152197191,5765.310866257362,5340.600665495129
batch_013:761,7441.645485829971,7251.850072628816,7082.993436882511,6808.1939317623255
batch_013:762,3151.3720230168533,3036.0556093472787,2938.121381017826,2940.2705356159126
batch_013:763,3151.3720230168533,3036.0556093472787,2938.121381017826,2940.2705356159126
batch_013:764,3151.3720230168533,3036.0556093472787,2938.121381017826,2940.2705356159126
batch_013:765,4681.3919852817035,4480.894840702025,4164.412637407242,3940.3372625930447
batch_013:766,13970.495244632719,13389.098545151835,12428.923490052564,11314.84585522066
batch_013:767,3151.3720230168533,3036.0556093472787,2938.121381017826,2940.2705356159126
batch_013:768,14991.543871964386,14173.562210304388,13236.963353720319,11916.419583805155
batch_013:769,3151.3720230168533,3036.0556093472787,2938.121381017826,2940.2705356159126
batch_013:770,3151.3720230168533,3036.0556093472787,2938.121381017826,2940.2705356159126
batch_013:771,3151.3720230168533,3036.0556093472787,2938.121381017826,2940.2705356159126
batch_013:772,4653.51176865134,4444.681360029612,4134.618000264981,3923.4529702787963
batch_013:773,3151.3720230168533,3036.0556093472787,2938.121381017826,2940.2705356159126
batch_013:774,3151.3720230168533,3036.0556093472787,2938.121381017826,2940.2705356159126
batch_013:775,3151.3720230168533,3036.0556093472787,2938.121381017826,2940.2705356159126
batch_013:776,14992.322274208056,14172.306561401721,13232.903569809174,11910.289335156856
batch_013:777,7411.657326798654,7235.416180551975,7072.172104568704,6803.025228027215
batch_013:778,4625.132235114892,4428.138694632432,4121.586846173027,3912.032947728091
batch_013:779,3151.3720230168533,3036.0556093472787,2938.121381017826,2940.2705356159126
batch_013:780,6344.474434246033,6147.73738470738,5772.47742526419,5350.172242094745
batch_013:781,3151.3720230168533,3036.0556093472787,2938.121381017826,2940.2705356159126
batch_013:782,3151.3720230168533,3036.0556093472787,2938.121381017826,2940.2705356159126
batch_013:783,7432.20823394757,7246.51381274019,7081.376058284794,6812.48968219593
batch_013:784,13960.543427479579,13381.948745058478,12422.933414430057,11308.92034167068
batch_013:785,10239.967607415,10039.26531987032,9804.482477322847,9473.060731916914
batch_013:786,4645.010905736369,4441.090972292694,4127.8688146982195,3917.4907150520585
batch_013:787,3151.3720230168533,3036.0556093472787,2938.121381017826,2940.2705356159126
batch_013:788,7401.273093526796,7222.156941473846,7061.8049050774425,6796.599810955365
batch_013:789,10240.838605328041,10043.117777446501,9807.4600806369,9475.27696321603
batch_013:790,3151.3720230168533,3036.0556093472787,2938.121381017826,2940.2705356159126
batch_013:791,3151.3720230168533,3036.0556093472787,2938.121381017826,2940.2705356159126
batch_013:792,6343.505390190005,6145.520078362647,5770.290278917016,5348.945259584982
batch_013:793,10243.160343276451,10042.220018498982,9810.255972571664,9478.005915471063
batch_013:794,3151.3720230168533,3036.0556093472787,2938.121381017826,2940.2705356159126
batch_013:795,3151.3720230168533,3036.0556093472787,2938.121381017826,2940.2705356159126
batch_013:796,15001.688526032005,14181.114791219536,13243.396476134683,11920.180120752048
batch_013:797,10247.010700397033,10044.904013699175,9807.912775271485,9477.375906388756
batch_013:798,3151.3720230168533,3036.0556093472787,2938.121381017826,2940.2705356159126
batch_013:799,3151.3720230168533,3036.0556093472787,2938.121381017826,2940.2705356159126
batch_013:800,3151.3720230168533,3036.0556093472787,2938.121381017826,2940.2705356159126
batch_013:801,10249.687514347144,10049.87273334739,9819.36890475846,9487.61021506393
batch_013:802,3151.3720230168533,3036.0556093472787,2938.121381017826,2940.2705356159126
batch_013:803,3151.3720230168533,3036.0556093472787,2938.121381017826,2940.2705356159126
batch_013:804,3151.3720230168533,3036.0556093472787,2938.121381017826,2940.2705356159126
batch_013:805,3151.3720230168533,3036.0556093472787,2938.121381017826,2940.2705356159126
batch_013:806,3151.3720230168533,3036.0556093472787,2938.121381017826,2940.2705356159126
batch_013:807,3151.3720230168533,3036.0556093472787,2938.121381017826,2940.2705356159126
batch_013:808,15011.694530868655,14188.629601635868,13246.789944922943,11925.199964485804
batch_013:809,3151.3720230168533,3036.0556093472787,2938.121381017826,2940.2705356159126
batch_013:810,10248.13086858476,10048.788217177287,9811.34045505575,9479.340346250621
batch_013:811,6349.599350877132,6149.2151636646495,5775.148233830056,5351.142609670679
batch_013:812,3151.3720230168533,3036.0556093472787,2938.121381017826,2940.2705356159126
batch_013:813,3151.3720230168533,3036.0556093472787,2938.121381017826,2940.2705356159126
batch_013:814,3151.3720230168533,3036.0556093472787,2938.121381017826,2940.2705356159126
batch_013:815,4596.292651673373,4404.17607571907,4097.344929946401,3896.3456782183907
batch_013:816,10253.548044746889,10055.839929455244,9830.43745208603,9498.404178427605
batch_013:817,3151.3720230168533,3036.0556093472787,2938.121381017826,2940.2705356159126
batch_013:818,4613.913776330585,4416.819346366478,4109.171649319649,3905.3073570700667
batch_013:819,3151.3720230168533,3036.0556093472787,2938.121381017826,2940.2705356159126
batch_013:820,3151.3720230168533,3036.0556093472787,2938.121381017826,2940.2705356159126
batch_013:821,3151.3720230168533,3036.0556093472787,2938.121381017826,2940.2705356159126
batch_013:822,13968.425948479695,13386.101856113324,12424.731564411848,11311.763920030397
batch_013:823,4622.400607195378,4425.951742570856,4114.8527483448925,3907.683978467387
batch_013:824,13967.983911739899,13385.703156331103,12428.652701282674,11315.582721770392
batch_013:825,3151.3720230168533,3036.0556093472787,2938.121381017826,2940.2705356159126
batch_013:826,3151.3720230168533,3036.0556093472787,2938.121381017826,2940.2705356159126
batch_013:827,3151.3720230168533,3036.0556093472787,2938.121381017826,2940.2705356159126
batch_013:828,3151.3720230168533,3036.0556093472787,2938.121381017826,2940.2705356159126
batch_013:829,4670.516051999858,4470.441107056403,4155.339134608889,3936.417935213591
batch_013:830,3151.3720230168533,3036.0556093472787,2938.121381017826,2940.2705356159126
batch_013:831,3151.3720230168533,3036.0556093472787,2938.121381017826,2940.2705356159126
batch_013:832,3151.3720230168533,3036.0556093472787,2938.121381017826,2940.2705356159126
batch_013:833,3151.3720230168533,3036.0556093472787,2938.121381017826,2940.2705356159126
batch_013:834,10253.159503136098,10053.359313910607,9819.01332046979,9485.60022881899
batch_013:835,13953.658487700595,13374.69535212424,12418.4514359495,11306.767672790971
batch_013:836,10261.708965872327,10059.598868390198,9832.731319509854,9498.849923467897
batch_013:837,13960.012997133737,13382.096417984872,12426.854562202832,11311.44376823605
batch_013:838,10255.763043906858,10056.556506912837,9823.08901836443,9488.822273987713
batch_013:839,3151.3720230168533,3036.0556093472787,2938.121381017826,2940.2705356159126
batch_013:840,7426.766900359053,7239.624328404697,7072.902796235027,6805.261799071173
batch_013:841,3151.3720230168533,3036.0556093472787,2938.121381017826,2940.2705356159126
batch_013:842,3151.3720230168533,3036.0556093472787,2938.121381017826,2940.2705356159126
batch_013:843,3151.3720230168533,3036.0556093472787,2938.121381017826,2940.2705356159126
batch_013:844,3151.3720230168533,3036.0556093472787,2938.121381017826,2940.2705356159126
batch_013:845,10261.583654525122,10056.778196681706,9821.392911795216,9487.086118978063
batch_013:846,14994.589564742637,14173.189503696289,13237.47161032473,11917.325994021197
batch_013:847,3151.3720230168533,3036.0556093472787,2938.121381017826,2940.2705356159126
batch_013:848,7400.185275061068,7222.770737022236,7054.95320793121,6785.7570582338985
batch_013:849,6345.631816998119,6151.266026976652,5777.437556969973,5355.684089469224
batch_013:850,3151.3720230168533,3036.0556093472787,2938.121381017826,2940.2705356159126
batch_013:851,10259.877530164877,10062.879127291348,9834.53119200553,9499.351708124213
batch_013:852,4685.386310709528,4476.914620780751,4158.852969797895,3935.9638369410573
batch_013:853,10241.382296584054,10041.097180821034,9806.483464092022,9475.960814464426
batch_013:854,6331.623647561129,6133.249902149304,5760.623670928626,5340.208631114505
batch_013:855,7432.602073369442,7249.509743088341,7082.310071344997,6808.49125645373
batch_013:856,3151.3720230168533,3036.0556093472787,2938.121381017826,2940.2705356159126
batch_013:857,13963.55291790573,13381.025218459648,12420.991694321296,11307.98327953997
batch_013:858,3151.3720230168533,3036.0556093472787,2938.121381017826,2940.2705356159126
batch_013:859,3151.3720230168533,3036.0556093472787,2938.121381017826,2940.2705356159126
batch_013:860,3151.3720230168533,3036.0556093472787,2938.121381017826,2940.2705356159126
batch_013:861,15004.158760373906,14180.943165231094,13242.42849067489,11920.499699943499
batch_013:862,3151.3720230168533,3036.0556093472787,2938.121381017826,2940.2705356159126
batch_013:863,3151.3720230168533,3036.0556093472787,2938.121381017826,2940.2705356159126
batch_013:864,4643.071402606468,4441.893390938639,4149.858215246455,3933.8301859286303
batch_013:865,3151.3720230168533,3036.0556093472787,2938.121381017826,2940.2705356159126
batch_013:866,3151.3720230168533,3036.0556093472787,2938.121381017826,2940.2705356159126
batch_013:867,3151.3720230168533,3036.0556093472787,2938.121381017826,2940.2705356159126
batch_013:868,13957.345009263348,13376.972976047726,12418.088918771493,11303.86038756282
batch_013:869,3151.3720230168533,3036.0556093472787,2938.121381017826,2940.2705356159126
batch_013:870,6354.989046574563,6159.221756788149,5779.624313750122,5355.471720649372
batch_013:871,13967.359236307968,13385.722898850845,12424.070359069905,11311.605940789263
batch_013:872,3151.3720230168533,3036.0556093472787,2938.121381017826,2940.2705356159126
batch_013:873,7454.764110131021,7259.4634079866,7093.746166716157,6819.5625536496855
batch_013:874,7424.019315509003,7249.473848845741,7087.871236542711,6823.564441886084
batch_013:875,15022.493950169413,14195.8263517482,13258.63720426022,11934.224314159297
batch_013:876,4615.248813117896,4421.605998483739,4111.57346537506,3904.5252115166277
batch_013:877,13965.316896600545,13382.286998924272,12422.175021074225,11308.829804091209
batch_013:878,3151.3720230168533,3036.0556093472787,2938.121381017826,2940.2705356159126
batch_013:879,3151.3720230168533,3036.0556093472787,2938.121381017826,2940.2705356159126
batch_013:880,6339.799935612133,6137.897582004272,5760.068925019385,5340.647311791298
batch_013:881,3151.3720230168533,3036.0556093472787,2938.121381017826,2940.2705356159126
batch_013:882,7412.998599614153,7235.2505804226685,7064.052916114809,6792.735747360568
batch_013:883,3151.3720230168533,3036.0556093472787,2938.121381017826,2940.2705356159126
batch_013:884,3151.3720230168533,3036.0556093472787,2938.121381017826,2940.2705356159126
batch_013:885,3151.3720230168533,3036.0556093472787,2938.121381017826,2940.2705356159126
batch_013:886,3151.3720230168533,3036.0556093472787,2938.121381017826,2940.2705356159126
batch_013:887,13963.740069430416,13384.568265989521,12422.323941866842,11308.6854670577
batch_013:888,3151.3720230168533,3036.0556093472787,2938.121381017826,2940.2705356159126
batch_013:889,15002.439782917243,14177.175843637655,13232.40392273779,11911.98325876797
batch_013:890,10248.411644856325,10052.287923885562,9823.379364464063,9488.44042818735
batch_013:891,3151.3720230168533,3036.0556093472787,2938.121381017826,2940.2705356159126
batch_013:892,3151.3720230168533,3036.0556093472787,2938.121381017826,2940.2705356159126
batch_013:893,6344.408506884116,6149.975072091994,5776.187533983215,5353.562913171611
batch_013:894,10248.524739068103,10046.596487049152,9811.60046578686,9479.831789860054
batch_013:895,13966.802914096901,13388.120247627154,12428.941023105006,11313.60609989094
batch_013:896,10246.928958368266,10045.673856049236,9811.235906749027,9478.795212883086
batch_013:897,3151.3720230168533,3036.0556093472787,2938.121381017826,2940.2705356159126
batch_013:898,3151.3720230168533,3036.0556093472787,2938.121381017826,2940.2705356159126
batch_013:899,15000.672982780648,14183.33951767673,13239.547303572992,11917.518921733794
batch_013:900,3151.3720230168533,3036.0556093472787,2938.121381017826,2940.2705356159126
batch_013:901,7418.943956099021,7241.40321491896,7073.904207169231,6801.965531060963
batch_013:902,10256.51827216562,10057.092157864528,9824.604089008863,9490.502087476634
batch_013:903,3151.3720230168533,3036.0556093472787,2938.121381017826,2940.2705356159126
batch_013:904,10246.928958368266,10045.673856049236,9811.235906749027,9478.795212883086
batch_013:905,3151.3720230168533,3036.0556093472787,2938.121381017826,2940.2705356159126
batch_013:906,3151.3720230168533,3036.0556093472787,2938.121381017826,2940.2705356159126
batch_013:907,3151.3720230168533,3036.0556093472787,2938.121381017826,2940.2705356159126
batch_013:908,13968.425948479695,13386.101856113324,12424.731564411848,11311.763920030397
batch_013:909,4626.521005634564,4432.5694016907555,4125.879987568675,3919.0929177801468
batch_013:910,15008.241932043637,14188.703431050371,13241.44755009226,11921.366085875072
batch_013:911,3151.3720230168533,3036.0556093472787,2938.121381017826,2940.2705356159126
batch_013:912,4645.598761532247,4443.794891705009,4138.453633042206,3928.3302418487133
batch_013:913,3151.3720230168533,3036.0556093472787,2938.121381017826,2940.2705356159126
batch_013:914,10248.575051316233,10048.427797465692,9816.751783668533,9485.073742352792
batch_013:915,3151.3720230168533,3036.0556093472787,2938.121381017826,2940.2705356159126
batch_013:916,3151.3720230168533,3036.0556093472787,2938.121381017826,2940.2705356159126
batch_013:917,3151.3720230168533,3036.0556093472787,2938.121381017826,2940.2705356159126
batch_013:918,10247.441677851286,10048.745250333912,9816.514717971004,9485.462543661659
batch_013:919,6353.267089969278,6152.726835300593,5776.809493364255,5352.478420487242
batch_013:920,10250.237739884793,10050.130962014102,9815.8776936373,9483.773472472505
batch_013:921,7445.766187171766,7257.857058357548,7092.4194605054145,6820.815648048989
batch_013:922,4607.787249908764,4415.775218579804,4109.21736810779,3906.363963995741
batch_013:923,3151.3720230168533,3036.0556093472787,2938.121381017826,2940.2705356159126
batch_013:924,3151.3720230168533,3036.0556093472787,2938.121381017826,2940.2705356159126
batch_013:925,13969.35004224256,13390.030144620327,12422.018232244733,11307.122285798705
batch_013:926,3151.3720230168533,3036.0556093472787,2938.121381017826,2940.2705356159126
batch_013:927,3151.3720230168533,3036.0556093472787,2938.121381017826,2940.2705356159126
batch_013:928,3151.3720230168533,3036.0556093472787,2938.121381017826,2940.2705356159126
batch_013:929,3151.3720230168533,3036.0556093472787,2938.121381017826,2940.2705356159126
batch_013:930,14986.727377298577,14173.080585675301,13227.842114585339,11908.094483986768
batch_013:931,3151.3720230168533,3036.0556093472787,2938.121381017826,2940.2705356159126
batch_013:932,3151.3720230168533,3036.0556093472787,2938.121381017826,2940.2705356159126
batch_013:933,3151.3720230168533,3036.0556093472787,2938.121381017826,2940.2705356159126
batch_013:934,3151.3720230168533,3036.0556093472787,2938.121381017826,2940.2705356159126
batch_013:935,3151.3720230168533,3036.0556093472787,2938.121381017826,2940.2705356159126
batch_013:936,4644.093953209125,4437.471381710996,4128.461825998289,3919.8855474465827
batch_013:937,10246.622364419623,10047.733257201678,9815.34742679916,9482.354506069683
batch_013:938,4621.310869261841,4422.952921442276,4113.990605416114,3909.896720502082
batch_013:939,3151.3720230168533,3036.0556093472787,2938.121381017826,2940.2705356159126
batch_013:940,3151.3720230168533,3036.0556093472787,2938.121381017826,2940.2705356159126
batch_013:941,6347.746923608203,6154.437956170098,5779.502408044391,5357.123929193258
batch_013:942,10251.444704650065,10047.908957473082,9809.962858534189,9478.4634286978
batch_013:943,3151.3720230168533,3036.0556093472787,2938.121381017826,2940.2705356159126
batch_013:944,3151.3720230168533,3036.0556093472787,2938.121381017826,2940.2705356159126
batch_013:945,10249.687514347144,10049.87273334739,9819.36890475846,9487.61021506393
batch_013:946,3151.3720230168533,3036.0556093472787,2938.121381017826,2940.2705356159126
batch_013:947,13963.838613359147,13376.214099417724,12414.867169080568,11298.340949349309
batch_013:948,7413.887320514313,7235.695775226325,7070.5968652389465,6801.65178781508
batch_013:949,3151.3720230168533,3036.0556093472787,2938.121381017826,2940.2705356159126
batch_013:950,3151.3720230168533,3036.0556093472787,2938.121381017826,2940.2705356159126
batch_013:951,3151.3720230168533,3036.0556093472787,2938.121381017826,2940.2705356159126
batch_013:952,3151.3720230168533,3036.0556093472787,2938.121381017826,2940.2705356159126
batch_013:953,3151.3720230168533,3036.0556093472787,2938.121381017826,2940.2705356159126
batch_013:954,14991.028930527593,14172.98269243717,13231.967880108394,11912.365599123259
batch_013:955,10247.498045404007,10047.486535743865,9815.731361195163,9484.984620393974
batch_013:956,3151.3720230168533,3036.0556093472787,2938.121381017826,2940.2705356159126
batch_013:957,7422.257351038837,7242.320015633966,7074.912757338114,6804.794037349259
batch_013:958,10237.498522358048,10038.45711517789,9806.099048195894,9477.350098208932
batch_013:959,3151.3720230168533,3036.0556093472787,2938.121381017826,2940.2705356159126
batch_013:960,3151.3720230168533,3036.0556093472787,2938.121381017826,2940.2705356159126
batch_013:961,3151.3720230168533,3036.0556093472787,2938.121381017826,2940.2705356159126
batch_013:962,3151.3720230168533,3036.0556093472787,2938.121381017826,2940.2705356159126
batch_013:963,7417.898931135351,7241.3987706937505,7083.539254221616,6821.135079928351
batch_013:964,4640.027701039465,4442.625457959288,4134.126663091903,3923.1281001054745
batch_013:965,3151.3720230168533,3036.0556093472787,2938.121381017826,2940.2705356159126
batch_013:966,3151.3720230168533,3036.0556093472787,2938.121381017826,2940.2705356159126
batch_013:967,3151.3720230168533,3036.0556093472787,2938.121381017826,2940.2705356159126
batch_013:968,3151.3720230168533,3036.0556093472787,2938.121381017826,2940.2705356159126
batch_013:969,7423.361366754976,7240.878887441935,7079.412633456172,6806.198405924619
batch_013:970,7399.832020449748,7219.376984651441,7057.948768995095,6791.881838660136
batch_013:971,10249.205753230013,10049.226418421915,9816.64811426834,9485.94466957295
batch_013:972,6333.439119997498,6131.429954916178,5759.617415170184,5336.810353341372
batch_013:973,3151.3720230168533,3036.0556093472787,2938.121381017826,2940.2705356159126
batch_013:974,3151.3720230168533,3036.0556093472787,2938.121381017826,2940.2705356159126
batch_013:975,3151.3720230168533,3036.0556093472787,2938.121381017826,2940.2705356159126
batch_013:976,3151.3720230168533,3036.0556093472787,2938.121381017826,2940.2705356159126
batch_013:977,4648.134082615747,4447.5178414975835,4138.655372642264,3928.4200962760556
batch_013:978,3151.3720230168533,3036.0556093472787,2938.121381017826,2940.2705356159126
batch_013:979,3151.3720230168533,3036.0556093472787,2938.121381017826,2940.2705356159126
batch_013:980,6331.284887656226,6130.082069705814,5754.5956710948085,5333.074146172244
batch_013:981,6340.443812528426,6143.127765535262,5769.688477829826,5347.208454023164
batch_013:982,3151.3720230168533,3036.0556093472787,2938.121381017826,2940.2705356159126
batch_013:983,14990.999178323584,14174.824675290793,13233.123281134449,11913.196017037257
batch_013:984,7415.333260970485,7233.560737158226,7067.077024268687,6799.336439183337
batch_013:985,3151.3720230168533,3036.0556093472787,2938.121381017826,2940.2705356159126
batch_013:986,14988.380414066993,14170.26136480637,13232.169263324522,11909.771130589977
batch_013:987,6351.428974244307,6146.956215950386,5769.810636659513,5346.5957822641585
batch_013:988,14993.03450545167,14173.686121366167,13231.71309467868,11910.008432137622
batch_013:989,14997.086942356633,14173.37658630463,13238.224051835783,11917.83640386278
batch_013:990,15012.334563691893,14186.690170665326,13248.827051651362,11926.273931879086
batch_013:991,3151.3720230168533,3036.0556093472787,2938.121381017826,2940.2705356159126
batch_013:992,3151.3720230168533,3036.0556093472787,2938.121381017826,2940.2705356159126
batch_013:993,7436.240501257141,7250.33500987389,7084.739468741396,6813.789342565097
batch_013:994,3151.3720230168533,3036.0556093472787,2938.121381017826,2940.2705356159126
batch_013:995,7418.060700280363,7240.572677910136,7071.230942293796,6798.972629160694
batch_013:996,4603.978392817241,4414.295576399436,4106.779730368344,3901.9081064669053
batch_013:997,14996.304536083866,14181.253963108815,13237.09480871971,11916.818416862778
batch_013:998,4641.799986065434,4446.500106429082,4138.340887882615,3924.0733688043288
batch_013:999,3151.3720230168533,3036.0556093472787,2938.121381017826,2940.2705356159126
batch_013:1000,10263.756926739183,10063.12620308691,9831.477666379142,9497.701841532842
batch_014:1,3151.3720230168533,3036.0556093472787,2938.121381017826,2940.2705356159126
batch_014:2,7403.921924461071,7227.4432213213,7057.989010864392,6785.170843109133
batch_014:3,4609.5463337146375,4412.703989992549,4102.726465317437,3898.1963430041073
batch_014:4,3151.3720230168533,3036.0556093472787,2938.121381017826,2940.2705356159126
batch_014:5,13965.170114405271,13383.85390315816,12416.04046392865,11302.798393302062
batch_014:6,6336.638441767618,6136.790057908595,5759.347157245089,5337.578559098418
batch_014:7,13958.137704768007,13379.772629454888,12418.248762727062,11305.168995752338
batch_014:8,7397.024093931996,7217.2751499172155,7054.062127349499,6789.447858868162
batch_014:9,15014.131998786746,14186.70810016381,13248.651699240601,11925.857471526804
batch_014:10,10252.13188080892,10052.83515311507,9823.232106744805,9491.011743091878
batch_014:11,3151.3720230168533,3036.0556093472787,2938.121381017826,2940.2705356159126
batch_014:12,3151.3720230168533,3036.0556093472787,2938.121381017826,2940.2705356159126
batch_014:13,15000.466772829664,14180.62491222937,13241.554529362002,11918.780633645265
batch_014:14,3151.3720230168533,3036.0556093472787,2938.121381017826,2940.2705356159126
batch_014:15,7460.016833099793,7271.363766761391,7104.454646659852,6827.878601244782
batch_014:16,4622.400607195378,4425.951742570856,4114.8527483448925,3907.683978467387
batch_014:17,3151.3720230168533,3036.0556093472787,2938.121381017826,2940.2705356159126
batch_014:18,6346.096820565748,6149.085219949158,5772.69119751125,5349.795104535458
batch_014:19,3151.3720230168533,3036.0556093472787,2938.121381017826,2940.2705356159126
batch_014:20,14997.817098280442,14178.16948927409,13236.85953129721,11917.043049564887
batch_014:21,10247.033287664779,10041.856952958115,9804.538080192893,9471.312033500599
batch_014:22,7419.004015290176,7239.4379838095665,7071.87866223569,6802.370472185882
batch_014:23,4632.981149362336,4440.595698760639,4134.021412867723,3921.657532855538
batch_014:24,7435.004630176695,7249.285398977365,7087.45451660704,6815.913453191203
batch_014:25,10265.138370552431,10061.719345293111,9822.662996854086,9488.92018481389
batch_014:26,4604.677833758356,4411.153694479787,4106.162999332591,3900.57510398226
batch_014:27,14984.43134968929,14172.763803025358,13226.993897834825,11910.917682633319
batch_014:28,3151.3720230168533,3036.0556093472787,2938.121381017826,2940.2705356159126
batch_014:29,3151.3720230168533,3036.0556093472787,2938.121381017826,2940.2705356159126
batch_014:30,15006.316051467647,14182.236225213634,13242.232939495983,11919.707707035832
batch_014:31,10251.305994859658,10051.541432141415,9818.060986501092,9484.640537978292
batch_014:32,7402.525105013907,7223.992668019035,7058.770578596069,6792.371659682513
batch_014:33,3151.3720230168533,3036.0556093472787,2938.121381017826,2940.2705356159126
batch_014:34,10251.557879219747,10050.803023545599,9814.108794002284,9481.527447337363
batch_014:35,3151.3720230168533,3036.0556093472787,2938.121381017826,2940.2705356159126
batch_014:36,4632.444364273444,4439.592137600572,4130.571868599693,3919.0642155599226
batch_014:37,3151.3720230168533,3036.0556093472787,2938.121381017826,2940.2705356159126
batch_014:38,14997.562644108079,14178.990049407515,13234.757316925294,11915.337216939097
batch_014:39,3151.3720230168533,3036.0556093472787,2938.121381017826,2940.2705356159126
batch_014:40,15002.288598598292,14182.569246674691,13241.214352288383,11920.044766305968
batch_014:41,3151.3720230168533,3036.0556093472787,2938.121381017826,2940.2705356159126
batch_014:42,13960.012997133737,13382.096417984872,12426.854562202832,11311.44376823605
batch_014:43,3151.3720230168533,3036.0556093472787,2938.121381017826,2940.2705356159126
batch_014:44,3151.3720230168533,3036.0556093472787,2938.121381017826,2940.2705356159126
batch_014:45,3151.3720230168533,3036.0556093472787,2938.121381017826,2940.2705356159126
batch_014:46,7410.604476809171,7239.808631652575,7082.5084583859625,6821.1490630093385
batch_014:47,15003.758006665088,14181.297895620548,13242.644892509623,11921.337632760846
batch_014:48,3151.3720230168533,3036.0556093472787,2938.121381017826,2940.2705356159126
batch_014:49,3151.3720230168533,3036.0556093472787,2938.121381017826,2940.2705356159126
batch_014:50,15013.246544561485,14187.348316094456,13247.848547108846,11926.272967229772
batch_014:51,6336.669770700995,6136.029609616397,5762.139623433686,5342.105023742265
batch_014:52,15019.92707550028,14194.058462843328,13252.030791416233,11929.957167736335
batch_014:53,3151.3720230168533,3036.0556093472787,2938.121381017826,2940.2705356159126
batch_014:54,3151.3720230168533,3036.0556093472787,2938.121381017826,2940.2705356159126
batch_014:55,3151.3720230168533,3036.0556093472787,2938.121381017826,2940.2705356159126
batch_014:56,3151.3720230168533,3036.0556093472787,2938.121381017826,2940.2705356159126
batch_014:57,4689.711327850824,4479.9952951634805,4161.39453116477,3940.3846603857746
batch_014:58,3151.3720230168533,3036.0556093472787,2938.121381017826,2940.2705356159126
batch_014:59,7405.891761821543,7227.357932708485,7065.375465171515,6798.241181874
batch_014:60,3151.3720230168533,3036.0556093472787,2938.121381017826,2940.2705356159126
batch_014:61,3151.3720230168533,3036.0556093472787,2938.121381017826,2940.2705356159126
batch_014:62,3151.3720230168533,3036.0556093472787,2938.121381017826,2940.2705356159126
batch_014:63,3151.3720230168533,3036.0556093472787,2938.121381017826,2940.2705356159126
batch_014:64,7407.3221527150345,7225.4096296623065,7059.411720436615,6795.698414311844
batch_014:65,13958.802413068443,13380.026729904479,12422.004487343307,11310.276636345205
batch_014:66,3151.3720230168533,3036.0556093472787,2938.121381017826,2940.2705356159126
batch_014:67,7445.766187171766,7257.857058357548,7092.4194605054145,6820.815648048989
batch_014:68,3151.3720230168533,3036.0556093472787,2938.121381017826,2940.2705356159126
batch_014:69,3151.3720230168533,3036.0556093472787,2938.121381017826,2940.2705356159126
batch_014:70,7407.023085447118,7226.651151036765,7058.1306711636535,6790.082451085768
batch_014:71,3151.3720230168533,3036.0556093472787,2938.121381017826,2940.2705356159126
batch_014:72,4639.612888638353,4436.151895441675,4127.98019766713,3919.1821052215264
batch_014:73,15008.221122292885,14184.566955890808,13248.40754767409,11926.228670616983
batch_014:74,10247.033287664779,10041.856952958115,9804.538080192893,9471.312033500599
batch_014:75,15002.327447799926,14182.459449115235,13241.457593803972,11919.713506700475
batch_014:76,3151.3720230168533,3036.0556093472787,2938.121381017826,2940.2705356159126
batch_014:77,10263.159404890554,10064.123190041004,9834.119814299092,9498.163418226797
batch_014:78,3151.3720230168533,3036.0556093472787,2938.121381017826,2940.2705356159126
batch_014:79,13967.749340106533,13386.892919957783,12433.686701096976,11319.266331423154
batch_014:80,7450.149976575517,7256.85538460182,7091.778311719418,6820.205643031869
batch_014:81,15017.287707465706,14196.259253331116,13253.327780259708,11930.637608325562
batch_014:82,3151.3720230168533,3036.0556093472787,2938.121381017826,2940.2705356159126
batch_014:83,15011.327222680635,14188.402044836324,13251.630567163505,11927.305223855665
batch_014:84,3151.3720230168533,3036.0556093472787,2938.121381017826,2940.2705356159126
batch_014:85,3151.3720230168533,3036.0556093472787,2938.121381017826,2940.2705356159126
batch_014:86,3151.3720230168533,3036.0556093472787,2938.121381017826,2940.2705356159126
batch_014:87,3151.3720230168533,3036.0556093472787,2938.121381017826,2940.2705356159126
batch_014:88,13965.92345160372,13385.178461453006,12421.559241320025,11308.328726014472
batch_014:89,14987.61331065682,14169.021752287881,13231.266097191896,11909.644296479886
batch_014:90,3151.3720230168533,3036.0556093472787,2938.121381017826,2940.2705356159126
batch_014:91,6343.856149984072,6151.286392191126,5773.802109963943,5353.869040975393
batch_014:92,3151.3720230168533,3036.0556093472787,2938.121381017826,2940.2705356159126
batch_014:93,15002.696059342927,14181.778732785613,13241.895889519206,11919.440231370321
batch_014:94,3151.3720230168533,3036.0556093472787,2938.121381017826,2940.2705356159126
batch_014:95,3151.3720230168533,3036.0556093472787,2938.121381017826,2940.2705356159126
batch_014:96,15001.936101143758,14180.834965835485,13243.094310637844,11920.937522375862
batch_014:97,6350.076534742067,6152.98278262116,5777.00831101349,5355.449550854355
batch_014:98,7414.582008635898,7234.980854381274,7071.158235831376,6799.419639808921
batch_014:99,14994.050741152178,14176.013283892793,13235.71428838249,11915.781151048026
batch_014:100,3151.3720230168533,3036.0556093472787,2938.121381017826,2940.2705356159126
batch_014:101,6334.847658161504,6142.018982857115,5767.728623466675,5348.718472245511
batch_014:102,6345.010604971419,6144.035975195973,5768.060018068779,5347.444679684844
batch_014:103,3151.3720230168533,3036.0556093472787,2938.121381017826,2940.2705356159126
batch_014:104,3151.3720230168533,3036.0556093472787,2938.121381017826,2940.2705356159126
batch_014:105,15011.20509565139,14190.12978714234,13242.535973716242,11920.760871284587
batch_014:106,3151.3720230168533,3036.0556093472787,2938.121381017826,2940.2705356159126
batch_014:107,3151.3720230168533,3036.0556093472787,2938.121381017826,2940.2705356159126
batch_014:108,14995.366408854663,14174.26784276868,13235.150717423194,11913.280314181575
batch_014:109,14996.256737635158,14176.36811798094,13236.90870758185,11915.32467356714
batch_014:110,4669.342414634276,4461.164248249062,4150.631871597687,3933.8081307478387
batch_014:111,3151.3720230168533,3036.0556093472787,2938.121381017826,2940.2705356159126
batch_014:112,10260.442975431084,10061.318623312376,9824.011943657519,9490.550862932352
batch_014:113,3151.3720230168533,3036.0556093472787,2938.121381017826,2940.2705356159126
batch_014:114,13968.811354168121,13390.342856982514,12435.275990776072,11320.361652698482
batch_014:115,3151.3720230168533,3036.0556093472787,2938.121381017826,2940.2705356159126
batch_014:116,10239.952227307283,10040.54385475789,9808.31533341828,9480.402521852811
batch_014:117,13968.674327990297,13387.923760601188,12431.790149453867,11317.913036394997
batch_014:118,3151.3720230168533,3036.0556093472787,2938.121381017826,2940.2705356159126
batch_014:119,3151.3720230168533,3036.0556093472787,2938.121381017826,2940.2705356159126
batch_014:120,3151.3720230168533,3036.0556093472787,2938.121381017826,2940.2705356159126
batch_014:121,3151.3720230168533,3036.0556093472787,2938.121381017826,2940.2705356159126
batch_014:122,6340.9717994854,6141.308592410015,5765.716471863544,5341.690690987298
batch_014:123,3151.3720230168533,3036.0556093472787,2938.121381017826,2940.2705356159126
batch_014:124,3151.3720230168533,3036.0556093472787,2938.121381017826,2940.2705356159126
batch_014:125,13958.802413068443,13380.026729904479,12422.004487343307,11310.276636345205
batch_014:126,3151.3720230168533,3036.0556093472787,2938.121381017826,2940.2705356159126
batch_014:127,3151.3720230168533,3036.0556093472787,2938.121381017826,2940.2705356159126
batch_014:128,4638.022288511945,4436.908058320689,4125.094360085585,3913.720019694597
batch_014:129,6337.577240386692,6136.554922659287,5760.887938135565,5340.879521812677
batch_014:130,13961.963382352606,13380.086348466795,12421.434958747934,11307.741794239695
batch_014:131,3151.3720230168533,3036.0556093472787,2938.121381017826,2940.2705356159126
batch_014:132,6333.186726220938,6131.474913110449,5760.040182805952,5339.236774067634
batch_014:133,3151.3720230168533,3036.0556093472787,2938.121381017826,2940.2705356159126
batch_014:134,3151.3720230168533,3036.0556093472787,2938.121381017826,2940.2705356159126
batch_014:135,6332.248744430373,6131.058595842036,5758.108637465744,5336.284992880887
batch_014:136,3151.3720230168533,3036.0556093472787,2938.121381017826,2940.2705356159126
batch_014:137,3151.3720230168533,3036.0556093472787,2938.121381017826,2940.2705356159126
batch_014:138,14999.393811798529,14180.44589206011,13239.987065715006,11919.34132773288
batch_014:139,6357.6711959003815,6157.413851425082,5780.949329877824,5357.178648626167
batch_014:140,3151.3720230168533,3036.0556093472787,2938.121381017826,2940.2705356159126
batch_014:141,3151.3720230168533,3036.0556093472787,2938.121381017826,2940.2705356159126
batch_014:142,7419.2686214844525,7235.170893467737,7072.584457102963,6810.95813129481
batch_014:143,4611.222921696757,4418.330148683409,4114.005503891967,3910.6564374876666
batch_014:144,3151.3720230168533,3036.0556093472787,2938.121381017826,2940.2705356159126
batch_014:145,3151.3720230168533,3036.0556093472787,2938.121381017826,2940.2705356159126
batch_014:146,3151.3720230168533,3036.0556093472787,2938.121381017826,2940.2705356159126
batch_014:147,3151.3720230168533,3036.0556093472787,2938.121381017826,2940.2705356159126
batch_014:148,15006.604879088442,14182.023700968342,13243.270414509503,11921.29195107659
batch_014:149,3151.3720230168533,3036.0556093472787,2938.121381017826,2940.2705356159126
batch_014:150,3151.3720230168533,3036.0556093472787,2938.121381017826,2940.2705356159126
batch_014:151,6346.332337623533,6147.34042178446,5772.690096487561,5349.80457152246
batch_014:152,3151.3720230168533,3036.0556093472787,2938.121381017826,2940.2705356159126
batch_014:153,3151.3720230168533,3036.0556093472787,2938.121381017826,2940.2705356159126
batch_014:154,3151.3720230168533,3036.0556093472787,2938.121381017826,2940.2705356159126
batch_014:155,3151.3720230168533,3036.0556093472787,2938.121381017826,2940.2705356159126
batch_014:156,7417.749743867277,7236.222158036176,7071.446834879485,6800.587303284192
batch_014:157,3151.3720230168533,3036.0556093472787,2938.121381017826,2940.2705356159126
batch_014:158,15004.650796506823,14185.417407769377,13240.11318496528,11919.605310138513
batch_014:159,6341.846567283481,6143.148115563443,5766.338092870183,5344.979131742025
batch_014:160,3151.3720230168533,3036.0556093472787,2938.121381017826,2940.2705356159126
batch_014:161,3151.3720230168533,3036.0556093472787,2938.121381017826,2940.2705356159126
batch_014:162,3151.3720230168533,3036.0556093472787,2938.121381017826,2940.2705356159126
batch_014:163,3151.3720230168533,3036.0556093472787,2938.121381017826,2940.2705356159126
batch_014:164,6347.734417451658,6146.088377186684,5767.9239055333455,5343.23200408091
batch_014:165,4668.612767316766,4457.4766299296825,4143.162064143944,3929.254398239359
batch_014:166,3151.3720230168533,3036.0556093472787,2938.121381017826,2940.2705356159126
batch_014:167,13957.02680212745,13374.318820928434,12416.781103848061,11304.166075226942
batch_014:168,3151.3720230168533,3036.0556093472787,2938.121381017826,2940.2705356159126
batch_014:169,3151.3720230168533,3036.0556093472787,2938.121381017826,2940.2705356159126
batch_014:170,13966.706609086841,13386.2918184247,12422.833353536005,11307.171810951042
batch_014:171,6341.069750373064,6144.785623883285,5767.3711960358305,5345.217186960458
batch_014:172,3151.3720230168533,3036.0556093472787,2938.121381017826,2940.2705356159126
batch_014:173,7417.452295562835,7238.024236001626,7073.976042314602,6801.814217875648
batch_014:174,15006.35187094932,14183.34033765155,13239.16870166106,11918.128867314119
batch_014:175,3151.3720230168533,3036.0556093472787,2938.121381017826,2940.2705356159126
batch_014:176,4643.607627069282,4451.131268868631,4141.746490728131,3929.065791494329
batch_014:177,3151.3720230168533,3036.0556093472787,2938.121381017826,2940.2705356159126
batch_014:178,3151.3720230168533,3036.0556093472787,2938.121381017826,2940.2705356159126
batch_014:179,13959.61140494912,13380.506726011792,12421.273062330984,11308.101240880536
batch_014:180,3151.3720230168533,3036.0556093472787,2938.121381017826,2940.2705356159126
batch_014:181,3151.3720230168533,3036.0556093472787,2938.121381017826,2940.2705356159126
batch_014:182,3151.3720230168533,3036.0556093472787,2938.121381017826,2940.2705356159126
batch_014:183,3151.3720230168533,3036.0556093472787,2938.121381017826,2940.2705356159126
batch_014:184,15006.08423612762,14177.842047237837,13239.436650048172,11917.543492830831
batch_014:185,10250.962271658504,10050.771878154652,9820.448461639518,9488.430411418514
batch_014:186,3151.3720230168533,3036.0556093472787,2938.121381017826,2940.2705356159126
batch_014:187,13958.13700135182,13377.868729949989,12423.68800852907,11310.64619433149
batch_014:188,4696.724811134149,4488.153748340374,4175.0196920032895,3953.7610265375524
batch_014:189,10240.289998234153,10046.051866519863,9823.161954296877,9493.74874314685
batch_014:190,4596.668248118257,4403.000760994985,4098.166417625529,3898.5286623347893
batch_014:191,3151.3720230168533,3036.0556093472787,2938.121381017826,2940.2705356159126
batch_014:192,3151.3720230168533,3036.0556093472787,2938.121381017826,2940.2705356159126
batch_014:193,3151.3720230168533,3036.0556093472787,2938.121381017826,2940.2705356159126
batch_014:194,15004.650796506823,14185.417407769377,13240.11318496528,11919.605310138513
batch_014:195,3151.3720230168533,3036.0556093472787,2938.121381017826,2940.2705356159126
batch_014:196,3151.3720230168533,3036.0556093472787,2938.121381017826,2940.2705356159126
batch_014:197,3151.3720230168533,3036.0556093472787,2938.121381017826,2940.2705356159126
batch_014:198,3151.3720230168533,3036.0556093472787,2938.121381017826,2940.2705356159126
batch_014:199,13963.646360316356,13384.73046163151,12426.753142167454,11313.232852863588
batch_014:200,3151.3720230168533,3036.0556093472787,2938.121381017826,2940.2705356159126
batch_014:201,4625.438231520725,4428.930082575821,4116.124240973914,3908.702699338033
batch_014:202,3151.3720230168533,3036.0556093472787,2938.121381017826,2940.2705356159126
batch_014:203,4658.366129052931,4453.1396475648135,4141.768750936431,3926.8301478052344
batch_014:204,10249.865766678953,10048.06308777688,9814.85979465124,9482.507448954411
batch_014:205,15008.221122292885,14184.566955890808,13248.40754767409,11926.228670616983
batch_014:206,6342.905998884415,6144.258348365639,5771.254675909577,5348.515225899471
batch_014:207,3151.3720230168533,3036.0556093472787,2938.121381017826,2940.2705356159126
batch_014:208,15000.471905397595,14181.251079935551,13235.40901729411,11913.841122798018
batch_014:209,13974.99795647502,13392.060230169944,12429.982932839848,11316.765131321514
batch_014:210,10256.230075662257,10053.2496317773,9816.04710995721,9483.303403487642
batch_014:211,7404.823283081284,7227.215523395305,7055.880686082058,6785.084803478544
batch_014:212,3151.3720230168533,3036.0556093472787,2938.121381017826,2940.2705356159126
batch_014:213,3151.3720230168533,3036.0556093472787,2938.121381017826,2940.2705356159126
batch_014:214,6343.505390190005,6145.520078362647,5770.290278917016,5348.945259584982
batch_014:215,14996.187395563993,14177.31064608182,13232.164417515123,11911.6664550761
batch_014:216,15006.42865766279,14183.268856143488,13242.790352211203,11921.115514073581
batch_014:217,3151.3720230168533,3036.0556093472787,2938.121381017826,2940.2705356159126
batch_014:218,13958.13700135182,13377.868729949989,12423.68800852907,11310.64619433149
batch_014:219,3151.3720230168533,3036.0556093472787,2938.121381017826,2940.2705356159126
batch_014:220,13947.478366693971,13368.956982587402,12406.449608659093,11292.693870517207
batch_014:221,14999.152168251567,14179.17098012539,13238.115313522709,11915.328251539482
batch_014:222,4632.9979594980405,4433.989453871669,4126.4428366733955,3917.095279778382
batch_014:223,3151.3720230168533,3036.0556093472787,2938.121381017826,2940.2705356159126
batch_014:224,3151.3720230168533,3036.0556093472787,2938.121381017826,2940.2705356159126
batch_014:225,10249.271996113905,10047.54020284536,9814.052528043596,9482.109177446559
batch_014:226,6353.267089969278,6152.726835300593,5776.809493364255,5352.478420487242
batch_014:227,7406.819405172396,7229.968790823081,7068.632692959238,6800.389876389722
batch_014:228,3151.3720230168533,3036.0556093472787,2938.121381017826,2940.2705356159126
batch_014:229,3151.3720230168533,3036.0556093472787,2938.121381017826,2940.2705356159126
batch_014:230,3151.3720230168533,3036.0556093472787,2938.121381017826,2940.2705356159126
batch_014:231,3151.3720230168533,3036.0556093472787,2938.121381017826,2940.2705356159126
batch_014:232,3151.3720230168533,3036.0556093472787,2938.121381017826,2940.2705356159126
batch_014:233,4613.37912431282,4415.84971602161,4109.25978436542,3907.0129815738824
batch_014:234,4604.770664715558,4412.577845008388,4102.352879501331,3897.6391767921355
batch_014:235,3151.3720230168533,3036.0556093472787,2938.121381017826,2940.2705356159126
batch_014:236,10249.821473716413,10048.8764787701,9815.837628003226,9481.928675548583
batch_014:237,3151.3720230168533,3036.0556093472787,2938.121381017826,2940.2705356159126
batch_014:238,13970.669404041268,13388.071448634553,12429.984942872885,11314.965390417245
batch_014:239,13957.345009263348,13376.972976047726,12418.615914047616,11305.20536364089
batch_014:240,13965.354094296996,13384.322010437212,12426.966370890308,11311.168241185664
batch_014:241,10257.668241384,10056.319236974117,9817.173236509256,9484.241156800224
batch_014:242,4636.250357320237,4436.548156198495,4131.111329876834,3920.3986781582453
batch_014:243,7424.420871615664,7242.047171844866,7080.977914255456,6809.7495293240045
batch_014:244,10260.922444842237,10062.14406490578,9830.14021664671,9494.011501820998
batch_014:245,10242.324370839118,10044.734113348253,9820.886702301526,9489.532169367978
batch_014:246,3151.3720230168533,3036.0556093472787,2938.121381017826,2940.2705356159126
batch_014:247,3151.3720230168533,3036.0556093472787,2938.121381017826,2940.2705356159126
batch_014:248,3151.3720230168533,3036.0556093472787,2938.121381017826,2940.2705356159126
batch_014:249,7392.840321655627,7215.192393640099,7048.571357165785,6777.707586100968
batch_014:250,3151.3720230168533,3036.0556093472787,2938.121381017826,2940.2705356159126
batch_014:251,3151.3720230168533,3036.0556093472787,2938.121381017826,2940.2705356159126
batch_014:252,4650.991879592121,4449.562166332903,4133.626113810763,3920.4657666146422
batch_014:253,3151.3720230168533,3036.0556093472787,2938.121381017826,2940.2705356159126
batch_014:254,3151.3720230168533,3036.0556093472787,2938.121381017826,2940.2705356159126
batch_014:255,15001.143752360822,14177.073537528142,13236.928884748715,11915.25183862763
batch_014:256,4616.625495411528,4419.30609212811,4110.278875657843,3905.3821300905656
batch_014:257,6343.551587576625,6146.19422597065,5772.134860440382,5349.998231049881
batch_014:258,4625.270271680736,4426.754587248151,4113.659920552315,3905.6784681335466
batch_014:259,15005.364721100874,14179.704786818984,13237.055218924841,11916.628448925414
batch_014:260,4590.578963606533,4398.182206049426,4093.4282417676377,3893.366446276467
batch_014:261,6329.090280973783,6125.840952173209,5753.108262088111,5332.032079278735
batch_014:262,4627.64507430442,4433.350981268999,4124.392995141192,3915.689936920829
batch_014:263,13972.487134077173,13389.771886943625,12431.610663003088,11316.720546318576
batch_014:264,3151.3720230168533,3036.0556093472787,2938.121381017826,2940.2705356159126
batch_014:265,4602.222121345917,4406.551237744501,4097.747657375358,3897.7628825688253
batch_014:266,15011.892759478258,14190.108465356901,13253.65464184631,11931.055095125634
batch_014:267,3151.3720230168533,3036.0556093472787,2938.121381017826,2940.2705356159126
batch_014:268,3151.3720230168533,3036.0556093472787,2938.121381017826,2940.2705356159126
batch_014:269,10253.812512581286,10056.913676131271,9824.470078359389,9492.48563882853
batch_014:270,6341.637432215779,6137.576236455517,5762.120994013612,5341.649096915268
batch_014:271,3151.3720230168533,3036.0556093472787,2938.121381017826,2940.2705356159126
batch_014:272,3151.3720230168533,3036.0556093472787,2938.121381017826,2940.2705356159126
batch_014:273,7457.6729250543285,7264.222746349286,7098.699271161056,6823.655072825964
batch_014:274,10241.40547023401,10041.285538958386,9803.900967873837,9470.78731091532
batch_014:275,7426.766900359053,7239.624328404697,7072.902796235027,6805.261799071173
batch_014:276,10240.920356154238,10043.86276729742,9813.100583299034,9483.28608913033
batch_014:277,6340.969227612745,6140.773807005857,5764.843877380391,5339.42493034746
batch_014:278,13974.99795647502,13392.060230169944,12429.982932839848,11316.765131321514
batch_014:279,3151.3720230168533,3036.0556093472787,2938.121381017826,2940.2705356159126
batch_014:280,3151.3720230168533,3036.0556093472787,2938.121381017826,2940.2705356159126
batch_014:281,3151.3720230168533,3036.0556093472787,2938.121381017826,2940.2705356159126
batch_014:282,3151.3720230168533,3036.0556093472787,2938.121381017826,2940.2705356159126
batch_014:283,3151.3720230168533,3036.0556093472787,2938.121381017826,2940.2705356159126
batch_014:284,14993.779285231352,14178.715564738817,13234.982006214006,11914.39365095638
batch_014:285,3151.3720230168533,3036.0556093472787,2938.121381017826,2940.2705356159126
batch_014:286,3151.3720230168533,3036.0556093472787,2938.121381017826,2940.2705356159126
batch_014:287,3151.3720230168533,3036.0556093472787,2938.121381017826,2940.2705356159126
batch_014:288,13969.810311266652,13388.06139120383,12424.949395162055,11310.472377735752
batch_014:289,3151.3720230168533,3036.0556093472787,2938.121381017826,2940.2705356159126
batch_014:290,3151.3720230168533,3036.0556093472787,2938.121381017826,2940.2705356159126
batch_014:291,3151.3720230168533,3036.0556093472787,2938.121381017826,2940.2705356159126
batch_014:292,3151.3720230168533,3036.0556093472787,2938.121381017826,2940.2705356159126
batch_014:293,7406.711933816802,7225.745888028303,7057.082360660831,6790.273243818395
batch_014:294,3151.3720230168533,3036.0556093472787,2938.121381017826,2940.2705356159126
batch_014:295,6348.250004460572,6146.961488301068,5768.87924936675,5343.604256269805
batch_014:296,6340.38902303047,6143.409738995174,5769.392176921771,5348.08581411391
batch_014:297,4628.817447489978,4428.714651502539,4121.799377377769,3910.2890851210063
batch_014:298,10251.557879219747,10050.803023545599,9814.108794002284,9481.527447337363
batch_014:299,3151.3720230168533,3036.0556093472787,2938.121381017826,2940.2705356159126
batch_014:300,10243.832107115928,10042.934155679106,9808.337923552142,9478.107371749393
batch_014:301,3151.3720230168533,3036.0556093472787,2938.121381017826,2940.2705356159126
batch_014:302,3151.3720230168533,3036.0556093472787,2938.121381017826,2940.2705356159126
batch_014:303,3151.3720230168533,3036.0556093472787,2938.121381017826,2940.2705356159126
batch_014:304,3151.3720230168533,3036.0556093472787,2938.121381017826,2940.2705356159126
batch_014:305,7411.5449503647615,7237.009248034989,7071.030491303797,6800.793847327815
batch_014:306,3151.3720230168533,3036.0556093472787,2938.121381017826,2940.2705356159126
batch_014:307,10248.7304326216,10048.332682876897,9820.678177353055,9489.698930011547
batch_014:308,3151.3720230168533,3036.0556093472787,2938.121381017826,2940.2705356159126
batch_014:309,13959.789390213095,13381.949926289606,12420.548911913691,11308.148794069322
batch_014:310,4667.669408969259,4459.98791047349,4147.11896267997,3929.642743399901
batch_014:311,13969.762881324823,13386.17006505184,12428.342299340115,11313.806289613583
batch_014:312,3151.3720230168533,3036.0556093472787,2938.121381017826,2940.2705356159126
batch_014:313,13955.44335451119,13375.45659773317,12415.479348388395,11302.612553997398
batch_014:314,3151.3720230168533,3036.0556093472787,2938.121381017826,2940.2705356159126
batch_014:315,13960.845948860544,13381.4425181236,12422.81375894972,11309.73991340513
batch_014:316,3151.3720230168533,3036.0556093472787,2938.121381017826,2940.2705356159126
batch_014:317,3151.3720230168533,3036.0556093472787,2938.121381017826,2940.2705356159126
batch_014:318,6347.657717213103,6151.043467798652,5775.051615941182,5353.052366275511
batch_014:319,7457.6729250543285,7264.222746349286,7098.699271161056,6823.655072825964
batch_014:320,7412.230862440956,7232.084035129549,7068.709159127055,6798.025009563999
batch_014:321,3151.3720230168533,3036.0556093472787,2938.121381017826,2940.2705356159126
batch_014:322,3151.3720230168533,3036.0556093472787,2938.121381017826,2940.2705356159126
batch_014:323,7406.000772877849,7229.053326067712,7060.601397180544,6787.738749470094
batch_014:324,7408.524183785592,7229.235632847758,7067.8530403821715,6800.733448639862
batch_014:325,4648.712612259999,4445.800905728757,4132.499179559434,3921.1223604014967
batch_014:326,3151.3720230168533,3036.0556093472787,2938.121381017826,2940.2705356159126
batch_014:327,3151.3720230168533,3036.0556093472787,2938.121381017826,2940.2705356159126
batch_014:328,10249.563696416686,10046.8433883837,9811.569543612155,9476.835183438938
batch_014:329,10260.922444842237,10062.14406490578,9830.14021664671,9494.011501820998
batch_014:330,3151.3720230168533,3036.0556093472787,2938.121381017826,2940.2705356159126
batch_014:331,10262.555144420436,10064.683920349813,9829.496246683013,9493.507904893033
batch_014:332,6348.678062546833,6142.55344840799,5764.579717973957,5340.429364943166
batch_014:333,10251.452504260582,10050.599591726472,9812.068271558453,9478.066050091013
batch_014:334,3151.3720230168533,3036.0556093472787,2938.121381017826,2940.2705356159126
batch_014:335,3151.3720230168533,3036.0556093472787,2938.121381017826,2940.2705356159126
batch_014:336,3151.3720230168533,3036.0556093472787,2938.121381017826,2940.2705356159126
batch_014:337,4604.762810487006,4410.425037726009,4106.2118214697775,3900.0809017648367
batch_014:338,3151.3720230168533,3036.0556093472787,2938.121381017826,2940.2705356159126
batch_014:339,3151.3720230168533,3036.0556093472787,2938.121381017826,2940.2705356159126
batch_014:340,3151.3720230168533,3036.0556093472787,2938.121381017826,2940.2705356159126
batch_014:341,3151.3720230168533,3036.0556093472787,2938.121381017826,2940.2705356159126
batch_014:342,3151.3720230168533,3036.0556093472787,2938.121381017826,2940.2705356159126
batch_014:343,15005.14871271789,14183.968399201032,13242.738714575222,11920.904504667962
batch_014:344,4636.46348134808,4440.4356252342905,4127.1886539416,3912.406496766438
batch_014:345,10240.920356154238,10043.86276729742,9813.100583299034,9483.28608913033
batch_014:346,3151.3720230168533,3036.0556093472787,2938.121381017826,2940.2705356159126
batch_014:347,3151.3720230168533,3036.0556093472787,2938.121381017826,2940.2705356159126
batch_014:348,3151.3720230168533,3036.0556093472787,2938.121381017826,2940.2705356159126
batch_014:349,3151.3720230168533,3036.0556093472787,2938.121381017826,2940.2705356159126
batch_014:350,3151.3720230168533,3036.0556093472787,2938.121381017826,2940.2705356159126
batch_014:351,3151.3720230168533,3036.0556093472787,2938.121381017826,2940.2705356159126
batch_014:352,4667.041415776463,4462.938074146272,4144.237827324744,3928.505196207899
batch_014:353,14996.597228079187,14179.337091700398,13239.040182149205,11917.323606322474
batch_014:354,7416.35536387986,7232.681140654507,7067.792578272158,6804.4993354856015
batch_014:355,10251.89209523247,10053.034023975462,9823.194290535495,9488.754750191922
batch_014:356,13962.136291654211,13379.424156801619,12419.144993083986,11305.269185426776
batch_014:357,3151.3720230168533,3036.0556093472787,2938.121381017826,2940.2705356159126
batch_014:358,15005.408472824805,14184.963834518036,13248.277659863541,11926.91017386276
batch_014:359,7416.672198930821,7237.834312061274,7070.600942700998,6801.625306972035
batch_014:360,3151.3720230168533,3036.0556093472787,2938.121381017826,2940.2705356159126
batch_014:361,3151.3720230168533,3036.0556093472787,2938.121381017826,2940.2705356159126
batch_014:362,3151.3720230168533,3036.0556093472787,2938.121381017826,2940.2705356159126
batch_014:363,4659.641407789151,4457.8757668174585,4146.495574005116,3929.3277818737574
batch_014:364,3151.3720230168533,3036.0556093472787,2938.121381017826,2940.2705356159126
batch_014:365,7423.968981915236,7239.331609254479,7075.221486376324,6803.010377722151
batch_014:366,6346.883586303056,6145.733096286382,5770.642936204458,5347.527297210731
batch_014:367,3151.3720230168533,3036.0556093472787,2938.121381017826,2940.2705356159126
batch_014:368,4647.703083285209,4448.900675605751,4135.452751584216,3923.4209599818305
batch_014:369,15017.374082645714,14190.89277664786,13252.319068988867,11929.332783470323
batch_014:370,3151.3720230168533,3036.0556093472787,2938.121381017826,2940.2705356159126
batch_014:371,3151.3720230168533,3036.0556093472787,2938.121381017826,2940.2705356159126
batch_014:372,4612.379240876412,4418.215691889264,4113.153066990055,3907.134587365764
batch_014:373,3151.3720230168533,3036.0556093472787,2938.121381017826,2940.2705356159126
batch_014:374,3151.3720230168533,3036.0556093472787,2938.121381017826,2940.2705356159126
batch_014:375,3151.3720230168533,3036.0556093472787,2938.121381017826,2940.2705356159126
batch_014:376,3151.3720230168533,3036.0556093472787,2938.121381017826,2940.2705356159126
batch_014:377,7407.758148670026,7228.718286802892,7058.478943728928,6788.740562351463
batch_014:378,4606.038182704296,4411.83918496087,4104.067143913231,3900.16168666264
batch_014:379,3151.3720230168533,3036.0556093472787,2938.121381017826,2940.2705356159126
batch_014:380,10250.959768576542,10049.91678238204,9815.229362358836,9483.632645417585
batch_014:381,10241.460360847213,10041.38307190833,9811.793294204226,9482.0330055468
batch_014:382,3151.3720230168533,3036.0556093472787,2938.121381017826,2940.2705356159126
batch_014:383,3151.3720230168533,3036.0556093472787,2938.121381017826,2940.2705356159126
batch_014:384,13963.740069430416,13384.568265989521,12422.323941866842,11308.6854670577
batch_014:385,14995.366408854663,14174.26784276868,13235.150717423194,11913.280314181575
batch_014:386,3151.3720230168533,3036.0556093472787,2938.121381017826,2940.2705356159126
batch_014:387,7394.649781128929,7215.60635299735,7050.810591352073,6778.565254778934
batch_014:388,3151.3720230168533,3036.0556093472787,2938.121381017826,2940.2705356159126
batch_014:389,6339.839554465591,6144.61368595479,5765.544118369625,5344.257432742818
batch_014:390,3151.3720230168533,3036.0556093472787,2938.121381017826,2940.2705356159126
batch_014:391,15003.350928512333,14179.225267961701,13239.656177818448,11919.181460109627
batch_014:392,3151.3720230168533,3036.0556093472787,2938.121381017826,2940.2705356159126
batch_014:393,10239.592129230226,10037.551866666909,9805.356992258563,9476.532830558397
batch_014:394,3151.3720230168533,3036.0556093472787,2938.121381017826,2940.2705356159126
batch_014:395,3151.3720230168533,3036.0556093472787,2938.121381017826,2940.2705356159126
batch_014:396,13970.967194299064,13388.34007345725,12424.773148410804,11311.516587221427
batch_014:397,4662.278752681655,4459.355546271566,4147.0721426040245,3930.3003248964396
batch_014:398,3151.3720230168533,3036.0556093472787,2938.121381017826,2940.2705356159126
batch_014:399,13960.367243400435,13382.581431523286,12421.683247588822,11309.368947807541
batch_014:400,4606.457390824028,4417.615740435898,4104.62170760319,3896.0584520107263
batch_014:401,7432.602073369442,7249.509743088341,7082.310071344997,6808.49125645373
batch_014:402,3151.3720230168533,3036.0556093472787,2938.121381017826,2940.2705356159126
batch_014:403,3151.3720230168533,3036.0556093472787,2938.121381017826,2940.2705356159126
batch_014:404,3151.3720230168533,3036.0556093472787,2938.121381017826,2940.2705356159126
batch_014:405,3151.3720230168533,3036.0556093472787,2938.121381017826,2940.2705356159126
batch_014:406,3151.3720230168533,3036.0556093472787,2938.121381017826,2940.2705356159126
batch_014:407,7407.3221527150345,7225.4096296623065,7059.411720436615,6795.698414311844
batch_014:408,10250.966513040321,10050.372900886407,9817.999624016484,9486.327785353995
batch_014:409,3151.3720230168533,3036.0556093472787,2938.121381017826,2940.2705356159126
batch_014:410,7427.8374662273045,7243.68456589411,7077.398375521003,6805.729442476715
batch_014:411,3151.3720230168533,3036.0556093472787,2938.121381017826,2940.2705356159126
batch_014:412,3151.3720230168533,3036.0556093472787,2938.121381017826,2940.2705356159126
batch_014:413,3151.3720230168533,3036.0556093472787,2938.121381017826,2940.2705356159126
batch_014:414,14988.380414066993,14170.26136480637,13232.169263324522,11909.771130589977
batch_014:415,4632.444364273444,4439.592137600572,4130.571868599693,3919.0642155599226
batch_014:416,4605.228567139993,4413.504326461645,4108.67349990121,3905.9231219813532
batch_014:417,10256.56091921137,10055.437806587131,9822.75876022214,9487.29268104127
batch_014:418,3151.3720230168533,3036.0556093472787,2938.121381017826,2940.2705356159126
batch_014:419,13967.86228052538,13388.033836944445,12429.367373295416,11315.397214587114
batch_014:420,10248.007077017053,10045.95385727177,9814.781410767417,9484.329261802515
batch_014:421,10251.84593776846,10050.395660497838,9819.775574241046,9487.950348441516
batch_014:422,3151.3720230168533,3036.0556093472787,2938.121381017826,2940.2705356159126
batch_014:423,3151.3720230168533,3036.0556093472787,2938.121381017826,2940.2705356159126
batch_014:424,3151.3720230168533,3036.0556093472787,2938.121381017826,2940.2705356159126
batch_014:425,3151.3720230168533,3036.0556093472787,2938.121381017826,2940.2705356159126
batch_014:426,6346.709199017726,6145.879672586324,5770.179000774756,5348.143776084156
batch_014:427,15009.192181078357,14185.260988719758,13248.035726885857,11928.616448363318
batch_014:428,3151.3720230168533,3036.0556093472787,2938.121381017826,2940.2705356159126
batch_014:429,6331.052116989583,6132.60975373169,5761.365033950116,5340.457499704914
batch_014:430,7408.403077627357,7232.137454057336,7059.801869028238,6787.8626690997935
batch_014:431,3151.3720230168533,3036.0556093472787,2938.121381017826,2940.2705356159126
batch_014:432,3151.3720230168533,3036.0556093472787,2938.121381017826,2940.2705356159126
batch_014:433,13961.963382352606,13380.086348466795,12421.434958747934,11307.741794239695
batch_014:434,3151.3720230168533,3036.0556093472787,2938.121381017826,2940.2705356159126
batch_014:435,7411.702139713036,7233.700622987691,7071.332116879174,6802.179967034011
batch_014:436,7411.657326798654,7235.416180551975,7072.172104568704,6803.025228027215
batch_014:437,14999.906947617068,14178.89100065692,13239.046997373447,11915.125091565145
batch_014:438,3151.3720230168533,3036.0556093472787,2938.121381017826,2940.2705356159126
batch_014:439,10259.678915211669,10060.310578012726,9830.070881602564,9495.088616284816
batch_014:440,14991.003077907144,14173.172100887441,13233.375725156355,11910.989491403227
batch_014:441,3151.3720230168533,3036.0556093472787,2938.121381017826,2940.2705356159126
batch_014:442,3151.3720230168533,3036.0556093472787,2938.121381017826,2940.2705356159126
batch_014:443,3151.3720230168533,3036.0556093472787,2938.121381017826,2940.2705356159126
batch_014:444,15007.90245781271,14183.601504036744,13246.536621025052,11924.390955910118
batch_014:445,15004.158760373906,14180.943165231094,13242.42849067489,11920.499699943499
batch_014:446,3151.3720230168533,3036.0556093472787,2938.121381017826,2940.2705356159126
batch_014:447,3151.3720230168533,3036.0556093472787,2938.121381017826,2940.2705356159126
batch_014:448,3151.3720230168533,3036.0556093472787,2938.121381017826,2940.2705356159126
batch_014:449,3151.3720230168533,3036.0556093472787,2938.121381017826,2940.2705356159126
batch_014:450,3151.3720230168533,3036.0556093472787,2938.121381017826,2940.2705356159126
batch_014:451,3151.3720230168533,3036.0556093472787,2938.121381017826,2940.2705356159126
batch_014:452,6356.259600713569,6159.908384482707,5782.813179503731,5360.364584275192
batch_014:453,3151.3720230168533,3036.0556093472787,2938.121381017826,2940.2705356159126
batch_014:454,3151.3720230168533,3036.0556093472787,2938.121381017826,2940.2705356159126
batch_014:455,7420.355678132221,7241.191345314559,7072.43667276596,6798.678455358301
batch_014:456,3151.3720230168533,3036.0556093472787,2938.121381017826,2940.2705356159126
batch_014:457,3151.3720230168533,3036.0556093472787,2938.121381017826,2940.2705356159126
batch_014:458,10247.72756679624,10050.480912476061,9823.704278421568,9493.096119225389
batch_014:459,6350.66760921099,6153.281692946019,5773.293956144922,5352.54912076105
batch_014:460,13955.305867035571,13376.13428145261,12416.89414833525,11303.884100615915
batch_014:461,4613.430847304681,4415.390399705656,4108.523731179287,3907.1270334480205
batch_014:462,3151.3720230168533,3036.0556093472787,2938.121381017826,2940.2705356159126
batch_014:463,3151.3720230168533,3036.0556093472787,2938.121381017826,2940.2705356159126
batch_014:464,13964.579965947558,13384.845287285445,12425.489185512823,11311.493947666491
batch_014:465,15006.011374983931,14184.157588320635,13240.973872869426,11918.845403138088
batch_014:466,3151.3720230168533,3036.0556093472787,2938.121381017826,2940.2705356159126
batch_014:467,13967.32872448992,13383.458435521894,12413.333644350083,11297.440560358547
batch_014:468,7411.005723449194,7233.983315252642,7062.080323421685,6787.31767252865
batch_014:469,3151.3720230168533,3036.0556093472787,2938.121381017826,2940.2705356159126
batch_014:470,3151.3720230168533,3036.0556093472787,2938.121381017826,2940.2705356159126
batch_014:471,3151.3720230168533,3036.0556093472787,2938.121381017826,2940.2705356159126
batch_014:472,13970.669404041268,13388.071448634553,12429.984942872885,11314.965390417245
batch_014:473,13958.134808049452,13376.947197526984,12415.871893638086,11304.21840454642
batch_014:474,3151.3720230168533,3036.0556093472787,2938.121381017826,2940.2705356159126
batch_014:475,7434.906892267776,7247.921737475828,7084.137634463178,6813.346791594154
batch_014:476,3151.3720230168533,3036.0556093472787,2938.121381017826,2940.2705356159126
batch_014:477,10247.735473762681,10048.127156027313,9812.702300718245,9481.406054322983
batch_014:478,3151.3720230168533,3036.0556093472787,2938.121381017826,2940.2705356159126
batch_014:479,7410.59741171938,7238.0425423552715,7077.653265226225,6808.8021637819165
batch_014:480,15016.471536665425,14189.540248078276,13250.976920730402,11927.681253645951
batch_014:481,3151.3720230168533,3036.0556093472787,2938.121381017826,2940.2705356159126
batch_014:482,10241.699273375742,10041.765102716263,9807.199605427802,9477.251597663713
batch_014:483,3151.3720230168533,3036.0556093472787,2938.121381017826,2940.2705356159126
batch_014:484,3151.3720230168533,3036.0556093472787,2938.121381017826,2940.2705356159126
batch_014:485,7421.424019966849,7239.740645252117,7073.230613390592,6799.635758833605
batch_014:486,13958.491277764451,13379.527811206419,12422.37366112292,11308.640871090025
batch_014:487,3151.3720230168533,3036.0556093472787,2938.121381017826,2940.2705356159126
batch_014:488,6354.605655314637,6155.022041494334,5779.674581168585,5351.254236058349
batch_014:489,4650.91923262411,4448.60314681041,4134.76643450389,3922.7229701748365
batch_014:490,4656.147040512165,4450.9168583448445,4172.654792715899,3957.9536551859082
batch_014:491,3151.3720230168533,3036.0556093472787,2938.121381017826,2940.2705356159126
batch_014:492,3151.3720230168533,3036.0556093472787,2938.121381017826,2940.2705356159126
batch_014:493,3151.3720230168533,3036.0556093472787,2938.121381017826,2940.2705356159126
batch_014:494,13960.83335639304,13378.047978206745,12417.77398214066,11305.59135063885
batch_014:495,3151.3720230168533,3036.0556093472787,2938.121381017826,2940.2705356159126
batch_014:496,14998.544442385983,14179.207660889686,13238.418849714944,11919.013991230719
batch_014:497,3151.3720230168533,3036.0556093472787,2938.121381017826,2940.2705356159126
batch_014:498,6340.184433757055,6139.589272616068,5763.387164168851,5341.032876552399
batch_014:499,14992.025480753407,14172.319859138666,13235.197470826235,11915.369896856915
batch_014:500,3151.3720230168533,3036.0556093472787,2938.121381017826,2940.2705356159126
batch_014:501,4634.148186048935,4437.018327013315,4120.519284511564,3909.068289774959
batch_014:502,3151.3720230168533,3036.0556093472787,2938.121381017826,2940.2705356159126
batch_014:503,3151.3720230168533,3036.0556093472787,2938.121381017826,2940.2705356159126
batch_014:504,3151.3720230168533,3036.0556093472787,2938.121381017826,2940.2705356159126
batch_014:505,4604.762810487006,4410.425037726009,4106.2118214697775,3900.0809017648367
batch_014:506,6342.070395170186,6143.607333943965,5772.5299095845185,5348.328518138058
batch_014:507,3151.3720230168533,3036.0556093472787,2938.121381017826,2940.2705356159126
batch_014:508,3151.3720230168533,3036.0556093472787,2938.121381017826,2940.2705356159126
batch_014:509,13942.99460341325,13364.049477790539,12406.910981061665,11294.817653355476
batch_014:510,3151.3720230168533,3036.0556093472787,2938.121381017826,2940.2705356159126
batch_014:511,3151.3720230168533,3036.0556093472787,2938.121381017826,2940.2705356159126
batch_014:512,3151.3720230168533,3036.0556093472787,2938.121381017826,2940.2705356159126
batch_014:513,3151.3720230168533,3036.0556093472787,2938.121381017826,2940.2705356159126
batch_014:514,15005.076100325685,14183.96327133181,13242.735637853688,11920.910043853879
batch_014:515,3151.3720230168533,3036.0556093472787,2938.121381017826,2940.2705356159126
batch_014:516,6344.310840308359,6143.63874370218,5767.335815036391,5346.388122943448
batch_014:517,3151.3720230168533,3036.0556093472787,2938.121381017826,2940.2705356159126
batch_014:518,10266.964443278895,10069.236281796138,9840.4513943438,9505.96496989447
batch_014:519,3151.3720230168533,3036.0556093472787,2938.121381017826,2940.2705356159126
batch_014:520,7411.5449503647615,7237.009248034989,7071.030491303797,6800.793847327815
batch_014:521,3151.3720230168533,3036.0556093472787,2938.121381017826,2940.2705356159126
batch_014:522,15002.696059342927,14181.778732785613,13241.895889519206,11919.440231370321
batch_014:523,3151.3720230168533,3036.0556093472787,2938.121381017826,2940.2705356159126
batch_014:524,3151.3720230168533,3036.0556093472787,2938.121381017826,2940.2705356159126
batch_014:525,3151.3720230168533,3036.0556093472787,2938.121381017826,2940.2705356159126
batch_014:526,3151.3720230168533,3036.0556093472787,2938.121381017826,2940.2705356159126
batch_014:527,3151.3720230168533,3036.0556093472787,2938.121381017826,2940.2705356159126
batch_014:528,15000.531749127915,14178.957268412933,13239.017829912946,11917.675519870174
batch_014:529,14990.778893928065,14173.949612100945,13231.676298299226,11912.660445474421
batch_014:530,3151.3720230168533,3036.0556093472787,2938.121381017826,2940.2705356159126
batch_014:531,13960.543427479579,13381.948745058478,12422.933414430057,11308.92034167068
batch_014:532,3151.3720230168533,3036.0556093472787,2938.121381017826,2940.2705356159126
batch_014:533,3151.3720230168533,3036.0556093472787,2938.121381017826,2940.2705356159126
batch_014:534,4646.104194628061,4442.248354728377,4126.548794051923,3913.122693608874
batch_014:535,3151.3720230168533,3036.0556093472787,2938.121381017826,2940.2705356159126
batch_014:536,3151.3720230168533,3036.0556093472787,2938.121381017826,2940.2705356159126
batch_014:537,3151.3720230168533,3036.0556093472787,2938.121381017826,2940.2705356159126
batch_014:538,15003.475645609396,14183.418198073692,13239.17094400575,11918.046490343017
batch_014:539,3151.3720230168533,3036.0556093472787,2938.121381017826,2940.2705356159126
batch_014:540,15005.567821141576,14180.344952716365,13237.417761301089,11915.423598903417
batch_014:541,14997.586912527722,14178.71060610784,13235.6901502621,11916.46627505725
batch_014:542,3151.3720230168533,3036.0556093472787,2938.121381017826,2940.2705356159126
batch_014:543,3151.3720230168533,3036.0556093472787,2938.121381017826,2940.2705356159126
batch_014:544,3151.3720230168533,3036.0556093472787,2938.121381017826,2940.2705356159126
batch_014:545,13960.006214190911,13380.169646210812,12423.155619221969,11309.770185528912
batch_014:546,7406.697546619111,7229.157061552365,7060.49824029192,6787.733415812866
batch_014:547,7413.130803296835,7229.4601432126265,7057.709520362442,6790.315704213491
batch_014:548,13977.527017110599,13394.228799638902,12430.52133884274,11314.771395920558
batch_014:549,3151.3720230168533,3036.0556093472787,2938.121381017826,2940.2705356159126
batch_014:550,13979.613094968883,13396.002537393211,12430.394173300052,11315.066419846418
batch_014:551,4669.342414634276,4461.164248249062,4150.631871597687,3933.8081307478387
batch_014:552,10249.57927884386,10050.686897951582,9819.197081437072,9489.718155035014
batch_014:553,7412.508872766252,7232.353289548321,7070.572269819907,6808.040605539783
batch_014:554,3151.3720230168533,3036.0556093472787,2938.121381017826,2940.2705356159126
batch_014:555,4612.664074408841,4418.994850656945,4108.947776932402,3903.953025130317
batch_014:556,3151.3720230168533,3036.0556093472787,2938.121381017826,2940.2705356159126
batch_014:557,13967.578824335062,13383.973374784502,12419.105034090275,11304.803881975753
batch_014:558,3151.3720230168533,3036.0556093472787,2938.121381017826,2940.2705356159126
batch_014:559,13969.180452659639,13390.080090609077,12431.824897100403,11314.815170914437
batch_014:560,3151.3720230168533,3036.0556093472787,2938.121381017826,2940.2705356159126
batch_014:561,14994.579764587343,14178.099724147205,13236.47712388399,11915.45804520138
batch_014:562,4627.969188021832,4427.715149910348,4120.36438545487,3912.791832152
batch_014:563,3151.3720230168533,3036.0556093472787,2938.121381017826,2940.2705356159126
batch_014:564,3151.3720230168533,3036.0556093472787,2938.121381017826,2940.2705356159126
batch_014:565,4623.686284489791,4428.5290089948485,4117.084295158162,3910.3505124642456
batch_014:566,3151.3720230168533,3036.0556093472787,2938.121381017826,2940.2705356159126
batch_014:567,3151.3720230168533,3036.0556093472787,2938.121381017826,2940.2705356159126
batch_014:568,4649.086804900513,4452.671050861536,4140.877379689103,3925.563154081928
batch_014:569,3151.3720230168533,3036.0556093472787,2938.121381017826,2940.2705356159126
batch_014:570,3151.3720230168533,3036.0556093472787,2938.121381017826,2940.2705356159126
batch_014:571,3151.3720230168533,3036.0556093472787,2938.121381017826,2940.2705356159126
batch_014:572,13962.110814404112,13381.609215454935,12421.17105357832,11308.091391349477
batch_014:573,10245.465475714152,10045.383983099666,9812.879690442318,9482.95548939245
batch_014:574,3151.3720230168533,3036.0556093472787,2938.121381017826,2940.2705356159126
batch_014:575,3151.3720230168533,3036.0556093472787,2938.121381017826,2940.2705356159126
batch_014:576,14989.184304812528,14172.749128728243,13234.139037207005,11911.978175392773
batch_014:577,13964.703484677819,13383.638173584694,12423.281363388485,11308.818245042079
batch_014:578,13972.488531468345,13388.604050857675,12423.426369027233,11307.740668557486
batch_014:579,15023.968253948466,14199.813878278092,13257.58239968318,11935.998673744678
batch_014:580,10256.555657604955,10055.804380565605,9827.375430351227,9493.153307507006
batch_014:581,3151.3720230168533,3036.0556093472787,2938.121381017826,2940.2705356159126
batch_014:582,3151.3720230168533,3036.0556093472787,2938.121381017826,2940.2705356159126
batch_014:583,3151.3720230168533,3036.0556093472787,2938.121381017826,2940.2705356159126
batch_014:584,3151.3720230168533,3036.0556093472787,2938.121381017826,2940.2705356159126
batch_014:585,3151.3720230168533,3036.0556093472787,2938.121381017826,2940.2705356159126
batch_014:586,3151.3720230168533,3036.0556093472787,2938.121381017826,2940.2705356159126
batch_014:587,3151.3720230168533,3036.0556093472787,2938.121381017826,2940.2705356159126
batch_014:588,3151.3720230168533,3036.0556093472787,2938.121381017826,2940.2705356159126
batch_014:589,7401.220737345494,7225.041396611865,7056.174085298627,6786.038128192851
batch_014:590,7400.266506167443,7225.798087075071,7065.816183974527,6801.46199293356
batch_014:591,3151.3720230168533,3036.0556093472787,2938.121381017826,2940.2705356159126
batch_014:592,10245.686826838353,10042.152295956555,9804.63124232958,9473.052135127098
batch_014:593,3151.3720230168533,3036.0556093472787,2938.121381017826,2940.2705356159126
batch_014:594,3151.3720230168533,3036.0556093472787,2938.121381017826,2940.2705356159126
batch_014:595,3151.3720230168533,3036.0556093472787,2938.121381017826,2940.2705356159126
batch_014:596,13964.476692406883,13385.085406456796,12423.52892528299,11308.592890586837
batch_014:597,6343.988029046324,6141.352060530339,5764.016417243095,5341.425074640208
batch_014:598,3151.3720230168533,3036.0556093472787,2938.121381017826,2940.2705356159126
batch_014:599,3151.3720230168533,3036.0556093472787,2938.121381017826,2940.2705356159126
batch_014:600,3151.3720230168533,3036.0556093472787,2938.121381017826,2940.2705356159126
batch_014:601,3151.3720230168533,3036.0556093472787,2938.121381017826,2940.2705356159126
batch_014:602,14992.548099036025,14175.640653938794,13230.822119702816,11912.763466469607
batch_014:603,13963.390584826206,13386.648346677908,12430.68640379702,11317.00531706241
batch_014:604,3151.3720230168533,3036.0556093472787,2938.121381017826,2940.2705356159126
batch_014:605,3151.3720230168533,3036.0556093472787,2938.121381017826,2940.2705356159126
batch_014:606,3151.3720230168533,3036.0556093472787,2938.121381017826,2940.2705356159126
batch_014:607,14995.554597832088,14173.487473707102,13236.021675473836,11914.907960659128
batch_014:608,10251.799629626485,10048.746649943849,9812.395646063265,9481.005625565424
batch_014:609,10247.72756679624,10050.480912476061,9823.704278421568,9493.096119225389
batch_014:610,3151.3720230168533,3036.0556093472787,2938.121381017826,2940.2705356159126
batch_014:611,3151.3720230168533,3036.0556093472787,2938.121381017826,2940.2705356159126
batch_014:612,3151.3720230168533,3036.0556093472787,2938.121381017826,2940.2705356159126
batch_014:613,4636.606573287362,4438.829255544372,4125.701161665452,3914.44689552474
batch_014:614,3151.3720230168533,3036.0556093472787,2938.121381017826,2940.2705356159126
batch_014:615,10252.254850706458,10050.514189453812,9818.496684345173,9487.012151069419
batch_014:616,3151.3720230168533,3036.0556093472787,2938.121381017826,2940.2705356159126
batch_014:617,3151.3720230168533,3036.0556093472787,2938.121381017826,2940.2705356159126
batch_014:618,3151.3720230168533,3036.0556093472787,2938.121381017826,2940.2705356159126
batch_014:619,3151.3720230168533,3036.0556093472787,2938.121381017826,2940.2705356159126
batch_014:620,7407.7395283675105,7229.998504362096,7069.195877764135,6801.396179795348
batch_014:621,3151.3720230168533,3036.0556093472787,2938.121381017826,2940.2705356159126
batch_014:622,3151.3720230168533,3036.0556093472787,2938.121381017826,2940.2705356159126
batch_014:623,7410.475596403757,7232.207794684274,7066.100453930769,6796.263448737922
batch_014:624,3151.3720230168533,3036.0556093472787,2938.121381017826,2940.2705356159126
batch_014:625,6339.490751177729,6138.974036241105,5764.828057652872,5344.609223998279
batch_014:626,3151.3720230168533,3036.0556093472787,2938.121381017826,2940.2705356159126
batch_014:627,3151.3720230168533,3036.0556093472787,2938.121381017826,2940.2705356159126
batch_014:628,3151.3720230168533,3036.0556093472787,2938.121381017826,2940.2705356159126
batch_014:629,14994.017045344426,14176.981927217881,13240.320365016596,11918.482972812804
batch_014:630,10258.191837619572,10057.410680982442,9820.202818239282,9486.569466426246
batch_014:631,3151.3720230168533,3036.0556093472787,2938.121381017826,2940.2705356159126
batch_014:632,15005.677489141703,14186.94201870666,13240.069957660598,11919.5679941954
batch_014:633,10250.928324646333,10052.837961586994,9819.21595961925,9487.307531143242
batch_014:634,3151.3720230168533,3036.0556093472787,2938.121381017826,2940.2705356159126
batch_014:635,3151.3720230168533,3036.0556093472787,2938.121381017826,2940.2705356159126
batch_014:636,7405.4610084056,7225.461286689671,7059.349356193642,6787.569499969137
batch_014:637,3151.3720230168533,3036.0556093472787,2938.121381017826,2940.2705356159126
batch_014:638,3151.3720230168533,3036.0556093472787,2938.121381017826,2940.2705356159126
batch_014:639,3151.3720230168533,3036.0556093472787,2938.121381017826,2940.2705356159126
batch_014:640,3151.3720230168533,3036.0556093472787,2938.121381017826,2940.2705356159126
batch_014:641,15021.593397251077,14198.838370846053,13254.41587839126,11932.571414997892
batch_014:642,3151.3720230168533,3036.0556093472787,2938.121381017826,2940.2705356159126
batch_014:643,7410.367126155213,7234.732977173828,7071.969498965592,6799.910752977052
batch_014:644,3151.3720230168533,3036.0556093472787,2938.121381017826,2940.2705356159126
batch_014:645,3151.3720230168533,3036.0556093472787,2938.121381017826,2940.2705356159126
batch_014:646,14988.216747972037,14172.056039681967,13227.659185019007,11907.650620309141
batch_014:647,3151.3720230168533,3036.0556093472787,2938.121381017826,2940.2705356159126
batch_014:648,4611.222921696757,4418.330148683409,4114.005503891967,3910.6564374876666
batch_014:649,15013.286349585256,14191.940409733807,13253.177761780073,11932.31220783442
batch_014:650,7419.683731462823,7238.083858902383,7078.356784652455,6817.699701596185
batch_014:651,14999.523746435365,14179.953091165353,13239.91229339285,11919.543848703388
batch_014:652,14998.486648106396,14178.64981404567,13241.785816775908,11923.303572575984
batch_014:653,3151.3720230168533,3036.0556093472787,2938.121381017826,2940.2705356159126
batch_014:654,3151.3720230168533,3036.0556093472787,2938.121381017826,2940.2705356159126
batch_014:655,13963.646360316356,13384.73046163151,12426.753142167454,11313.232852863588
batch_014:656,3151.3720230168533,3036.0556093472787,2938.121381017826,2940.2705356159126
batch_014:657,6348.717408379779,6150.310875709072,5774.164630188654,5349.849010112747
batch_014:658,6341.069750373064,6144.785623883285,5767.3711960358305,5345.217186960458
batch_014:659,3151.3720230168533,3036.0556093472787,2938.121381017826,2940.2705356159126
batch_014:660,3151.3720230168533,3036.0556093472787,2938.121381017826,2940.2705356159126
batch_014:661,3151.3720230168533,3036.0556093472787,2938.121381017826,2940.2705356159126
batch_014:662,7429.951783006393,7248.535163673545,7084.875708446866,6815.333671735216
batch_014:663,7444.554936274017,7256.002245892553,7090.834175081589,6815.658405339235
batch_014:664,7414.711514148178,7237.98907033065,7075.967580527463,6807.719078607552
batch_014:665,3151.3720230168533,3036.0556093472787,2938.121381017826,2940.2705356159126
batch_014:666,3151.3720230168533,3036.0556093472787,2938.121381017826,2940.2705356159126
batch_014:667,13963.622568046041,13384.874844854661,12429.113791894664,11313.984312171644
batch_014:668,3151.3720230168533,3036.0556093472787,2938.121381017826,2940.2705356159126
batch_014:669,3151.3720230168533,3036.0556093472787,2938.121381017826,2940.2705356159126
batch_014:670,6338.533825441171,6137.494032112535,5762.643439337681,5342.588955234842
batch_014:671,13955.1366900509,13376.142477491805,12417.201891577357,11304.164543078166
batch_014:672,3151.3720230168533,3036.0556093472787,2938.121381017826,2940.2705356159126
batch_014:673,7441.645485829971,7251.850072628816,7082.993436882511,6808.1939317623255
batch_014:674,3151.3720230168533,3036.0556093472787,2938.121381017826,2940.2705356159126
batch_014:675,3151.3720230168533,3036.0556093472787,2938.121381017826,2940.2705356159126
batch_014:676,7407.657366306968,7232.880359407383,7070.3052952193175,6800.96369743664
batch_014:677,13964.067388808977,13384.631139825859,12424.009469279052,11309.932640320596
batch_014:678,13960.653726776718,13379.079889481909,12425.316883518697,11314.291014142984
batch_014:679,13958.903197365673,13378.864882600026,12424.173361626657,11308.538371037019
batch_014:680,7432.107880482348,7247.8620049280635,7083.971173078136,6810.238463201922
batch_014:681,3151.3720230168533,3036.0556093472787,2938.121381017826,2940.2705356159126
batch_014:682,10255.744265718447,10054.358589864929,9816.460075620931,9483.942144031256
batch_014:683,6354.434205170775,6158.489733151711,5781.843613902551,5355.838243788195
batch_014:684,3151.3720230168533,3036.0556093472787,2938.121381017826,2940.2705356159126
batch_014:685,7422.979576153365,7251.840120081486,7091.851718445373,6830.863350827419
batch_014:686,3151.3720230168533,3036.0556093472787,2938.121381017826,2940.2705356159126
batch_014:687,13958.137704768007,13379.772629454888,12418.248762727062,11305.168995752338
batch_014:688,4601.295927178015,4412.083373582932,4109.157272548182,3905.212726671407
batch_014:689,3151.3720230168533,3036.0556093472787,2938.121381017826,2940.2705356159126
batch_014:690,6342.258560976852,6141.656601739436,5766.700844327173,5345.700782735061
batch_014:691,6331.156835690468,6134.054522620429,5761.308893787204,5339.521443836155
batch_014:692,13963.838613359147,13376.214099417724,12414.867169080568,11298.340949349309
batch_014:693,3151.3720230168533,3036.0556093472787,2938.121381017826,2940.2705356159126
batch_014:694,10253.245074724939,10054.247389154485,9820.454886278167,9486.013902788392
batch_014:695,3151.3720230168533,3036.0556093472787,2938.121381017826,2940.2705356159126
batch_014:696,6339.803528914835,6143.311781351997,5768.606572036604,5347.877453190926
batch_014:697,3151.3720230168533,3036.0556093472787,2938.121381017826,2940.2705356159126
batch_014:698,3151.3720230168533,3036.0556093472787,2938.121381017826,2940.2705356159126
batch_014:699,15002.439782917243,14177.175843637655,13232.40392273779,11911.98325876797
batch_014:700,15007.285423338579,14187.003675896256,13244.723098710503,11921.83579875979
batch_014:701,3151.3720230168533,3036.0556093472787,2938.121381017826,2940.2705356159126
batch_014:702,7450.149976575517,7256.85538460182,7091.778311719418,6820.205643031869
batch_014:703,13954.524867630498,13376.221741315741,12419.298883782001,11305.457322498407
batch_014:704,13968.462553301462,13381.117269666342,12412.680341508385,11298.140367278174
batch_014:705,14993.719679207343,14174.530019692193,13237.64834835751,11915.503471782407
batch_014:706,3151.3720230168533,3036.0556093472787,2938.121381017826,2940.2705356159126
batch_014:707,10266.964443278895,10069.236281796138,9840.4513943438,9505.96496989447
batch_014:708,3151.3720230168533,3036.0556093472787,2938.121381017826,2940.2705356159126
batch_014:709,6351.406586133183,6151.936196167375,5777.273599135239,5351.83330100362
batch_014:710,13967.290978351462,13382.740351753826,12420.384558480544,11307.059397636956
batch_014:711,3151.3720230168533,3036.0556093472787,2938.121381017826,2940.2705356159126
batch_014:712,3151.3720230168533,3036.0556093472787,2938.121381017826,2940.2705356159126
batch_014:713,10242.000515480919,10039.93551326021,9808.896955382588,9476.970932453565
batch_014:714,10256.787457983877,10057.584250944601,9821.544478052283,9487.355954969771
batch_014:715,3151.3720230168533,3036.0556093472787,2938.121381017826,2940.2705356159126
batch_014:716,13960.367243400435,13382.581431523286,12421.683247588822,11309.368947807541
batch_014:717,3151.3720230168533,3036.0556093472787,2938.121381017826,2940.2705356159126
batch_014:718,3151.3720230168533,3036.0556093472787,2938.121381017826,2940.2705356159126
batch_014:719,3151.3720230168533,3036.0556093472787,2938.121381017826,2940.2705356159126
batch_014:720,3151.3720230168533,3036.0556093472787,2938.121381017826,2940.2705356159126
batch_014:721,3151.3720230168533,3036.0556093472787,2938.121381017826,2940.2705356159126
batch_014:722,3151.3720230168533,3036.0556093472787,2938.121381017826,2940.2705356159126
batch_014:723,3151.3720230168533,3036.0556093472787,2938.121381017826,2940.2705356159126
batch_014:724,3151.3720230168533,3036.0556093472787,2938.121381017826,2940.2705356159126
batch_014:725,6346.950616171111,6144.841282445355,5768.1325734995135,5344.760137497017
batch_014:726,6350.076534742067,6152.98278262116,5777.00831101349,5355.449550854355
batch_014:727,3151.3720230168533,3036.0556093472787,2938.121381017826,2940.2705356159126
batch_014:728,13963.861794906326,13381.460506535159,12421.659657081951,11308.837135611631
batch_014:729,10261.12384899758,10063.403336287263,9833.211979707647,9497.026627179017
batch_014:730,3151.3720230168533,3036.0556093472787,2938.121381017826,2940.2705356159126
batch_014:731,3151.3720230168533,3036.0556093472787,2938.121381017826,2940.2705356159126
batch_014:732,3151.3720230168533,3036.0556093472787,2938.121381017826,2940.2705356159126
batch_014:733,3151.3720230168533,3036.0556093472787,2938.121381017826,2940.2705356159126
batch_014:734,7452.862178860694,7264.793208305741,7099.575464046949,6827.937956588373
batch_014:735,3151.3720230168533,3036.0556093472787,2938.121381017826,2940.2705356159126
batch_014:736,3151.3720230168533,3036.0556093472787,2938.121381017826,2940.2705356159126
batch_014:737,7420.355678132221,7241.191345314559,7072.43667276596,6798.678455358301
batch_014:738,3151.3720230168533,3036.0556093472787,2938.121381017826,2940.2705356159126
batch_014:739,6347.864726075873,6143.072320852185,5766.238541407371,5343.772816396795
batch_014:740,3151.3720230168533,3036.0556093472787,2938.121381017826,2940.2705356159126
batch_014:741,15001.641689524527,14184.962495592112,13240.440727393441,11919.461899629037
batch_014:742,6347.657717213103,6151.043467798652,5775.051615941182,5353.052366275511
batch_014:743,7414.441117425053,7234.262669361677,7069.004970695373,6797.535294641738
batch_014:744,15004.158760373906,14180.943165231094,13242.42849067489,11920.499699943499
batch_014:745,3151.3720230168533,3036.0556093472787,2938.121381017826,2940.2705356159126
batch_014:746,6332.715957691273,6138.392155310457,5765.164353939204,5341.334543273758
batch_014:747,3151.3720230168533,3036.0556093472787,2938.121381017826,2940.2705356159126
batch_014:748,10255.719917779701,10055.84708888222,9823.246641067915,9486.56080763996
batch_014:749,3151.3720230168533,3036.0556093472787,2938.121381017826,2940.2705356159126
batch_014:750,3151.3720230168533,3036.0556093472787,2938.121381017826,2940.2705356159126
batch_014:751,6345.818124363737,6146.490031495223,5770.436289600617,5346.197426218453
batch_014:752,3151.3720230168533,3036.0556093472787,2938.121381017826,2940.2705356159126
batch_014:753,6331.208312089073,6131.460357228272,5757.430037840676,5337.051045982877
batch_014:754,15006.378891254364,14182.694043049301,13247.513732754454,11926.891738179136
batch_014:755,6345.3530223779535,6146.313690241932,5771.6735423188575,5347.462593570084
batch_014:756,15002.439782917243,14177.175843637655,13232.40392273779,11911.98325876797
batch_014:757,3151.3720230168533,3036.0556093472787,2938.121381017826,2940.2705356159126
batch_014:758,3151.3720230168533,3036.0556093472787,2938.121381017826,2940.2705356159126
batch_014:759,3151.3720230168533,3036.0556093472787,2938.121381017826,2940.2705356159126
batch_014:760,3151.3720230168533,3036.0556093472787,2938.121381017826,2940.2705356159126
batch_014:761,3151.3720230168533,3036.0556093472787,2938.121381017826,2940.2705356159126
batch_014:762,4696.724811134149,4488.153748340374,4175.0196920032895,3953.7610265375524
batch_014:763,3151.3720230168533,3036.0556093472787,2938.121381017826,2940.2705356159126
batch_014:764,3151.3720230168533,3036.0556093472787,2938.121381017826,2940.2705356159126
batch_014:765,7418.9298631913425,7237.870142557192,7068.2976516422,6798.318183893848
batch_014:766,3151.3720230168533,3036.0556093472787,2938.121381017826,2940.2705356159126
batch_014:767,3151.3720230168533,3036.0556093472787,2938.121381017826,2940.2705356159126
batch_014:768,3151.3720230168533,3036.0556093472787,2938.121381017826,2940.2705356159126
batch_014:769,3151.3720230168533,3036.0556093472787,2938.121381017826,2940.2705356159126
batch_014:770,3151.3720230168533,3036.0556093472787,2938.121381017826,2940.2705356159126
batch_014:771,15003.264465717264,14181.190184328214,13241.914387311517,11920.481571517159
batch_014:772,10245.960679753287,10041.873583899805,9807.097053174026,9478.393500163762
batch_014:773,7429.0422600602815,7245.468868234806,7077.261313141944,6804.095371665259
batch_014:774,6335.715594209879,6135.669247549102,5762.234245134209,5341.4787927206
batch_014:775,3151.3720230168533,3036.0556093472787,2938.121381017826,2940.2705356159126
batch_014:776,3151.3720230168533,3036.0556093472787,2938.121381017826,2940.2705356159126
batch_014:777,3151.3720230168533,3036.0556093472787,2938.121381017826,2940.2705356159126
batch_014:778,3151.3720230168533,3036.0556093472787,2938.121381017826,2940.2705356159126
batch_014:779,15004.748585034045,14181.78681764915,13244.51579850875,11921.84846950551
batch_014:780,10241.48334813302,10039.985666917479,9806.00270769042,9475.820956568557
batch_014:781,3151.3720230168533,3036.0556093472787,2938.121381017826,2940.2705356159126
batch_014:782,3151.3720230168533,3036.0556093472787,2938.121381017826,2940.2705356159126
batch_014:783,3151.3720230168533,3036.0556093472787,2938.121381017826,2940.2705356159126
batch_014:784,3151.3720230168533,3036.0556093472787,2938.121381017826,2940.2705356159126
batch_014:785,3151.3720230168533,3036.0556093472787,2938.121381017826,2940.2705356159126
batch_014:786,3151.3720230168533,3036.0556093472787,2938.121381017826,2940.2705356159126
batch_014:787,10256.835353595825,10057.075159656179,9819.52018070014,9485.649889151187
batch_014:788,15009.010057767346,14181.585286182222,13244.46188284714,11923.116964179664
batch_014:789,3151.3720230168533,3036.0556093472787,2938.121381017826,2940.2705356159126
batch_014:790,13970.217151761068,13391.72220381145,12427.891725278369,11314.754075297642
batch_014:791,15000.292177412357,14181.588014073392,13243.414471765676,11923.788436493043
batch_014:792,6341.217711094689,6138.478890389062,5763.94046366735,5343.07013989573
batch_014:793,10243.729706862421,10043.649090239584,9811.667076103999,9481.246953375274
batch_014:794,3151.3720230168533,3036.0556093472787,2938.121381017826,2940.2705356159126
batch_014:795,4748.003921641818,4574.607403187936,4343.053132933409,4169.807039937708
batch_014:796,6336.866241927899,6135.739006349363,5762.95578677751,5340.0279419887775
batch_014:797,3151.3720230168533,3036.0556093472787,2938.121381017826,2940.2705356159126
batch_014:798,6340.9717994854,6141.690334205107,5766.077817537711,5342.078769297777
batch_014:799,7418.9298631913425,7237.870142557192,7068.2976516422,6798.318183893848
batch_014:800,15016.101489874542,14191.517801841928,13247.777631305498,11924.671663557068
batch_014:801,15017.287707465706,14196.259253331116,13253.327780259708,11930.637608325562
batch_014:802,3151.3720230168533,3036.0556093472787,2938.121381017826,2940.2705356159126
batch_014:803,3151.3720230168533,3036.0556093472787,2938.121381017826,2940.2705356159126
batch_014:804,3151.3720230168533,3036.0556093472787,2938.121381017826,2940.2705356159126
batch_014:805,3151.3720230168533,3036.0556093472787,2938.121381017826,2940.2705356159126
batch_014:806,7419.872538127186,7237.062057223997,7073.330833249434,6802.053471447068
batch_014:807,6342.091536952089,6143.621969049091,5767.781469851709,5343.496195299003
batch_014:808,3151.3720230168533,3036.0556093472787,2938.121381017826,2940.2705356159126
batch_014:809,3151.3720230168533,3036.0556093472787,2938.121381017826,2940.2705356159126
batch_014:810,13954.524867630498,13376.221741315741,12419.298883782001,11305.457322498407
batch_014:811,3151.3720230168533,3036.0556093472787,2938.121381017826,2940.2705356159126
batch_014:812,10241.69093547543,10043.594379000911,9816.004872270425,9484.429765274277
batch_014:813,15006.819040460601,14186.331678762363,13245.049202084265,11923.871049254754
batch_014:814,3151.3720230168533,3036.0556093472787,2938.121381017826,2940.2705356159126
batch_014:815,13963.170064741817,13384.733447850249,12427.614297978424,11314.716626390893
batch_014:816,3151.3720230168533,3036.0556093472787,2938.121381017826,2940.2705356159126
batch_014:817,3151.3720230168533,3036.0556093472787,2938.121381017826,2940.2705356159126
batch_014:818,3151.3720230168533,3036.0556093472787,2938.121381017826,2940.2705356159126
batch_014:819,3151.3720230168533,3036.0556093472787,2938.121381017826,2940.2705356159126
batch_014:820,15006.819040460601,14186.331678762363,13245.049202084265,11923.871049254754
batch_014:821,3151.3720230168533,3036.0556093472787,2938.121381017826,2940.2705356159126
batch_014:822,13963.436321602538,13385.672788348082,12425.856055666558,11309.870712469783
batch_014:823,4643.071402606468,4441.893390938639,4149.858215246455,3933.8301859286303
batch_014:824,14986.322540448005,14169.769916689962,13227.630990979784,11905.472605810852
batch_014:825,4619.323335694846,4424.318909030322,4108.397601073145,3899.761268743411
batch_014:826,4637.3258052669,4438.724725903903,4123.958882157285,3914.207668494806
batch_014:827,3151.3720230168533,3036.0556093472787,2938.121381017826,2940.2705356159126
batch_014:828,3151.3720230168533,3036.0556093472787,2938.121381017826,2940.2705356159126
batch_014:829,3151.3720230168533,3036.0556093472787,2938.121381017826,2940.2705356159126
batch_014:830,13958.902822262133,13380.679586507533,12418.459582783682,11305.255821559578
batch_014:831,10242.798942583442,10043.617757720878,9811.164951454703,9481.141296559867
batch_014:832,15024.25062517273,14199.106540031698,13255.058962724792,11934.166271877475
batch_014:833,7423.2027947054785,7239.823921952772,7075.452852452771,6802.423816286749
batch_014:834,3151.3720230168533,3036.0556093472787,2938.121381017826,2940.2705356159126
batch_014:835,13966.680620939333,13391.40344131424,12436.754904238558,11321.778761214217
batch_014:836,13970.495244632719,13389.098545151835,12428.923490052564,11314.84585522066
batch_014:837,6355.81398714559,6151.9271395447,5777.000064738054,5353.251328267437
batch_014:838,3151.3720230168533,3036.0556093472787,2938.121381017826,2940.2705356159126
batch_014:839,3151.3720230168533,3036.0556093472787,2938.121381017826,2940.2705356159126
batch_014:840,3151.3720230168533,3036.0556093472787,2938.121381017826,2940.2705356159126
batch_014:841,7401.329569528167,7224.117591778237,7053.753435611666,6783.56468319277
batch_014:842,6341.1502474553845,6139.299284133831,5763.052681873434,5340.615938083544
batch_014:843,10256.581789819831,10056.314047416141,9826.458167433673,9494.018979660266
batch_014:844,13964.703484677819,13383.638173584694,12423.281363388485,11308.818245042079
batch_014:845,3151.3720230168533,3036.0556093472787,2938.121381017826,2940.2705356159126
batch_014:846,15004.16228093633,14180.819637148401,13238.819856514265,11917.193006259373
batch_014:847,3151.3720230168533,3036.0556093472787,2938.121381017826,2940.2705356159126
batch_014:848,3151.3720230168533,3036.0556093472787,2938.121381017826,2940.2705356159126
batch_014:849,3151.3720230168533,3036.0556093472787,2938.121381017826,2940.2705356159126
batch_014:850,10257.35329568125,10056.949705467614,9821.289267574495,9486.979665708994
batch_014:851,3151.3720230168533,3036.0556093472787,2938.121381017826,2940.2705356159126
batch_014:852,3151.3720230168533,3036.0556093472787,2938.121381017826,2940.2705356159126
batch_014:853,3151.3720230168533,3036.0556093472787,2938.121381017826,2940.2705356159126
batch_014:854,13958.450530490805,13378.52041448671,12417.206201307341,11300.348283966694
batch_014:855,6333.374565432703,6134.967036888543,5763.022829353081,5341.7846818812
batch_014:856,3151.3720230168533,3036.0556093472787,2938.121381017826,2940.2705356159126
batch_014:857,15003.672749442376,14182.814876303708,13242.218154856497,11921.47988219376
batch_014:858,7444.554936274017,7256.002245892553,7091.116723234702,6819.17314579035
batch_014:859,7408.616144560863,7226.928438614432,7059.916176430468,6788.523916875198
batch_014:860,6343.769152836637,6139.050424432664,5760.351880232358,5338.69395384037
batch_014:861,3151.3720230168533,3036.0556093472787,2938.121381017826,2940.2705356159126
batch_014:862,3151.3720230168533,3036.0556093472787,2938.121381017826,2940.2705356159126
batch_014:863,6336.751857011262,6138.358201493876,5765.920443621531,5343.612965618549
batch_014:864,14993.283952043912,14175.419567342391,13231.641185622724,11910.089606003705
batch_014:865,3151.3720230168533,3036.0556093472787,2938.121381017826,2940.2705356159126
batch_014:866,7436.375825552038,7252.548721290481,7088.387032410274,6818.227707346048
batch_014:867,10237.773508154294,10040.350490305058,9807.206222637036,9475.973780955166
batch_014:868,3151.3720230168533,3036.0556093472787,2938.121381017826,2940.2705356159126
batch_014:869,4619.446177175862,4427.792952840158,4122.637519268613,3911.494759859653
batch_014:870,4613.408106810988,4414.532205163145,4106.047934361045,3903.0761320996353
batch_014:871,10258.191837619572,10057.410680982442,9820.202818239282,9486.569466426246
batch_014:872,7406.030478973094,7222.789959841563,7052.84331543379,6783.545573462319
batch_014:873,13966.121488507835,13382.810105882643,12415.604825316219,11301.8375577951
batch_014:874,14994.050741152178,14176.013283892793,13235.71428838249,11915.781151048026
batch_014:875,7411.702139713036,7233.700622987691,7071.332116879174,6802.179967034011
batch_014:876,13973.668267416497,13392.658399481126,12431.9836957847,11313.861718978405
batch_014:877,3151.3720230168533,3036.0556093472787,2938.121381017826,2940.2705356159126
batch_014:878,3151.3720230168533,3036.0556093472787,2938.121381017826,2940.2705356159126
batch_014:879,3151.3720230168533,3036.0556093472787,2938.121381017826,2940.2705356159126
batch_014:880,13959.013250294527,13377.965231349226,12412.141312434454,11299.036320500954
batch_014:881,13956.659354752028,13376.077398483947,12420.040649880044,11308.1890264684
batch_014:882,3151.3720230168533,3036.0556093472787,2938.121381017826,2940.2705356159126
batch_014:883,15005.257783455392,14184.76977965719,13240.378016329221,11917.360901490098
batch_014:884,6336.224290931222,6136.656575770714,5759.319454210798,5337.257845590451
batch_014:885,15001.73824248072,14183.134449000723,13241.488234818707,11919.609814284287
batch_014:886,3151.3720230168533,3036.0556093472787,2938.121381017826,2940.2705356159126
batch_014:887,6348.62969712461,6149.439245647731,5774.73813545171,5350.773630469387
batch_014:888,3151.3720230168533,3036.0556093472787,2938.121381017826,2940.2705356159126
batch_014:889,10240.838605328041,10043.117777446501,9807.4600806369,9475.27696321603
batch_014:890,3151.3720230168533,3036.0556093472787,2938.121381017826,2940.2705356159126
batch_014:891,13971.323960274945,13390.512859247752,12428.284300838961,11314.520198254992
batch_014:892,3151.3720230168533,3036.0556093472787,2938.121381017826,2940.2705356159126
batch_014:893,3151.3720230168533,3036.0556093472787,2938.121381017826,2940.2705356159126
batch_014:894,3151.3720230168533,3036.0556093472787,2938.121381017826,2940.2705356159126
batch_014:895,3151.3720230168533,3036.0556093472787,2938.121381017826,2940.2705356159126
batch_014:896,3151.3720230168533,3036.0556093472787,2938.121381017826,2940.2705356159126
batch_014:897,10238.84236352239,10043.141101062243,9810.60428295812,9479.33828542643
batch_014:898,4608.692818543372,4418.688390189608,4112.3605606417195,3905.3261658235087
batch_014:899,3151.3720230168533,3036.0556093472787,2938.121381017826,2940.2705356159126
batch_014:900,4603.281573929068,4416.394764374288,4109.119248687238,3898.1342830320964
batch_014:901,3151.3720230168533,3036.0556093472787,2938.121381017826,2940.2705356159126
batch_014:902,15013.076543445763,14188.406027055067,13249.968131101623,11926.947730900756
batch_014:903,7444.396759624502,7253.175587932154,7086.338662477564,6810.565933605801
batch_014:904,13970.46131508742,13388.332588498546,12423.088966530091,11308.493053081937
batch_014:905,6333.395086917244,6139.58402719102,5764.583924801638,5345.09601249316
batch_014:906,10246.543301447784,10044.595104255473,9809.864336158433,9477.65399025177
batch_014:907,15019.92707550028,14194.058462843328,13252.030791416233,11929.957167736335
batch_014:908,10251.63800492147,10048.16670450008,9810.346461511508,9479.585566990354
batch_014:909,4638.251263537504,4436.643950509895,4123.62775523809,3913.468905362318
batch_014:910,10259.54951072781,10059.110919107148,9823.572565593951,9488.508957728409
batch_014:911,7411.657326798654,7235.416180551975,7072.172104568704,6803.025228027215
batch_014:912,3151.3720230168533,3036.0556093472787,2938.121381017826,2940.2705356159126
batch_014:913,7411.702139713036,7233.700622987691,7071.332116879174,6802.179967034011
batch_014:914,7441.645485829971,7251.850072628816,7082.993436882511,6808.1939317623255
batch_014:915,3151.3720230168533,3036.0556093472787,2938.121381017826,2940.2705356159126
batch_014:916,3151.3720230168533,3036.0556093472787,2938.121381017826,2940.2705356159126
batch_014:917,3151.3720230168533,3036.0556093472787,2938.121381017826,2940.2705356159126
batch_014:918,15012.910904968247,14191.61397886775,13248.510455278316,11926.83398708243
batch_014:919,3151.3720230168533,3036.0556093472787,2938.121381017826,2940.2705356159126
batch_014:920,6336.866241927899,6135.739006349363,5762.95578677751,5340.0279419887775
batch_014:921,3151.3720230168533,3036.0556093472787,2938.121381017826,2940.2705356159126
batch_014:922,14992.128287449917,14173.55177659903,13230.254943774486,11910.415996000294
batch_014:923,3151.3720230168533,3036.0556093472787,2938.121381017826,2940.2705356159126
batch_014:924,7406.639481236766,7231.469995427208,7075.271032414706,6817.196188307069
batch_014:925,6326.596719865414,6127.1526494319105,5753.340047190568,5334.231195803137
batch_014:926,6335.84524728405,6135.252499184231,5761.996919383184,5339.746228742491
batch_014:927,4632.444364273444,4439.592137600572,4130.571868599693,3919.0642155599226
batch_014:928,7400.411435953855,7224.008554979555,7057.3062464303775,6787.526831042976
batch_014:929,3151.3720230168533,3036.0556093472787,2938.121381017826,2940.2705356159126
batch_014:930,3151.3720230168533,3036.0556093472787,2938.121381017826,2940.2705356159126
batch_014:931,4607.119887177864,4411.56204826172,4106.278427301102,3903.001149551515
batch_014:932,6342.79666520509,6145.041363805538,5770.416419119382,5349.660060358794
batch_014:933,3151.3720230168533,3036.0556093472787,2938.121381017826,2940.2705356159126
batch_014:934,13968.056307686827,13385.936380629615,12426.89037166576,11314.129421822912
batch_014:935,4621.490431239059,4426.178464987994,4118.883734780381,3912.984479042002
batch_014:936,3151.3720230168533,3036.0556093472787,2938.121381017826,2940.2705356159126
batch_014:937,3151.3720230168533,3036.0556093472787,2938.121381017826,2940.2705356159126
batch_014:938,3151.3720230168533,3036.0556093472787,2938.121381017826,2940.2705356159126
batch_014:939,4648.173658547203,4450.709135754835,4436.756234742773,4275.84500278215
batch_014:940,3151.3720230168533,3036.0556093472787,2938.121381017826,2940.2705356159126
batch_014:941,3151.3720230168533,3036.0556093472787,2938.121381017826,2940.2705356159126
batch_014:942,3151.3720230168533,3036.0556093472787,2938.121381017826,2940.2705356159126
batch_014:943,14997.155503385773,14175.740942568524,13231.382266711069,11911.615045369674
batch_014:944,13964.859668517576,13387.847948141109,12429.89976740065,11316.962156191428
batch_014:945,14995.992626136296,14173.786797877292,13234.728136697102,11912.37571510626
batch_014:946,3151.3720230168533,3036.0556093472787,2938.121381017826,2940.2705356159126
batch_014:947,3151.3720230168533,3036.0556093472787,2938.121381017826,2940.2705356159126
batch_014:948,3151.3720230168533,3036.0556093472787,2938.121381017826,2940.2705356159126
batch_014:949,3151.3720230168533,3036.0556093472787,2938.121381017826,2940.2705356159126
batch_014:950,3151.3720230168533,3036.0556093472787,2938.121381017826,2940.2705356159126
batch_014:951,14999.914915200428,14179.327862062803,13240.784633965777,11920.852736140769
batch_014:952,10257.668241384,10056.319236974117,9817.173236509256,9484.241156800224
batch_014:953,6330.647011626123,6126.489273861271,5752.966849545557,5334.4620538411855
batch_014:954,3151.3720230168533,3036.0556093472787,2938.121381017826,2940.2705356159126
batch_014:955,15004.863305110339,14181.300596029314,13241.685395857745,11919.33400410181
batch_014:956,3151.3720230168533,3036.0556093472787,2938.121381017826,2940.2705356159126
batch_014:957,3151.3720230168533,3036.0556093472787,2938.121381017826,2940.2705356159126
batch_014:958,3151.3720230168533,3036.0556093472787,2938.121381017826,2940.2705356159126
batch_014:959,6338.296924367608,6137.8935393373085,5763.767383568706,5341.296771355349
batch_014:960,10250.3557012671,10051.436056916149,9822.412917848767,9487.988153701623
batch_014:961,13965.354094296996,13384.322010437212,12426.966370890308,11311.168241185664
batch_014:962,6344.397969641973,6144.092064241656,5769.151405892118,5346.364547539392
batch_014:963,10249.271996113905,10047.54020284536,9814.052528043596,9482.109177446559
batch_014:964,15003.8426476087,14178.583148514488,13234.861235009528,11912.413495022614
batch_014:965,3151.3720230168533,3036.0556093472787,2938.121381017826,2940.2705356159126
batch_014:966,6336.708248281347,6137.510781437383,5762.584313183384,5341.684101743714
batch_014:967,3151.3720230168533,3036.0556093472787,2938.121381017826,2940.2705356159126
batch_014:968,3151.3720230168533,3036.0556093472787,2938.121381017826,2940.2705356159126
batch_014:969,10252.6725007277,10052.44008133738,9817.696976749101,9482.721543356822
batch_014:970,13957.310618282147,13372.737157779313,12410.392418281093,11296.356245285271
batch_014:971,15004.748585034045,14181.78681764915,13244.51579850875,11921.84846950551
batch_014:972,3151.3720230168533,3036.0556093472787,2938.121381017826,2940.2705356159126
batch_014:973,10263.768669466588,10062.346385997549,9826.256349388223,9490.009315622627
batch_014:974,7418.400170442194,7239.770077692262,7071.528871517879,6798.159669199927
batch_014:975,7401.503134211854,7222.657752916111,7050.8503375398395,6780.17834941248
batch_014:976,3151.3720230168533,3036.0556093472787,2938.121381017826,2940.2705356159126
batch_014:977,7422.528186908923,7241.749292154258,7078.851997704455,6810.160815417878
batch_014:978,3151.3720230168533,3036.0556093472787,2938.121381017826,2940.2705356159126
batch_014:979,3151.3720230168533,3036.0556093472787,2938.121381017826,2940.2705356159126
batch_014:980,15004.033805936526,14183.052067893015,13238.013727431597,11916.030612602404
batch_014:981,3151.3720230168533,3036.0556093472787,2938.121381017826,2940.2705356159126
batch_014:982,13953.923706045423,13376.92106275119,12419.219402609,11306.49722095327
batch_014:983,3151.3720230168533,3036.0556093472787,2938.121381017826,2940.2705356159126
batch_014:984,3151.3720230168533,3036.0556093472787,2938.121381017826,2940.2705356159126
batch_014:985,4614.909716451529,4418.394300322989,4107.675514445259,3903.020499654858
batch_014:986,3151.3720230168533,3036.0556093472787,2938.121381017826,2940.2705356159126
batch_014:987,7409.779606667832,7234.187887468084,7070.168836817475,6800.953405381783
batch_014:988,4611.077306432749,4411.829783231902,4101.412633817849,3897.7579860844216
batch_014:989,13972.878011823488,13393.067246071709,12431.214338641734,11317.157297295085
batch_014:990,3151.3720230168533,3036.0556093472787,2938.121381017826,2940.2705356159126
batch_014:991,3151.3720230168533,3036.0556093472787,2938.121381017826,2940.2705356159126
batch_014:992,7444.396759624502,7253.653510203829,7088.71451427527,6814.7243775674115
batch_014:993,6347.850359480266,6146.903374576669,5772.270033742607,5352.008914674992
batch_014:994,14997.128232971447,14173.598721186292,13234.017675979372,11911.016675217552
batch_014:995,3151.3720230168533,3036.0556093472787,2938.121381017826,2940.2705356159126
batch_014:996,3151.3720230168533,3036.0556093472787,2938.121381017826,2940.2705356159126
batch_014:997,3151.3720230168533,3036.0556093472787,2938.121381017826,2940.2705356159126
batch_014:998,3151.3720230168533,3036.0556093472787,2938.121381017826,2940.2705356159126
batch_014:999,3151.3720230168533,3036.0556093472787,2938.121381017826,2940.2705356159126
batch_014:1000,10258.555740169682,10055.461056498869,9814.038797677204,9482.754192055605
batch_015:1,3151.3720230168533,3036.0556093472787,2938.121381017826,2940.2705356159126
batch_015:2,3151.3720230168533,3036.0556093472787,2938.121381017826,2940.2705356159126
batch_015:3,13964.545795083597,13385.501962182298,12426.557974059448,11314.119792732028
batch_015:4,10251.383894462388,10050.50645871111,9816.8870798769,9484.455904197133
batch_015:5,7438.674429199308,7263.921517574133,7102.075134463123,6835.642165437313
batch_015:6,3151.3720230168533,3036.0556093472787,2938.121381017826,2940.2705356159126
batch_015:7,3151.3720230168533,3036.0556093472787,2938.121381017826,2940.2705356159126
batch_015:8,3151.3720230168533,3036.0556093472787,2938.121381017826,2940.2705356159126
batch_015:9,4660.881595333871,4458.620260817381,4146.5635942059625,3929.1865323345964
batch_015:10,14986.202958134401,14168.443476840745,13229.285178971633,11907.751084191004
batch_015:11,13963.460368671871,13382.343730403598,12426.314659161972,11313.592978886762
batch_015:12,3151.3720230168533,3036.0556093472787,2938.121381017826,2940.2705356159126
batch_015:13,4611.3385972633805,4413.249122246956,4105.182962644644,3902.1756160722052
batch_015:14,3151.3720230168533,3036.0556093472787,2938.121381017826,2940.2705356159126
batch_015:15,4623.311126561046,4423.679256920441,4113.207153119242,3905.741728174419
batch_015:16,3151.3720230168533,3036.0556093472787,2938.121381017826,2940.2705356159126
batch_015:17,7444.554936274017,7256.002245892553,7091.116723234702,6819.17314579035
batch_015:18,7419.038470915532,7238.292088250097,7069.50115045239,6795.6270733572455
batch_015:19,3151.3720230168533,3036.0556093472787,2938.121381017826,2940.2705356159126
batch_015:20,13969.35004224256,13390.030144620327,12422.018232244733,11307.122285798705
batch_015:21,7401.873267306651,7225.185384515179,7058.842135452804,6788.68417052183
batch_015:22,10235.183054304898,10038.300026489454,9805.002157443028,9475.979802850481
batch_015:23,3151.3720230168533,3036.0556093472787,2938.121381017826,2940.2705356159126
batch_015:24,4615.6025333722355,4422.4468027254825,4113.201182206332,3903.2507466374723
batch_015:25,13959.013250294527,13377.965231349226,12412.141312434454,11299.036320500954
batch_015:26,7399.790391130463,7227.234577481388,7068.220997147401,6798.671978064459
batch_015:27,3151.3720230168533,3036.0556093472787,2938.121381017826,2940.2705356159126
batch_015:28,7404.6255069322315,7221.53531702387,7050.371658497188,6781.594353241149
batch_015:29,15005.662990997378,14184.043027765716,13247.852889275577,11928.104003949935
batch_015:30,10246.928958368266,10045.673856049236,9811.235906749027,9478.795212883086
batch_015:31,10252.43847179954,10051.138041856464,9822.847471618417,9490.64963297246
batch_015:32,3151.3720230168533,3036.0556093472787,2938.121381017826,2940.2705356159126
batch_015:33,4615.6025333722355,4422.4468027254825,4113.201182206332,3903.2507466374723
batch_015:34,7408.597415530278,7231.665672287975,7069.296302011674,6799.302649167478
batch_015:35,6332.50198508544,6129.122773881437,5755.515301196921,5335.487252401235
batch_015:36,6343.979420721047,6142.185081410364,5764.4715981141635,5340.600920610775
batch_015:37,7408.524183785592,7229.235632847758,7067.8530403821715,6800.733448639862
batch_015:38,7417.361460429562,7234.150180486559,7059.896149342199,6786.621031624177
batch_015:39,4595.067523629541,4402.6144091452825,4102.115918115952,3903.3386975627845
batch_015:40,3151.3720230168533,3036.0556093472787,2938.121381017826,2940.2705356159126
batch_015:41,3151.3720230168533,3036.0556093472787,2938.121381017826,2940.2705356159126
batch_015:42,3151.3720230168533,3036.0556093472787,2938.121381017826,2940.2705356159126
batch_015:43,3151.3720230168533,3036.0556093472787,2938.121381017826,2940.2705356159126
batch_015:44,6327.599004880859,6133.053463255308,5761.89442476693,5340.977924239389
batch_015:45,3151.3720230168533,3036.0556093472787,2938.121381017826,2940.2705356159126
batch_015:46,3151.3720230168533,3036.0556093472787,2938.121381017826,2940.2705356159126
batch_015:47,3151.3720230168533,3036.0556093472787,2938.121381017826,2940.2705356159126
batch_015:48,3151.3720230168533,3036.0556093472787,2938.121381017826,2940.2705356159126
batch_015:49,4611.077306432749,4411.829783231902,4101.412633817849,3897.7579860844216
batch_015:50,10260.2188559179,10059.381450359368,9824.869660299059,9488.06638815364
batch_015:51,3151.3720230168533,3036.0556093472787,2938.121381017826,2940.2705356159126
batch_015:52,3151.3720230168533,3036.0556093472787,2938.121381017826,2940.2705356159126
batch_015:53,3151.3720230168533,3036.0556093472787,2938.121381017826,2940.2705356159126
batch_015:54,6336.669770700995,6136.029609616397,5762.139623433686,5342.105023742265
batch_015:55,6340.451219266495,6142.630594729752,5768.711240461482,5346.368693178553
batch_015:56,4632.994793787806,4434.005916193106,4129.094451825332,3917.5733508879757
batch_015:57,3151.3720230168533,3036.0556093472787,2938.121381017826,2940.2705356159126
batch_015:58,3151.3720230168533,3036.0556093472787,2938.121381017826,2940.2705356159126
batch_015:59,13966.527752549346,13382.16861575598,12421.73918726758,11309.862734690943
batch_015:60,4628.133950078103,4434.66880736423,4122.149688408241,3910.7814178802823
batch_015:61,14993.554108962106,14174.45339969006,13231.100643690896,11911.966584346506
batch_015:62,3151.3720230168533,3036.0556093472787,2938.121381017826,2940.2705356159126
batch_015:63,4617.039645545146,4421.980104320224,4118.669192558327,3913.367760455121
batch_015:64,10259.877530164877,10062.879127291348,9834.53119200553,9499.369011663988
batch_015:65,3151.3720230168533,3036.0556093472787,2938.121381017826,2940.2705356159126
batch_015:66,4635.195580380156,4437.552375971942,4124.875630544377,3914.481268513608
batch_015:67,3151.3720230168533,3036.0556093472787,2938.121381017826,2940.2705356159126
batch_015:68,3151.3720230168533,3036.0556093472787,2938.121381017826,2940.2705356159126
batch_015:69,7407.003876890083,7226.769014358823,7063.421291350474,6793.702575750718
batch_015:70,7405.365581350656,7228.754833703423,7065.006302816808,6794.624183009392
batch_015:71,3151.3720230168533,3036.0556093472787,2938.121381017826,2940.2705356159126
batch_015:72,3151.3720230168533,3036.0556093472787,2938.121381017826,2940.2705356159126
batch_015:73,3151.3720230168533,3036.0556093472787,2938.121381017826,2940.2705356159126
batch_015:74,3151.3720230168533,3036.0556093472787,2938.121381017826,2940.2705356159126
batch_015:75,3151.3720230168533,3036.0556093472787,2938.121381017826,2940.2705356159126
batch_015:76,7416.672198930821,7237.834312061274,7070.600942700998,6801.625306972035
batch_015:77,3151.3720230168533,3036.0556093472787,2938.121381017826,2940.2705356159126
batch_015:78,10247.033287664779,10041.856952958115,9804.538080192893,9471.312033500599
batch_015:79,3151.3720230168533,3036.0556093472787,2938.121381017826,2940.2705356159126
batch_015:80,15004.16228093633,14180.819637148401,13238.819856514265,11917.193006259373
batch_015:81,3151.3720230168533,3036.0556093472787,2938.121381017826,2940.2705356159126
batch_015:82,4644.006685957099,4445.351110219729,4135.808754591235,3919.14467429252
batch_015:83,10258.478769420655,10057.28852735363,9825.389068368779,9493.272844930969
batch_015:84,3151.3720230168533,3036.0556093472787,2938.121381017826,2940.2705356159126
batch_015:85,4651.143010695937,4448.831335847586,4139.281905687434,3926.090223209991
batch_015:86,6350.944276805187,6150.4785902605,5775.342078290187,5349.606261006619
batch_015:87,3151.3720230168533,3036.0556093472787,2938.121381017826,2940.2705356159126
batch_015:88,4609.246335020409,4414.715731109005,4105.549743415038,3902.0530746735453
batch_015:89,15007.645665452104,14185.65954259997,13244.902184364393,11924.18348067421
batch_015:90,7424.060241757438,7246.202317014771,7086.392262814636,6816.688685916583
batch_015:91,14998.544442385983,14179.207660889686,13238.418849714944,11919.013991230719
batch_015:92,3151.3720230168533,3036.0556093472787,2938.121381017826,2940.2705356159126
batch_015:93,15024.206074204363,14198.821967773123,13261.367451738937,11935.61046165191
batch_015:94,3151.3720230168533,3036.0556093472787,2938.121381017826,2940.2705356159126
batch_015:95,13973.447633699525,13393.094200213105,12437.012292202118,11323.548374424063
batch_015:96,3151.3720230168533,3036.0556093472787,2938.121381017826,2940.2705356159126
batch_015:97,6363.305288545036,6162.8038686625105,5786.3096586260135,5359.317057532
batch_015:98,14994.579764587343,14178.099724147205,13236.47712388399,11915.45804520138
batch_015:99,3151.3720230168533,3036.0556093472787,2938.121381017826,2940.2705356159126
batch_015:100,6334.847928273039,6135.377575677772,5757.725447910228,5341.239531313777
batch_015:101,3151.3720230168533,3036.0556093472787,2938.121381017826,2940.2705356159126
batch_015:102,6344.586020933013,6146.540058040054,5769.630390535509,5346.614209623468
batch_015:103,3151.3720230168533,3036.0556093472787,2938.121381017826,2940.2705356159126
batch_015:104,3151.3720230168533,3036.0556093472787,2938.121381017826,2940.2705356159126
batch_015:105,14998.884417445171,14179.48277647321,13235.310289525498,11914.908527770287
batch_015:106,3151.3720230168533,3036.0556093472787,2938.121381017826,2940.2705356159126
batch_015:107,14988.051788458211,14170.79834128442,13230.330266455427,11908.021094043685
batch_015:108,3151.3720230168533,3036.0556093472787,2938.121381017826,2940.2705356159126
batch_015:109,15005.611532349392,14180.420573427058,13241.17517424269,11920.273005741748
batch_015:110,7399.289365506811,7220.102519149466,7059.187699306973,6790.632169800548
batch_015:111,3151.3720230168533,3036.0556093472787,2938.121381017826,2940.2705356159126
batch_015:112,15005.442975844764,14183.362198064766,13248.251407421752,11928.087249572864
batch_015:113,3151.3720230168533,3036.0556093472787,2938.121381017826,2940.2705356159126
batch_015:114,3151.3720230168533,3036.0556093472787,2938.121381017826,2940.2705356159126
batch_015:115,3151.3720230168533,3036.0556093472787,2938.121381017826,2940.2705356159126
batch_015:116,14999.563659787496,14180.431386321794,13240.060760352017,11919.257517763626
batch_015:117,15029.970962031372,14200.370930222345,13257.1022632642,11933.937381628702
batch_015:118,3151.3720230168533,3036.0556093472787,2938.121381017826,2940.2705356159126
batch_015:119,14987.216006502416,14172.547390694386,13232.588401981347,11913.123138146242
batch_015:120,13966.307793239666,13386.185365201734,12424.683520470104,11311.952098399126
batch_015:121,3151.3720230168533,3036.0556093472787,2938.121381017826,2940.2705356159126
batch_015:122,3151.3720230168533,3036.0556093472787,2938.121381017826,2940.2705356159126
batch_015:123,10248.088060324802,10045.456545322619,9805.371863521139,9474.06865464917
batch_015:124,3151.3720230168533,3036.0556093472787,2938.121381017826,2940.2705356159126
batch_015:125,15006.885935239818,14182.731074494266,13242.342702870425,11919.825745765542
batch_015:126,3151.3720230168533,3036.0556093472787,2938.121381017826,2940.2705356159126
batch_015:127,3151.3720230168533,3036.0556093472787,2938.121381017826,2940.2705356159126
batch_015:128,13951.34411716534,13373.588518670702,12417.480018033308,11306.16598653309
batch_015:129,3151.3720230168533,3036.0556093472787,2938.121381017826,2940.2705356159126
batch_015:130,10252.826160957295,10053.888760312888,9817.277987259877,9482.488707749066
batch_015:131,4645.36141063418,4444.115914904956,4132.382180261489,3921.406956180596
batch_015:132,13962.92378586809,13381.142087155546,12419.873672220334,11307.56853600356
batch_015:133,3151.3720230168533,3036.0556093472787,2938.121381017826,2940.2705356159126
batch_015:134,3151.3720230168533,3036.0556093472787,2938.121381017826,2940.2705356159126
batch_015:135,4620.985453993196,4419.90648801373,4114.640823136106,3909.133356231607
batch_015:136,3151.3720230168533,3036.0556093472787,2938.121381017826,2940.2705356159126
batch_015:137,4616.604251698492,4423.735818527885,4110.5230747677,3903.46122023879
batch_015:138,3151.3720230168533,3036.0556093472787,2938.121381017826,2940.2705356159126
batch_015:139,3151.3720230168533,3036.0556093472787,2938.121381017826,2940.2705356159126
batch_015:140,3151.3720230168533,3036.0556093472787,2938.121381017826,2940.2705356159126
batch_015:141,10250.357858335188,10048.553305927224,9820.819743834983,9492.50397812229
batch_015:142,6346.409134309572,6146.863541834859,5770.732792465029,5346.88175897199
batch_015:143,14992.025480753407,14172.319859138666,13235.197470826235,11915.369896856915
batch_015:144,4669.342414634276,4461.164248249062,4150.631871597687,3933.8081307478387
batch_015:145,6337.690848396801,6136.751335630159,5761.969368229869,5342.070996367885
batch_015:146,4645.480949170987,4441.87668107753,4130.010558596548,3921.012985188696
batch_015:147,3151.3720230168533,3036.0556093472787,2938.121381017826,2940.2705356159126
batch_015:148,4647.703083285209,4448.900675605751,4135.452751584216,3923.4209599818305
batch_015:149,3151.3720230168533,3036.0556093472787,2938.121381017826,2940.2705356159126
batch_015:150,7429.609068840505,7240.618595559306,7075.926272460279,6804.301132222195
batch_015:151,6345.1111735175755,6145.92182504321,5768.388297044829,5345.680943349646
batch_015:152,10246.633806827807,10044.826593715035,9814.045971753787,9482.653435722812
batch_015:153,3151.3720230168533,3036.0556093472787,2938.121381017826,2940.2705356159126
batch_015:154,3151.3720230168533,3036.0556093472787,2938.121381017826,2940.2705356159126
batch_015:155,13958.857203949801,13379.402387999451,12418.849077116069,11305.91358129374
batch_015:156,3151.3720230168533,3036.0556093472787,2938.121381017826,2940.2705356159126
batch_015:157,3151.3720230168533,3036.0556093472787,2938.121381017826,2940.2705356159126
batch_015:158,7411.590249202002,7231.173620631883,7070.751295723868,6804.576964291939
batch_015:159,4596.292651673373,4404.17607571907,4097.344929946401,3896.3456782183907
batch_015:160,3151.3720230168533,3036.0556093472787,2938.121381017826,2940.2705356159126
batch_015:161,3151.3720230168533,3036.0556093472787,2938.121381017826,2940.2705356159126
batch_015:162,3151.3720230168533,3036.0556093472787,2938.121381017826,2940.2705356159126
batch_015:163,7414.018265618876,7238.063904452276,7072.125333053295,6800.492086618911
batch_015:164,3151.3720230168533,3036.0556093472787,2938.121381017826,2940.2705356159126
batch_015:165,13961.95506576867,13380.843188866154,12420.013794670733,11304.894533810633
batch_015:166,10244.49203332745,10045.015800965024,9812.59467598039,9480.833874302372
batch_015:167,13946.131499785004,13365.772068684375,12408.729324971606,11294.9193183342
batch_015:168,3151.3720230168533,3036.0556093472787,2938.121381017826,2940.2705356159126
batch_015:169,3151.3720230168533,3036.0556093472787,2938.121381017826,2940.2705356159126
batch_015:170,3151.3720230168533,3036.0556093472787,2938.121381017826,2940.2705356159126
batch_015:171,3151.3720230168533,3036.0556093472787,2938.121381017826,2940.2705356159126
batch_015:172,13970.608529411085,13389.646057853737,12431.044860386306,11315.500370588903
batch_015:173,3151.3720230168533,3036.0556093472787,2938.121381017826,2940.2705356159126
batch_015:174,14989.154646118635,14173.135481178237,13230.39531885659,11911.088634448235
batch_015:175,3151.3720230168533,3036.0556093472787,2938.121381017826,2940.2705356159126
batch_015:176,10258.478769420655,10057.28852735363,9825.389068368779,9493.272844930969
batch_015:177,13961.488994781852,13383.07544025562,12425.270857409332,11311.97562488194
batch_015:178,14984.676054788784,14167.58957529069,13228.817731826693,11906.70559276395
batch_015:179,3151.3720230168533,3036.0556093472787,2938.121381017826,2940.2705356159126
batch_015:180,6339.839554465591,6144.61368595479,5765.544118369625,5344.257432742818
batch_015:181,3151.3720230168533,3036.0556093472787,2938.121381017826,2940.2705356159126
batch_015:182,3151.3720230168533,3036.0556093472787,2938.121381017826,2940.2705356159126
batch_015:183,10256.835353595825,10057.075159656179,9819.52018070014,9485.649889151187
batch_015:184,3151.3720230168533,3036.0556093472787,2938.121381017826,2940.2705356159126
batch_015:185,3151.3720230168533,3036.0556093472787,2938.121381017826,2940.2705356159126
batch_015:186,3151.3720230168533,3036.0556093472787,2938.121381017826,2940.2705356159126
batch_015:187,3151.3720230168533,3036.0556093472787,2938.121381017826,2940.2705356159126
batch_015:188,13959.795514154457,13380.132733998624,12415.516218411696,11301.270549945039
batch_015:189,10259.646149664299,10059.298233345327,9825.765234223962,9494.923836770053
batch_015:190,3151.3720230168533,3036.0556093472787,2938.121381017826,2940.2705356159126
batch_015:191,13975.18318000182,13392.463047218238,12429.828146525595,11315.578765316337
batch_015:192,3151.3720230168533,3036.0556093472787,2938.121381017826,2940.2705356159126
batch_015:193,3151.3720230168533,3036.0556093472787,2938.121381017826,2940.2705356159126
batch_015:194,10247.66466904981,10044.622080469053,9812.77971790468,9483.824182538585
batch_015:195,3151.3720230168533,3036.0556093472787,2938.121381017826,2940.2705356159126
batch_015:196,4633.292131885202,4431.076209433545,4124.596442792433,3917.271269742938
batch_015:197,10255.783537400697,10057.869314548268,9823.829747097905,9488.511889961572
batch_015:198,10256.77450897729,10052.85832661459,9814.151573986626,9479.628463494322
batch_015:199,3151.3720230168533,3036.0556093472787,2938.121381017826,2940.2705356159126
batch_015:200,3151.3720230168533,3036.0556093472787,2938.121381017826,2940.2705356159126
batch_015:201,15017.374082645714,14190.89277664786,13252.319068988867,11929.332783470323
batch_015:202,6344.624072955973,6144.171770515783,5769.078648088956,5352.374648552604
batch_015:203,3151.3720230168533,3036.0556093472787,2938.121381017826,2940.2705356159126
batch_015:204,3151.3720230168533,3036.0556093472787,2938.121381017826,2940.2705356159126
batch_015:205,3151.3720230168533,3036.0556093472787,2938.121381017826,2940.2705356159126
batch_015:206,13960.543427479579,13381.948745058478,12422.933414430057,11308.92034167068
batch_015:207,3151.3720230168533,3036.0556093472787,2938.121381017826,2940.2705356159126
batch_015:208,10255.707035473713,10056.142706017798,9820.072471186657,9488.108167657607
batch_015:209,3151.3720230168533,3036.0556093472787,2938.121381017826,2940.2705356159126
batch_015:210,3151.3720230168533,3036.0556093472787,2938.121381017826,2940.2705356159126
batch_015:211,6340.429947293347,6135.606119385498,5761.345144228082,5341.183391046852
batch_015:212,3151.3720230168533,3036.0556093472787,2938.121381017826,2940.2705356159126
batch_015:213,3151.3720230168533,3036.0556093472787,2938.121381017826,2940.2705356159126
batch_015:214,6341.637432215779,6137.576236455517,5762.120994013612,5341.649096915268
batch_015:215,4634.767585333003,4436.922011868459,4125.112325628158,3915.189518008299
batch_015:216,7411.702139713036,7233.700622987691,7071.332116879174,6802.179967034011
batch_015:217,15001.641689524527,14184.962495592112,13240.440727393441,11919.461899629037
batch_015:218,3151.3720230168533,3036.0556093472787,2938.121381017826,2940.2705356159126
batch_015:219,3151.3720230168533,3036.0556093472787,2938.121381017826,2940.2705356159126
batch_015:220,3151.3720230168533,3036.0556093472787,2938.121381017826,2940.2705356159126
batch_015:221,10246.89357963012,10043.82412469373,9809.57954227725,9480.242060955245
batch_015:222,13954.88663582814,13374.767848677811,12422.496115751053,11309.236061988824
batch_015:223,3151.3720230168533,3036.0556093472787,2938.121381017826,2940.2705356159126
batch_015:224,6337.457724647743,6133.59858023995,5757.904623667644,5337.529020893054
batch_015:225,3151.3720230168533,3036.0556093472787,2938.121381017826,2940.2705356159126
batch_015:226,3151.3720230168533,3036.0556093472787,2938.121381017826,2940.2705356159126
batch_015:227,4594.706103158837,4398.3884921836125,4093.4384465714256,3894.3293733338537
batch_015:228,3151.3720230168533,3036.0556093472787,2938.121381017826,2940.2705356159126
batch_015:229,3151.3720230168533,3036.0556093472787,2938.121381017826,2940.2705356159126
batch_015:230,13964.645333886097,13386.310568312005,12420.073382890903,11305.230080815185
batch_015:231,15003.475645609396,14183.418198073692,13239.17094400575,11918.046490343017
batch_015:232,3151.3720230168533,3036.0556093472787,2938.121381017826,2940.2705356159126
batch_015:233,10265.504365295716,10064.305055733914,9833.042570374855,9497.00420637168
batch_015:234,13965.92345160372,13385.178461453006,12421.559241320025,11308.328726014472
batch_015:235,3151.3720230168533,3036.0556093472787,2938.121381017826,2940.2705356159126
batch_015:236,10252.294735638317,10052.058429169263,9817.59498492986,9485.580968835473
batch_015:237,3151.3720230168533,3036.0556093472787,2938.121381017826,2940.2705356159126
batch_015:238,3151.3720230168533,3036.0556093472787,2938.121381017826,2940.2705356159126
batch_015:239,7417.898931135351,7241.3987706937505,7083.610024048432,6821.185629804648
batch_015:240,4696.724811134149,4488.153748340374,4175.0196920032895,3953.7610265375524
batch_015:241,14992.128287449917,14173.55177659903,13230.254943774486,11910.415996000294
batch_015:242,15005.69946452763,14185.76499548891,13244.986458695517,11921.387138474387
batch_015:243,3151.3720230168533,3036.0556093472787,2938.121381017826,2940.2705356159126
batch_015:244,4623.832362886475,4423.14721060158,4115.652591431256,3911.68283565883
batch_015:245,3151.3720230168533,3036.0556093472787,2938.121381017826,2940.2705356159126
batch_015:246,10239.952227307283,10040.54385475789,9808.31533341828,9480.402521852811
batch_015:247,3151.3720230168533,3036.0556093472787,2938.121381017826,2940.2705356159126
batch_015:248,15024.25062517273,14199.106540031698,13255.058962724792,11934.166271877475
batch_015:249,4589.680252996404,4396.105429023967,4096.277826335715,3898.7123456960426
batch_015:250,3151.3720230168533,3036.0556093472787,2938.121381017826,2940.2705356159126
batch_015:251,3151.3720230168533,3036.0556093472787,2938.121381017826,2940.2705356159126
batch_015:252,4623.47394533614,4427.687139562185,4123.533478638791,3918.4302303350682
batch_015:253,7416.726411333818,7235.198982853219,7071.183712129374,6802.339967842608
batch_015:254,13970.063111317082,13390.130316378558,12428.439472659154,11314.305097620107
batch_015:255,4625.834789720268,4431.752732903451,4117.749405118907,3908.2263376776427
batch_015:256,3151.3720230168533,3036.0556093472787,2938.121381017826,2940.2705356159126
batch_015:257,3151.3720230168533,3036.0556093472787,2938.121381017826,2940.2705356159126
batch_015:258,3151.3720230168533,3036.0556093472787,2938.121381017826,2940.2705356159126
batch_015:259,10251.080187292388,10050.036795826261,9817.00176890986,9484.2963457658
batch_015:260,3151.3720230168533,3036.0556093472787,2938.121381017826,2940.2705356159126
batch_015:261,4692.0589765655295,4480.483600539601,4161.765881233544,3937.9420861207855
batch_015:262,13961.145937751373,13380.836476894732,12415.476555270685,11302.44003652509
batch_015:263,3151.3720230168533,3036.0556093472787,2938.121381017826,2940.2705356159126
batch_015:264,3151.3720230168533,3036.0556093472787,2938.121381017826,2940.2705356159126
batch_015:265,13952.887550617454,13374.111976350752,12420.644638674856,11306.369140569881
batch_015:266,7407.758148670026,7228.718286802892,7058.478943728928,6788.740562351463
batch_015:267,3151.3720230168533,3036.0556093472787,2938.121381017826,2940.2705356159126
batch_015:268,7410.59741171938,7238.0425423552715,7077.653265226225,6808.8021637819165
batch_015:269,3151.3720230168533,3036.0556093472787,2938.121381017826,2940.2705356159126
batch_015:270,10248.411644856325,10052.287923885562,9823.379364464063,9488.44042818735
batch_015:271,10248.152634026077,10047.303806081092,9812.263680254546,9483.662648080874
batch_015:272,13970.063111317082,13390.130316378558,12428.439472659154,11314.305097620107
batch_015:273,3151.3720230168533,3036.0556093472787,2938.121381017826,2940.2705356159126
batch_015:274,4627.969188021832,4427.715149910348,4120.36438545487,3912.791832152
batch_015:275,7398.240918620974,7220.889833890133,7055.410509280043,6784.881085651472
batch_015:276,13958.224860174654,13375.476950526989,12412.518493822394,11300.10912237636
batch_015:277,3151.3720230168533,3036.0556093472787,2938.121381017826,2940.2705356159126
batch_015:278,3151.3720230168533,3036.0556093472787,2938.121381017826,2940.2705356159126
batch_015:279,3151.3720230168533,3036.0556093472787,2938.121381017826,2940.2705356159126
batch_015:280,13967.659385156367,13385.960992685445,12423.338712491957,11310.62219116191
batch_015:281,10248.18772473869,10048.978106903354,9819.047708483302,9487.566663637688
batch_015:282,4651.143010695937,4448.831335847586,4139.281905687434,3926.090223209991
batch_015:283,3151.3720230168533,3036.0556093472787,2938.121381017826,2940.2705356159126
batch_015:284,13963.740069430416,13384.568265989521,12422.323941866842,11308.6854670577
batch_015:285,3151.3720230168533,3036.0556093472787,2938.121381017826,2940.2705356159126
batch_015:286,3151.3720230168533,3036.0556093472787,2938.121381017826,2940.2705356159126
batch_015:287,10248.156441366777,10048.399470674922,9816.25944141703,9483.491627317686
batch_015:288,7413.007140458338,7235.130559948228,7074.015083561299,6806.201553177491
batch_015:289,14998.579124433982,14175.614395151742,13234.428141259226,11912.337553931091
batch_015:290,10246.719318008294,10046.395513826723,9818.688183339382,9486.257453765702
batch_015:291,4606.272720642569,4410.915569939263,4104.054991563322,3900.2401864586536
batch_015:292,3151.3720230168533,3036.0556093472787,2938.121381017826,2940.2705356159126
batch_015:293,13970.214850275781,13392.887623292114,12433.85605282664,11319.02578991352
batch_015:294,3151.3720230168533,3036.0556093472787,2938.121381017826,2940.2705356159126
batch_015:295,3151.3720230168533,3036.0556093472787,2938.121381017826,2940.2705356159126
batch_015:296,15006.320971230783,14183.046989151217,13242.267792900075,11921.479158306487
batch_015:297,3151.3720230168533,3036.0556093472787,2938.121381017826,2940.2705356159126
batch_015:298,4633.292131885202,4431.076209433545,4124.596442792433,3917.271269742938
batch_015:299,3151.3720230168533,3036.0556093472787,2938.121381017826,2940.2705356159126
batch_015:300,3151.3720230168533,3036.0556093472787,2938.121381017826,2940.2705356159126
batch_015:301,13974.22390133497,13391.811696230452,12433.510203273914,11319.589904054992
batch_015:302,3151.3720230168533,3036.0556093472787,2938.121381017826,2940.2705356159126
batch_015:303,3151.3720230168533,3036.0556093472787,2938.121381017826,2940.2705356159126
batch_015:304,3151.3720230168533,3036.0556093472787,2938.121381017826,2940.2705356159126
batch_015:305,3151.3720230168533,3036.0556093472787,2938.121381017826,2940.2705356159126
batch_015:306,3151.3720230168533,3036.0556093472787,2938.121381017826,2940.2705356159126
batch_015:307,3151.3720230168533,3036.0556093472787,2938.121381017826,2940.2705356159126
batch_015:308,3151.3720230168533,3036.0556093472787,2938.121381017826,2940.2705356159126
batch_015:309,6360.071887044511,6160.546772640026,5782.109194328183,5358.049818424342
batch_015:310,4687.849357776896,4483.234818928548,4170.035263609169,3947.773035301211
batch_015:311,3151.3720230168533,3036.0556093472787,2938.121381017826,2940.2705356159126
batch_015:312,3151.3720230168533,3036.0556093472787,2938.121381017826,2940.2705356159126
batch_015:313,13966.121488507835,13382.810105882643,12415.604825316219,11301.8375577951
batch_015:314,13969.187546815418,13389.767357045419,12429.764848993753,11312.990628244841
batch_015:315,3151.3720230168533,3036.0556093472787,2938.121381017826,2940.2705356159126
batch_015:316,6338.127393561904,6137.609657520186,5764.596396999188,5342.289096853756
batch_015:317,3151.3720230168533,3036.0556093472787,2938.121381017826,2940.2705356159126
batch_015:318,14993.03450545167,14173.686121366167,13231.71309467868,11910.008432137622
batch_015:319,15001.11723915198,14183.424595821441,13236.880402168586,11917.493055053064
batch_015:320,3151.3720230168533,3036.0556093472787,2938.121381017826,2940.2705356159126
batch_015:321,3151.3720230168533,3036.0556093472787,2938.121381017826,2940.2705356159126
batch_015:322,6343.722851623361,6142.2862353408,5766.199443371424,5344.178015902499
batch_015:323,3151.3720230168533,3036.0556093472787,2938.121381017826,2940.2705356159126
batch_015:324,3151.3720230168533,3036.0556093472787,2938.121381017826,2940.2705356159126
batch_015:325,3151.3720230168533,3036.0556093472787,2938.121381017826,2940.2705356159126
batch_015:326,10256.668422008104,10055.846457023132,9820.341287958965,9485.799784425188
batch_015:327,3151.3720230168533,3036.0556093472787,2938.121381017826,2940.2705356159126
batch_015:328,3151.3720230168533,3036.0556093472787,2938.121381017826,2940.2705356159126
batch_015:329,3151.3720230168533,3036.0556093472787,2938.121381017826,2940.2705356159126
batch_015:330,3151.3720230168533,3036.0556093472787,2938.121381017826,2940.2705356159126
batch_015:331,4620.985453993196,4419.90648801373,4114.640823136106,3909.133356231607
batch_015:332,7413.900478576027,7234.269417338214,7070.655795882212,6800.479080169338
batch_015:333,3151.3720230168533,3036.0556093472787,2938.121381017826,2940.2705356159126
batch_015:334,4655.088788339267,4452.597783737667,4143.536924341706,3928.786215449097
batch_015:335,3151.3720230168533,3036.0556093472787,2938.121381017826,2940.2705356159126
batch_015:336,3151.3720230168533,3036.0556093472787,2938.121381017826,2940.2705356159126
batch_015:337,15003.672749442376,14182.814876303708,13242.218154856497,11921.47988219376
batch_015:338,7450.6120686697095,7270.013658321987,7105.846986257375,6832.409453145026
batch_015:339,3151.3720230168533,3036.0556093472787,2938.121381017826,2940.2705356159126
batch_015:340,10251.300122764922,10050.65479265562,9817.52209964591,9484.668010577263
batch_015:341,3151.3720230168533,3036.0556093472787,2938.121381017826,2940.2705356159126
batch_015:342,3151.3720230168533,3036.0556093472787,2938.121381017826,2940.2705356159126
batch_015:343,3151.3720230168533,3036.0556093472787,2938.121381017826,2940.2705356159126
batch_015:344,3151.3720230168533,3036.0556093472787,2938.121381017826,2940.2705356159126
batch_015:345,3151.3720230168533,3036.0556093472787,2938.121381017826,2940.2705356159126
batch_015:346,3151.3720230168533,3036.0556093472787,2938.121381017826,2940.2705356159126
batch_015:347,7400.411435953855,7224.008554979555,7057.3062464303775,6787.526831042976
batch_015:348,3151.3720230168533,3036.0556093472787,2938.121381017826,2940.2705356159126
batch_015:349,4632.812140237199,4435.823108272523,4117.634541253647,3907.9168229006145
batch_015:350,3151.3720230168533,3036.0556093472787,2938.121381017826,2940.2705356159126
batch_015:351,4594.150202483543,4402.069235895922,4098.898230693712,3896.2143866247525
batch_015:352,13959.61140494912,13380.506726011792,12421.273062330984,11308.101240880536
batch_015:353,7410.969356420915,7236.159778168067,7071.5852529542335,6800.7141512567405
batch_015:354,10260.442975431084,10061.318623312376,9824.011943657519,9490.550862932352
batch_015:355,3151.3720230168533,3036.0556093472787,2938.121381017826,2940.2705356159126
batch_015:356,3151.3720230168533,3036.0556093472787,2938.121381017826,2940.2705356159126
batch_015:357,15015.055971960792,14191.19532336617,13252.848690257842,11928.421522707782
batch_015:358,7408.310459300361,7222.765516987771,7055.20625677045,6789.270633148964
batch_015:359,6352.890670912555,6149.907636041464,5774.116501008176,5351.388247416567
batch_015:360,10247.441677851286,10048.745250333912,9816.514717971004,9485.462543661659
batch_015:361,6337.9657098324,6138.708222367504,5763.837363199826,5341.579038205094
batch_015:362,6336.669770700995,6136.029609616397,5762.139623433686,5342.105023742265
batch_015:363,15002.135599689438,14182.161885451536,13240.155306201228,11920.168743150976
batch_015:364,3151.3720230168533,3036.0556093472787,2938.121381017826,2940.2705356159126
batch_015:365,3151.3720230168533,3036.0556093472787,2938.121381017826,2940.2705356159126
batch_015:366,3151.3720230168533,3036.0556093472787,2938.121381017826,2940.2705356159126
batch_015:367,10239.592129230226,10037.551866666909,9805.356992258563,9476.532830558397
batch_015:368,7445.766187171766,7257.857058357548,7092.4194605054145,6820.815648048989
batch_015:369,3151.3720230168533,3036.0556093472787,2938.121381017826,2940.2705356159126
batch_015:370,7419.683731462823,7238.083858902383,7078.356784652455,6817.699701596185
batch_015:371,3151.3720230168533,3036.0556093472787,2938.121381017826,2940.2705356159126
batch_015:372,3151.3720230168533,3036.0556093472787,2938.121381017826,2940.2705356159126
batch_015:373,3151.3720230168533,3036.0556093472787,2938.121381017826,2940.2705356159126
batch_015:374,3151.3720230168533,3036.0556093472787,2938.121381017826,2940.2705356159126
batch_015:375,13965.691649116015,13385.565713560565,12424.829688946935,11311.353184433274
batch_015:376,3151.3720230168533,3036.0556093472787,2938.121381017826,2940.2705356159126
batch_015:377,6325.418397618288,6127.07870467937,5752.769831638276,5334.359258455729
batch_015:378,15008.473215362867,14185.514232005673,13245.93592745395,11924.517191062743
batch_015:379,10257.952118969813,10057.242837528443,9823.163148648664,9490.691653695085
batch_015:380,3151.3720230168533,3036.0556093472787,2938.121381017826,2940.2705356159126
batch_015:381,6348.260290479261,6146.576622513059,5769.402870248216,5345.218304706124
batch_015:382,6348.260290479261,6146.576622513059,5769.402870248216,5345.218304706124
batch_015:383,3151.3720230168533,3036.0556093472787,2938.121381017826,2940.2705356159126
batch_015:384,3151.3720230168533,3036.0556093472787,2938.121381017826,2940.2705356159126
batch_015:385,6336.279414273403,6135.895172863919,5759.9063605780975,5339.634665837202
batch_015:386,7412.349364919963,7234.380016075484,7070.63875621479,6798.6957733807085
batch_015:387,10249.197780450335,10050.330935385733,9825.366527947212,9492.520738761023
batch_015:388,10246.928958368266,10045.673856049236,9811.235906749027,9478.795212883086
batch_015:389,3151.3720230168533,3036.0556093472787,2938.121381017826,2940.2705356159126
batch_015:390,4649.287642301144,4442.757894529246,4130.48643380561,3918.7005014337788
batch_015:391,13970.608529411085,13389.646057853737,12431.044860386306,11315.500370588903
batch_015:392,14996.63607052858,14174.345224782799,13236.15263244877,11913.332454496453
batch_015:393,6332.50198508544,6129.122773881437,5755.515301196921,5335.487252401235
batch_015:394,15006.42865766279,14183.268856143488,13242.790352211203,11921.115514073581
batch_015:395,7403.099637049842,7223.7192982824,7054.083808217388,6784.0135159984175
batch_015:396,3151.3720230168533,3036.0556093472787,2938.121381017826,2940.2705356159126
batch_015:397,3151.3720230168533,3036.0556093472787,2938.121381017826,2940.2705356159126
batch_015:398,3151.3720230168533,3036.0556093472787,2938.121381017826,2940.2705356159126
batch_015:399,4584.638763890536,4392.036170266941,4091.272814548104,3892.6063400329203
batch_015:400,14983.958959366259,14168.596182958376,13228.647516912262,11908.290307402913
batch_015:401,6325.63326028159,6129.784422117837,5758.988501424861,5337.921890313706
batch_015:402,15006.884558774245,14184.846008579285,13244.414063951983,11923.723865915506
batch_015:403,3151.3720230168533,3036.0556093472787,2938.121381017826,2940.2705356159126
batch_015:404,7399.721225282603,7221.085432768875,7061.024233701581,6794.657525188987
batch_015:405,6353.485312053065,6147.79988411781,5770.02952567295,5350.604714043932
batch_015:406,15009.27894971686,14185.584376624924,13248.83586370544,11927.17270439294
batch_015:407,7417.303145715959,7243.743946170152,7084.488150234358,6823.270952220506
batch_015:408,3151.3720230168533,3036.0556093472787,2938.121381017826,2940.2705356159126
batch_015:409,4638.022288511945,4436.908058320689,4125.094360085585,3913.720019694597
batch_015:410,3151.3720230168533,3036.0556093472787,2938.121381017826,2940.2705356159126
batch_015:411,10258.705811291999,10061.697016076425,9828.35385539415,9491.53612728113
batch_015:412,14986.593624722496,14168.347003350455,13225.414558525725,11905.839934822176
batch_015:413,13963.597396842644,13384.167778839912,12422.083649577076,11308.348896426156
batch_015:414,3151.3720230168533,3036.0556093472787,2938.121381017826,2940.2705356159126
batch_015:415,10263.756926739183,10063.12620308691,9831.477666379142,9497.701841532842
batch_015:416,3151.3720230168533,3036.0556093472787,2938.121381017826,2940.2705356159126
batch_015:417,3151.3720230168533,3036.0556093472787,2938.121381017826,2940.2705356159126
batch_015:418,3151.3720230168533,3036.0556093472787,2938.121381017826,2940.2705356159126
batch_015:419,3151.3720230168533,3036.0556093472787,2938.121381017826,2940.2705356159126
batch_015:420,3151.3720230168533,3036.0556093472787,2938.121381017826,2940.2705356159126
batch_015:421,3151.3720230168533,3036.0556093472787,2938.121381017826,2940.2705356159126
batch_015:422,3151.3720230168533,3036.0556093472787,2938.121381017826,2940.2705356159126
batch_015:423,7401.618604407121,7224.094263211477,7057.444572294626,6787.5605753083255
batch_015:424,7414.441117425053,7234.262669361677,7069.004970695373,6797.535294641738
batch_015:425,3151.3720230168533,3036.0556093472787,2938.121381017826,2940.2705356159126
batch_015:426,3151.3720230168533,3036.0556093472787,2938.121381017826,2940.2705356159126
batch_015:427,10250.3557012671,10051.436056916149,9822.412917848767,9487.988153701623
batch_015:428,10249.64364785705,10052.99738087998,9828.224098223478,9495.61863030198
batch_015:429,3151.3720230168533,3036.0556093472787,2938.121381017826,2940.2705356159126
batch_015:430,3151.3720230168533,3036.0556093472787,2938.121381017826,2940.2705356159126
batch_015:431,7424.057153699141,7239.620899339755,7066.879917705587,6794.410104478416
batch_015:432,3151.3720230168533,3036.0556093472787,2938.121381017826,2940.2705356159126
batch_015:433,3151.3720230168533,3036.0556093472787,2938.121381017826,2940.2705356159126
batch_015:434,7412.996072269714,7235.294588901329,7064.758942841204,6789.9684816913505
batch_015:435,13971.635787336862,13389.364259259088,12428.776055305556,11314.815048717213
batch_015:436,3151.3720230168533,3036.0556093472787,2938.121381017826,2940.2705356159126
batch_015:437,3151.3720230168533,3036.0556093472787,2938.121381017826,2940.2705356159126
batch_015:438,10245.387055207806,10046.13407549759,9812.598606072332,9479.994918926792
batch_015:439,3151.3720230168533,3036.0556093472787,2938.121381017826,2940.2705356159126
batch_015:440,3151.3720230168533,3036.0556093472787,2938.121381017826,2940.2705356159126
batch_015:441,7414.240818459258,7236.280539896123,7072.483384183875,6806.992644068741
batch_015:442,3151.3720230168533,3036.0556093472787,2938.121381017826,2940.2705356159126
batch_015:443,3151.3720230168533,3036.0556093472787,2938.121381017826,2940.2705356159126
batch_015:444,3151.3720230168533,3036.0556093472787,2938.121381017826,2940.2705356159126
batch_015:445,3151.3720230168533,3036.0556093472787,2938.121381017826,2940.2705356159126
batch_015:446,10253.728833771978,10054.322694519684,9817.841811612236,9486.075184431615
batch_015:447,4611.222921696757,4418.330148683409,4114.005503891967,3910.6564374876666
batch_015:448,3151.3720230168533,3036.0556093472787,2938.121381017826,2940.2705356159126
batch_015:449,3151.3720230168533,3036.0556093472787,2938.121381017826,2940.2705356159126
batch_015:450,3151.3720230168533,3036.0556093472787,2938.121381017826,2940.2705356159126
batch_015:451,3151.3720230168533,3036.0556093472787,2938.121381017826,2940.2705356159126
batch_015:452,13966.98434653712,13391.090771670984,12432.436537114361,11320.084100292657
batch_015:453,3151.3720230168533,3036.0556093472787,2938.121381017826,2940.2705356159126
batch_015:454,3151.3720230168533,3036.0556093472787,2938.121381017826,2940.2705356159126
batch_015:455,3151.3720230168533,3036.0556093472787,2938.121381017826,2940.2705356159126
batch_015:456,13968.162891252527,13387.82011164141,12427.966051120642,11310.838994245049
batch_015:457,3151.3720230168533,3036.0556093472787,2938.121381017826,2940.2705356159126
batch_015:458,14983.465253006927,14168.772195091948,13227.919445746391,11907.719001282012
batch_015:459,3151.3720230168533,3036.0556093472787,2938.121381017826,2940.2705356159126
batch_015:460,14984.441447705973,14165.626352533776,13228.57108471266,11909.637936538194
batch_015:461,3151.3720230168533,3036.0556093472787,2938.121381017826,2940.2705356159126
batch_015:462,4631.6554852206355,4435.084328453795,4120.980093967699,3911.329503684796
batch_015:463,10245.809282745558,10046.384320283729,9811.084410480975,9480.078128570056
batch_015:464,3151.3720230168533,3036.0556093472787,2938.121381017826,2940.2705356159126
batch_015:465,14986.060064991134,14170.659494312433,13227.729059814352,11908.394852903986
batch_015:466,3151.3720230168533,3036.0556093472787,2938.121381017826,2940.2705356159126
batch_015:467,7413.900478576027,7234.269417338214,7070.655795882212,6800.479080169338
batch_015:468,3151.3720230168533,3036.0556093472787,2938.121381017826,2940.2705356159126
batch_015:469,3151.3720230168533,3036.0556093472787,2938.121381017826,2940.2705356159126
batch_015:470,3151.3720230168533,3036.0556093472787,2938.121381017826,2940.2705356159126
batch_015:471,3151.3720230168533,3036.0556093472787,2938.121381017826,2940.2705356159126
batch_015:472,14999.02151287199,14179.487414021065,13242.589838559405,11922.387262089826
batch_015:473,3151.3720230168533,3036.0556093472787,2938.121381017826,2940.2705356159126
batch_015:474,3151.3720230168533,3036.0556093472787,2938.121381017826,2940.2705356159126
batch_015:475,3151.3720230168533,3036.0556093472787,2938.121381017826,2940.2705356159126
batch_015:476,3151.3720230168533,3036.0556093472787,2938.121381017826,2940.2705356159126
batch_015:477,7424.057153699141,7239.620899339755,7066.879917705587,6794.410104478416
batch_015:478,3151.3720230168533,3036.0556093472787,2938.121381017826,2940.2705356159126
batch_015:479,13967.578824335062,13383.973374784502,12419.105034090275,11304.803881975753
batch_015:480,3151.3720230168533,3036.0556093472787,2938.121381017826,2940.2705356159126
batch_015:481,4671.884871755157,4461.868386146252,4146.869589310448,3932.1088426309516
batch_015:482,4645.36141063418,4444.115914904956,4132.382180261489,3921.406956180596
batch_015:483,3151.3720230168533,3036.0556093472787,2938.121381017826,2940.2705356159126
batch_015:484,10257.554806016287,10057.136161546052,9822.509061216238,9492.028479496508
batch_015:485,10249.865766678953,10048.06308777688,9814.85979465124,9482.507448954411
batch_015:486,15012.112345574433,14189.571842548263,13247.928427066252,11923.50906452844
batch_015:487,4611.745271206317,4423.22668644453,4119.1378493425345,3911.6107952813686
batch_015:488,10251.383894462388,10050.50645871111,9816.8870798769,9484.455904197133
batch_015:489,3151.3720230168533,3036.0556093472787,2938.121381017826,2940.2705356159126
batch_015:490,3151.3720230168533,3036.0556093472787,2938.121381017826,2940.2705356159126
batch_015:491,3151.3720230168533,3036.0556093472787,2938.121381017826,2940.2705356159126
batch_015:492,14994.798999751085,14177.17601311264,13235.961278737042,11914.707911046693
batch_015:493,3151.3720230168533,3036.0556093472787,2938.121381017826,2940.2705356159126
batch_015:494,3151.3720230168533,3036.0556093472787,2938.121381017826,2940.2705356159126
batch_015:495,4611.953074286604,4417.816581744451,4114.1941002312715,3908.332388718285
batch_015:496,4625.132235114892,4428.138694632432,4121.586846173027,3912.032947728091
batch_015:497,3151.3720230168533,3036.0556093472787,2938.121381017826,2940.2705356159126
batch_015:498,7397.2782905086315,7225.310075195688,7067.239290014773,6801.100588201491
batch_015:499,3151.3720230168533,3036.0556093472787,2938.121381017826,2940.2705356159126
batch_015:500,3151.3720230168533,3036.0556093472787,2938.121381017826,2940.2705356159126
batch_015:501,13969.035915166267,13390.011960252836,12431.416962711792,11314.574531681514
batch_015:502,4647.227422333673,4446.6712432836075,4133.517217413155,3920.9995614048835
batch_015:503,4613.0021115258405,4416.721560095264,4108.419094070142,3904.4890239256924
batch_015:504,10261.39318715535,10057.480191114892,9822.568921771246,9488.144689659857
batch_015:505,3151.3720230168533,3036.0556093472787,2938.121381017826,2940.2705356159126
batch_015:506,3151.3720230168533,3036.0556093472787,2938.121381017826,2940.2705356159126
batch_015:507,3151.3720230168533,3036.0556093472787,2938.121381017826,2940.2705356159126
batch_015:508,3151.3720230168533,3036.0556093472787,2938.121381017826,2940.2705356159126
batch_015:509,3151.3720230168533,3036.0556093472787,2938.121381017826,2940.2705356159126
batch_015:510,4623.8012787029775,4429.338019096161,4112.923951375641,3904.2154370071326
batch_015:511,10248.212898665246,10048.421092706341,9815.082950558928,9481.818383518656
batch_015:512,3151.3720230168533,3036.0556093472787,2938.121381017826,2940.2705356159126
batch_015:513,3151.3720230168533,3036.0556093472787,2938.121381017826,2940.2705356159126
batch_015:514,7427.111936987866,7249.864198182948,7087.629183277733,6823.216543593227
batch_015:515,6355.81398714559,6151.9271395447,5777.000064738054,5353.251328267437
batch_015:516,14998.46634545004,14176.912514907988,13234.377770097202,11913.825937226822
batch_015:517,10242.780138812333,10042.06042543681,9807.921193149225,9477.061955055857
batch_015:518,3151.3720230168533,3036.0556093472787,2938.121381017826,2940.2705356159126
batch_015:519,3151.3720230168533,3036.0556093472787,2938.121381017826,2940.2705356159126
batch_015:520,14993.554108962106,14174.45339969006,13231.100643690896,11911.966584346506
batch_015:521,10256.668422008104,10055.846457023132,9820.341287958965,9485.799784425188
batch_015:522,3151.3720230168533,3036.0556093472787,2938.121381017826,2940.2705356159126
batch_015:523,7407.657366306968,7232.880359407383,7070.3052952193175,6800.96369743664
batch_015:524,3151.3720230168533,3036.0556093472787,2938.121381017826,2940.2705356159126
batch_015:525,3151.3720230168533,3036.0556093472787,2938.121381017826,2940.2705356159126
batch_015:526,3151.3720230168533,3036.0556093472787,2938.121381017826,2940.2705356159126
batch_015:527,4638.173892284628,4440.502032270976,4125.029256897546,3913.1482716040623
batch_015:528,3151.3720230168533,3036.0556093472787,2938.121381017826,2940.2705356159126
batch_015:529,3151.3720230168533,3036.0556093472787,2938.121381017826,2940.2705356159126
batch_015:530,4595.067523629541,4402.6144091452825,4102.115918115952,3903.40056585002
batch_015:531,10263.023914862039,10060.08503024969,9822.977505280807,9487.660692077063
batch_015:532,3151.3720230168533,3036.0556093472787,2938.121381017826,2940.2705356159126
batch_015:533,3151.3720230168533,3036.0556093472787,2938.121381017826,2940.2705356159126
batch_015:534,4635.7520451042465,4431.0302846275,4123.192766733712,3915.356063033756
batch_015:535,3151.3720230168533,3036.0556093472787,2938.121381017826,2940.2705356159126
batch_015:536,10254.740913862077,10052.883617658139,9820.215828402881,9487.183572213813
batch_015:537,3151.3720230168533,3036.0556093472787,2938.121381017826,2940.2705356159126
batch_015:538,3151.3720230168533,3036.0556093472787,2938.121381017826,2940.2705356159126
batch_015:539,10257.395759129777,10058.886114387447,9829.990506075022,9494.225361323744
batch_015:540,4610.10653688712,4415.791100636099,4108.646180507591,3902.909753695827
batch_015:541,13950.949610782389,13368.507679482116,12407.408123404171,11292.919640607943
batch_015:542,3151.3720230168533,3036.0556093472787,2938.121381017826,2940.2705356159126
batch_015:543,3151.3720230168533,3036.0556093472787,2938.121381017826,2940.2705356159126
batch_015:544,6339.119979056992,6142.872146652189,5768.7040954846325,5345.812357205711
batch_015:545,4597.631045359786,4404.61150208435,4101.239523310507,3900.349849209159
batch_015:546,10251.498293228475,10051.067805540488,9817.527370814632,9485.430951800488
batch_015:547,3151.3720230168533,3036.0556093472787,2938.121381017826,2940.2705356159126
batch_015:548,7413.887320514313,7235.695775226325,7070.5968652389465,6801.65178781508
batch_015:549,10257.928120290266,10057.808839334868,9823.280203548235,9486.802332335905
batch_015:550,13964.466897716124,13382.799154868435,12420.994488302747,11307.04953797451
batch_015:551,3151.3720230168533,3036.0556093472787,2938.121381017826,2940.2705356159126
batch_015:552,3151.3720230168533,3036.0556093472787,2938.121381017826,2940.2705356159126
batch_015:553,6336.838896790015,6136.883509290888,5763.351089896491,5343.2759444776375
batch_015:554,7429.832236783404,7243.657610288181,7076.523500380088,6805.4895922933265
batch_015:555,7412.401092021631,7235.330577662628,7074.8384999073605,6806.470870489581
batch_015:556,3151.3720230168533,3036.0556093472787,2938.121381017826,2940.2705356159126
batch_015:557,15003.406413347102,14184.183815755057,13242.419827704136,11920.056147975609
batch_015:558,15000.70210069934,14179.488374440929,13239.283012884243,11917.93682009057
batch_015:559,3151.3720230168533,3036.0556093472787,2938.121381017826,2940.2705356159126
batch_015:560,3151.3720230168533,3036.0556093472787,2938.121381017826,2940.2705356159126
batch_015:561,15003.264465717264,14181.190184328214,13241.914387311517,11920.481571517159
batch_015:562,3151.3720230168533,3036.0556093472787,2938.121381017826,2940.2705356159126
batch_015:563,4607.787249908764,4415.634299717405,4107.896141873193,3905.4202309710295
batch_015:564,13960.943359959043,13380.429708004343,12423.236267944732,11309.800590810284
batch_015:565,3151.3720230168533,3036.0556093472787,2938.121381017826,2940.2705356159126
batch_015:566,7413.549665254418,7235.169874279078,7070.195084313224,6800.962008673879
batch_015:567,14999.033994785828,14177.256928446524,13237.186164581966,11915.962964408513
batch_015:568,3151.3720230168533,3036.0556093472787,2938.121381017826,2940.2705356159126
batch_015:569,3151.3720230168533,3036.0556093472787,2938.121381017826,2940.2705356159126
batch_015:570,7420.385282265355,7234.39576588741,7071.127431031415,6798.792024557637
batch_015:571,3151.3720230168533,3036.0556093472787,2938.121381017826,2940.2705356159126
batch_015:572,13973.447633699525,13393.094200213105,12437.012292202118,11323.548374424063
batch_015:573,3151.3720230168533,3036.0556093472787,2938.121381017826,2940.2705356159126
batch_015:574,3151.3720230168533,3036.0556093472787,2938.121381017826,2940.2705356159126
batch_015:575,10254.038254717812,10054.458708850116,9817.587922370096,9485.72671587706
batch_015:576,14994.233714890328,14178.34537702945,13232.790795061075,11915.237429351117
batch_015:577,7410.367126155213,7234.732977173828,7071.969498965592,6799.910752977052
batch_015:578,3151.3720230168533,3036.0556093472787,2938.121381017826,2940.2705356159126
batch_015:579,3151.3720230168533,3036.0556093472787,2938.121381017826,2940.2705356159126
batch_015:580,13956.965079512367,13375.278531807864,12414.836179618667,11302.525952227774
batch_015:581,3151.3720230168533,3036.0556093472787,2938.121381017826,2940.2705356159126
batch_015:582,3151.3720230168533,3036.0556093472787,2938.121381017826,2940.2705356159126
batch_015:583,3151.3720230168533,3036.0556093472787,2938.121381017826,2940.2705356159126
batch_015:584,3151.3720230168533,3036.0556093472787,2938.121381017826,2940.2705356159126
batch_015:585,10266.160577046303,10066.550201750848,9832.072519055613,9496.68869077362
batch_015:586,10239.967607415,10039.26531987032,9804.482477322847,9473.060731916914
batch_015:587,3151.3720230168533,3036.0556093472787,2938.121381017826,2940.2705356159126
batch_015:588,6340.443812528426,6143.127765535262,5769.688477829826,5347.208454023164
batch_015:589,4661.345012238125,4457.111049395955,4147.220610779523,3931.708955545667
batch_015:590,3151.3720230168533,3036.0556093472787,2938.121381017826,2940.2705356159126
batch_015:591,7405.10039634077,7221.3281203253555,7051.837718351078,6783.94567775161
batch_015:592,3151.3720230168533,3036.0556093472787,2938.121381017826,2940.2705356159126
batch_015:593,3151.3720230168533,3036.0556093472787,2938.121381017826,2940.2705356159126
batch_015:594,3151.3720230168533,3036.0556093472787,2938.121381017826,2940.2705356159126
batch_015:595,3151.3720230168533,3036.0556093472787,2938.121381017826,2940.2705356159126
batch_015:596,10241.952296033554,10044.704403432886,9812.61054722108,9481.297690660864
batch_015:597,3151.3720230168533,3036.0556093472787,2938.121381017826,2940.2705356159126
batch_015:598,14998.544442385983,14179.207660889686,13238.418849714944,11918.97074526246
batch_015:599,7408.429650753586,7230.354158412274,7066.124113825283,6797.700603117955
batch_015:600,3151.3720230168533,3036.0556093472787,2938.121381017826,2940.2705356159126
batch_015:601,3151.3720230168533,3036.0556093472787,2938.121381017826,2940.2705356159126
batch_015:602,3151.3720230168533,3036.0556093472787,2938.121381017826,2940.2705356159126
batch_015:603,13967.444523871829,13383.485474311845,12429.168733217046,11315.533522647998
batch_015:604,3151.3720230168533,3036.0556093472787,2938.121381017826,2940.2705356159126
batch_015:605,6326.346450424253,6129.07951996012,5755.300959835626,5336.294471174544
batch_015:606,3151.3720230168533,3036.0556093472787,2938.121381017826,2940.2705356159126
batch_015:607,7412.695993171682,7233.597442634677,7068.396484679867,6800.525221488799
batch_015:608,13971.354116272789,13394.367715948234,12429.538885073187,11317.328594388984
batch_015:609,3151.3720230168533,3036.0556093472787,2938.121381017826,2940.2705356159126
batch_015:610,6344.460346743542,6151.767702910043,5775.997040264474,5353.430763411198
batch_015:611,3151.3720230168533,3036.0556093472787,2938.121381017826,2940.2705356159126
batch_015:612,3151.3720230168533,3036.0556093472787,2938.121381017826,2940.2705356159126
batch_015:613,10259.877530164877,10062.879127291348,9834.53119200553,9499.351708124213
batch_015:614,4634.1174249391515,4441.141464638503,4136.400306124879,3918.575878097332
batch_015:615,3151.3720230168533,3036.0556093472787,2938.121381017826,2940.2705356159126
batch_015:616,10247.033287664779,10041.856952958115,9804.538080192893,9471.312033500599
batch_015:617,3151.3720230168533,3036.0556093472787,2938.121381017826,2940.2705356159126
batch_015:618,7408.234360479238,7226.566154223988,7055.474499172765,6789.206299653752
batch_015:619,3151.3720230168533,3036.0556093472787,2938.121381017826,2940.2705356159126
batch_015:620,3151.3720230168533,3036.0556093472787,2938.121381017826,2940.2705356159126
batch_015:621,3151.3720230168533,3036.0556093472787,2938.121381017826,2940.2705356159126
batch_015:622,3151.3720230168533,3036.0556093472787,2938.121381017826,2940.2705356159126
batch_015:623,3151.3720230168533,3036.0556093472787,2938.121381017826,2940.2705356159126
batch_015:624,10264.363836690676,10063.087518577333,9828.723088086588,9495.098897156688
batch_015:625,10240.728302685084,10041.813906168047,9816.10244559557,9486.546168293135
batch_015:626,3151.3720230168533,3036.0556093472787,2938.121381017826,2940.2705356159126
batch_015:627,4595.834000127859,4406.704716546434,4104.362336842311,3899.902118839069
batch_015:628,3151.3720230168533,3036.0556093472787,2938.121381017826,2940.2705356159126
batch_015:629,15000.466772829664,14180.62491222937,13241.554529362002,11918.780633645265
batch_015:630,3151.3720230168533,3036.0556093472787,2938.121381017826,2940.2705356159126
batch_015:631,4645.598761532247,4443.794891705009,4138.453633042206,3928.3302418487133
batch_015:632,13967.290978351462,13382.740351753826,12420.384558480544,11307.059397636956
batch_015:633,6340.771354989564,6144.282426147107,5769.657834327441,5345.806006880573
batch_015:634,6331.480240801466,6131.408867249427,5759.529666662766,5340.209248780279
batch_015:635,6341.626625879808,6149.704988581712,5776.024491167163,5350.722164875064
batch_015:636,3151.3720230168533,3036.0556093472787,2938.121381017826,2940.2705356159126
batch_015:637,3151.3720230168533,3036.0556093472787,2938.121381017826,2940.2705356159126
batch_015:638,13967.211799328641,13381.793699877555,12416.181130690715,11301.679590571093
batch_015:639,6355.81398714559,6151.9271395447,5777.000064738054,5353.251328267437
batch_015:640,10251.305994859658,10051.541432141415,9818.060986501092,9484.640537978292
batch_015:641,7414.914490915103,7236.236509955559,7068.051351345406,6801.267425493715
batch_015:642,3151.3720230168533,3036.0556093472787,2938.121381017826,2940.2705356159126
batch_015:643,7407.854004103666,7228.5946877939405,7069.565344942157,6811.0370150334975
batch_015:644,3151.3720230168533,3036.0556093472787,2938.121381017826,2940.2705356159126
batch_015:645,3151.3720230168533,3036.0556093472787,2938.121381017826,2940.2705356159126
batch_015:646,15001.09433213423,14178.073498128604,13240.285304840065,11917.30345051012
batch_015:647,3151.3720230168533,3036.0556093472787,2938.121381017826,2940.2705356159126
batch_015:648,3151.3720230168533,3036.0556093472787,2938.121381017826,2940.2705356159126
batch_015:649,15003.424278058268,14177.094158361298,13237.715321731474,11914.810061582864
batch_015:650,3151.3720230168533,3036.0556093472787,2938.121381017826,2940.2705356159126
batch_015:651,13964.476692406883,13385.085406456796,12423.52892528299,11308.592890586837
batch_015:652,3151.3720230168533,3036.0556093472787,2938.121381017826,2940.2705356159126
batch_015:653,3151.3720230168533,3036.0556093472787,2938.121381017826,2940.2705356159126
batch_015:654,3151.3720230168533,3036.0556093472787,2938.121381017826,2940.2705356159126
batch_015:655,7425.2263030836075,7242.165232800426,7077.674105128487,6805.434588046123
batch_015:656,3151.3720230168533,3036.0556093472787,2938.121381017826,2940.2705356159126
batch_015:657,3151.3720230168533,3036.0556093472787,2938.121381017826,2940.2705356159126
batch_015:658,3151.3720230168533,3036.0556093472787,2938.121381017826,2940.2705356159126
batch_015:659,13961.2493735547,13383.281649822393,12424.365255430548,11312.191076248426
batch_015:660,6334.9858749664645,6135.7905068662085,5761.511475803185,5338.462895380641
batch_015:661,10257.700545852093,10056.534641825683,9821.785632915971,9486.732518133449
batch_015:662,13960.437328305316,13382.08867146444,12423.702870066687,11310.776868922878
batch_015:663,3151.3720230168533,3036.0556093472787,2938.121381017826,2940.2705356159126
batch_015:664,3151.3720230168533,3036.0556093472787,2938.121381017826,2940.2705356159126
batch_015:665,13960.358271148205,13379.13882586368,12425.333263795517,11312.634383662036
batch_015:666,3151.3720230168533,3036.0556093472787,2938.121381017826,2940.2705356159126
batch_015:667,10248.18772473869,10048.978106903354,9819.047708483302,9487.566663637688
batch_015:668,14996.409828496724,14175.464403143753,13236.560455828516,11914.908735258265
batch_015:669,15008.18642556455,14183.596837436451,13242.687732808301,11922.634845464652
batch_015:670,14988.36840006512,14171.056399476613,13232.63595745099,11910.802767905694
batch_015:671,3151.3720230168533,3036.0556093472787,2938.121381017826,2940.2705356159126
batch_015:672,3151.3720230168533,3036.0556093472787,2938.121381017826,2940.2705356159126
batch_015:673,3151.3720230168533,3036.0556093472787,2938.121381017826,2940.2705356159126
batch_015:674,3151.3720230168533,3036.0556093472787,2938.121381017826,2940.2705356159126
batch_015:675,3151.3720230168533,3036.0556093472787,2938.121381017826,2940.2705356159126
batch_015:676,6341.626625879808,6149.704988581712,5776.024491167163,5350.722164875064
batch_015:677,3151.3720230168533,3036.0556093472787,2938.121381017826,2940.2705356159126
batch_015:678,4601.477601380137,4405.817663447444,4096.994113753247,3897.0087121535917
batch_015:679,6347.152680045388,6147.733384545398,5771.35954352193,5346.441323697417
batch_015:680,6326.965542409064,6127.269085968785,5753.742143212736,5335.401735678116
batch_015:681,14985.281002919995,14170.657515858898,13227.146212712027,11906.006698555213
batch_015:682,3151.3720230168533,3036.0556093472787,2938.121381017826,2940.2705356159126
batch_015:683,15004.271089150283,14181.394198892996,13243.75712613735,11920.879967006837
batch_015:684,13959.418112230856,13380.026254767494,12419.505183853282,11304.353537044777
batch_015:685,3151.3720230168533,3036.0556093472787,2938.121381017826,2940.2705356159126
batch_015:686,10258.210552155497,10060.444638523906,9832.837055136304,9496.936384635856
batch_015:687,3151.3720230168533,3036.0556093472787,2938.121381017826,2940.2705356159126
batch_015:688,7421.059974025886,7241.05901237702,7074.280706823867,6802.17615519318
batch_015:689,3151.3720230168533,3036.0556093472787,2938.121381017826,2940.2705356159126
batch_015:690,3151.3720230168533,3036.0556093472787,2938.121381017826,2940.2705356159126
batch_015:691,10249.479209512687,10049.807364026541,9811.08765769672,9475.843437846048
batch_015:692,13963.054922481528,13384.006996151704,12423.76641366263,11310.60242044635
batch_015:693,10251.868117566086,10050.461156534639,9814.65085970044,9482.958521484665
batch_015:694,7414.259225273309,7234.193664885755,7064.2366468785385,6792.179051583975
batch_015:695,3151.3720230168533,3036.0556093472787,2938.121381017826,2940.2705356159126
batch_015:696,3151.3720230168533,3036.0556093472787,2938.121381017826,2940.2705356159126
batch_015:697,3151.3720230168533,3036.0556093472787,2938.121381017826,2940.2705356159126
batch_015:698,3151.3720230168533,3036.0556093472787,2938.121381017826,2940.2705356159126
batch_015:699,14986.322540448005,14169.769916689962,13227.630990979784,11905.472605810852
batch_015:700,15014.131998786746,14186.70810016381,13248.651699240601,11925.857471526804
batch_015:701,7444.396759624502,7253.175587932154,7086.338662477564,6810.565933605801
batch_015:702,3151.3720230168533,3036.0556093472787,2938.121381017826,2940.2705356159126
batch_015:703,7418.984175882627,7239.886185951846,7079.826219495068,6812.483092535212
batch_015:704,10255.501669586945,10056.619825394548,9829.436664600307,9495.476174751762
batch_015:705,6348.877413267956,6146.972992907825,5770.586098921258,5348.034752844692
batch_015:706,3151.3720230168533,3036.0556093472787,2938.121381017826,2940.2705356159126
batch_015:707,3151.3720230168533,3036.0556093472787,2938.121381017826,2940.2705356159126
batch_015:708,3151.3720230168533,3036.0556093472787,2938.121381017826,2940.2705356159126
batch_015:709,4648.908612780522,4444.996202240662,4136.123577030229,3922.747133864746
batch_015:710,3151.3720230168533,3036.0556093472787,2938.121381017826,2940.2705356159126
batch_015:711,3151.3720230168533,3036.0556093472787,2938.121381017826,2940.2705356159126
batch_015:712,3151.3720230168533,3036.0556093472787,2938.121381017826,2940.2705356159126
batch_015:713,4676.004666212525,4470.095099370181,4158.570135512569,3942.1002015716717
batch_015:714,10253.032295254825,10053.971219912733,9823.6512811319,9490.282897398974
batch_015:715,3151.3720230168533,3036.0556093472787,2938.121381017826,2940.2705356159126
batch_015:716,10251.899953335731,10047.647583053811,9811.719086011879,9477.112476787694
batch_015:717,4606.813302752935,4412.984467475822,4103.105498286428,3898.6056455330313
batch_015:718,14998.093840951113,14180.755611393433,13241.646233744897,11919.087413155075
batch_015:719,4625.132235114892,4428.138694632432,4121.586846173027,3912.032947728091
batch_015:720,3151.3720230168533,3036.0556093472787,2938.121381017826,2940.2705356159126
batch_015:721,4671.884871755157,4461.868386146252,4146.869589310448,3932.1088426309516
batch_015:722,15001.064640795019,14179.627332052218,13241.928964271412,11921.539872860423
batch_015:723,6347.540570121103,6148.43051972628,5774.125898070052,5350.76382815738
batch_015:724,3151.3720230168533,3036.0556093472787,2938.121381017826,2940.2705356159126
batch_015:725,7416.331437866274,7240.8421172312055,7071.075469143642,6796.98929581527
batch_015:726,3151.3720230168533,3036.0556093472787,2938.121381017826,2940.2705356159126
batch_015:727,3151.3720230168533,3036.0556093472787,2938.121381017826,2940.2705356159126
batch_015:728,3151.3720230168533,3036.0556093472787,2938.121381017826,2940.2705356159126
batch_015:729,15002.327447799926,14182.459449115235,13241.457593803972,11919.713506700475
batch_015:730,3151.3720230168533,3036.0556093472787,2938.121381017826,2940.2705356159126
batch_015:731,3151.3720230168533,3036.0556093472787,2938.121381017826,2940.2705356159126
batch_015:732,10249.024985171132,10047.960171603092,9811.92845682756,9481.198592460134
batch_015:733,14992.128287449917,14173.55177659903,13230.254943774486,11910.415996000294
batch_015:734,10261.430314764342,10062.04025112863,9826.568657508711,9489.96382344831
batch_015:735,4617.681890641977,4420.685950721177,4111.0349619332055,3902.2690112010678
batch_015:736,3151.3720230168533,3036.0556093472787,2938.121381017826,2940.2705356159126
batch_015:737,7409.779606667832,7234.187887468084,7070.168836817475,6800.953405381783
batch_015:738,13964.081565882376,13384.064125104129,12424.72898258273,11313.475375711703
batch_015:739,4638.650057496807,4437.69776476438,4124.971916872208,3914.930430354253
batch_015:740,10250.966513040321,10050.372900886407,9817.999624016484,9486.327785353995
batch_015:741,3151.3720230168533,3036.0556093472787,2938.121381017826,2940.2705356159126
batch_015:742,3151.3720230168533,3036.0556093472787,2938.121381017826,2940.2705356159126
batch_015:743,10252.599244280984,10051.879729959603,9817.127562728208,9484.164439489694
batch_015:744,4636.46348134808,4440.4356252342905,4127.1886539416,3912.406496766438
batch_015:745,3151.3720230168533,3036.0556093472787,2938.121381017826,2940.2705356159126
batch_015:746,10250.959768576542,10049.91678238204,9815.229362358836,9483.632645417585
batch_015:747,15001.752638976512,14180.09409483441,13241.725913892544,11920.441932000595
batch_015:748,4661.664546987416,4451.236774185893,4137.34936351338,3925.5443377716115
batch_015:749,3151.3720230168533,3036.0556093472787,2938.121381017826,2940.2705356159126
batch_015:750,3151.3720230168533,3036.0556093472787,2938.121381017826,2940.2705356159126
batch_015:751,3151.3720230168533,3036.0556093472787,2938.121381017826,2940.2705356159126
batch_015:752,3151.3720230168533,3036.0556093472787,2938.121381017826,2940.2705356159126
batch_015:753,3151.3720230168533,3036.0556093472787,2938.121381017826,2940.2705356159126
batch_015:754,15002.696059342927,14181.778732785613,13241.895889519206,11919.440231370321
batch_015:755,13951.470631694423,13372.583753786344,12416.483617315542,11304.206910176712
batch_015:756,7426.178318437147,7238.6044361600425,7071.686343569252,6798.707463787282
batch_015:757,10246.89357963012,10043.82412469373,9809.57954227725,9480.242060955245
batch_015:758,6327.599004880859,6133.053463255308,5761.89442476693,5340.977924239389
batch_015:759,3151.3720230168533,3036.0556093472787,2938.121381017826,2940.2705356159126
batch_015:760,4611.529327008525,4417.333079755179,4110.819904947267,3906.398922877701
batch_015:761,6339.06980357578,6141.715669085229,5767.3510808292385,5346.449862660521
batch_015:762,3151.3720230168533,3036.0556093472787,2938.121381017826,2940.2705356159126
batch_015:763,3151.3720230168533,3036.0556093472787,2938.121381017826,2940.2705356159126
batch_015:764,3151.3720230168533,3036.0556093472787,2938.121381017826,2940.2705356159126
batch_015:765,4664.855598617395,4458.917492694759,4146.970149923375,3932.5624512863214
batch_015:766,13958.902822262133,13380.679586507533,12418.459582783682,11305.255821559578
batch_015:767,14988.317222754478,14171.311788225445,13227.673021000854,11906.937799387299
batch_015:768,14996.978907502848,14178.305136017258,13237.278518861818,11917.67297483664
batch_015:769,3151.3720230168533,3036.0556093472787,2938.121381017826,2940.2705356159126
batch_015:770,10261.715963420467,10062.765313555465,9828.416467767775,9492.73908282198
batch_015:771,6342.692295659519,6143.785425272128,5771.322838829669,5350.058095579263
batch_015:772,3151.3720230168533,3036.0556093472787,2938.121381017826,2940.2705356159126
batch_015:773,4612.032515587386,4417.734640337308,4112.001486669633,3908.5749542530452
batch_015:774,10261.583654525122,10056.778196681706,9821.392911795216,9487.086118978063
batch_015:775,4621.500461427682,4422.396026994451,4112.693170588782,3907.7000799583557
batch_015:776,7415.131498124907,7236.432769313898,7072.930823889186,6803.50707835459
batch_015:777,3151.3720230168533,3036.0556093472787,2938.121381017826,2940.2705356159126
batch_015:778,6356.291289788523,6152.012103491939,5772.001962884889,5351.772001389373
batch_015:779,3151.3720230168533,3036.0556093472787,2938.121381017826,2940.2705356159126
batch_015:780,3151.3720230168533,3036.0556093472787,2938.121381017826,2940.2705356159126
batch_015:781,13964.495482478775,13385.582582653158,12429.019580429422,11315.376503133964
batch_015:782,3151.3720230168533,3036.0556093472787,2938.121381017826,2940.2705356159126
batch_015:783,13971.366606478869,13389.769448963783,12430.201406630797,11315.904462548137
batch_015:784,3151.3720230168533,3036.0556093472787,2938.121381017826,2940.2705356159126
batch_015:785,7448.5724045808665,7267.177149994595,7103.316771511917,6832.22738300923
batch_015:786,3151.3720230168533,3036.0556093472787,2938.121381017826,2940.2705356159126
batch_015:787,15004.16228093633,14180.819637148401,13238.819856514265,11917.193006259373
batch_015:788,3151.3720230168533,3036.0556093472787,2938.121381017826,2940.2705356159126
batch_015:789,13963.054922481528,13384.006996151704,12423.76641366263,11310.60242044635
batch_015:790,3151.3720230168533,3036.0556093472787,2938.121381017826,2940.2705356159126
batch_015:791,3151.3720230168533,3036.0556093472787,2938.121381017826,2940.2705356159126
batch_015:792,3151.3720230168533,3036.0556093472787,2938.121381017826,2940.2705356159126
batch_015:793,3151.3720230168533,3036.0556093472787,2938.121381017826,2940.2705356159126
batch_015:794,7407.549526098566,7227.269357450746,7062.537779197459,6789.61659271307
batch_015:795,10244.75971854086,10042.278092300898,9810.199029783374,9479.96518902365
batch_015:796,3151.3720230168533,3036.0556093472787,2938.121381017826,2940.2705356159126
batch_015:797,3151.3720230168533,3036.0556093472787,2938.121381017826,2940.2705356159126
batch_015:798,7424.060241757438,7246.202317014771,7086.392262814636,6816.688685916583
batch_015:799,13969.035915166267,13390.011960252836,12431.416962711792,11314.574531681514
batch_015:800,3151.3720230168533,3036.0556093472787,2938.121381017826,2940.2705356159126
batch_015:801,3151.3720230168533,3036.0556093472787,2938.121381017826,2940.2705356159126
batch_015:802,10249.64364785705,10052.99738087998,9828.224098223478,9495.61863030198
batch_015:803,3151.3720230168533,3036.0556093472787,2938.121381017826,2940.2705356159126
batch_015:804,3151.3720230168533,3036.0556093472787,2938.121381017826,2940.2705356159126
batch_015:805,13953.2718973152,13373.504456065293,12415.472711392755,11303.290304648372
batch_015:806,3151.3720230168533,3036.0556093472787,2938.121381017826,2940.2705356159126
batch_015:807,3151.3720230168533,3036.0556093472787,2938.121381017826,2940.2705356159126
batch_015:808,7416.672198930821,7237.834312061274,7070.600942700998,6801.625306972035
batch_015:809,3151.3720230168533,3036.0556093472787,2938.121381017826,2940.2705356159126
batch_015:810,3151.3720230168533,3036.0556093472787,2938.121381017826,2940.2705356159126
batch_015:811,6345.10885277844,6150.128664655687,5772.325769404897,5349.382447848533
batch_015:812,14991.003077907144,14173.172100887441,13233.375725156355,11910.989491403227
batch_015:813,6349.737965533469,6150.996523952834,5775.8038296976565,5351.451371829395
batch_015:814,3151.3720230168533,3036.0556093472787,2938.121381017826,2940.2705356159126
batch_015:815,3151.3720230168533,3036.0556093472787,2938.121381017826,2940.2705356159126
batch_015:816,13968.106196379766,13388.082804354086,12429.820642598343,11317.159343877052
batch_015:817,13964.545795083597,13385.501962182298,12426.557974059448,11314.119792732028
batch_015:818,3151.3720230168533,3036.0556093472787,2938.121381017826,2940.2705356159126
batch_015:819,3151.3720230168533,3036.0556093472787,2938.121381017826,2940.2705356159126
batch_015:820,3151.3720230168533,3036.0556093472787,2938.121381017826,2940.2705356159126
batch_015:821,4651.143010695937,4448.831335847586,4139.281905687434,3926.090223209991
batch_015:822,3151.3720230168533,3036.0556093472787,2938.121381017826,2940.2705356159126
batch_015:823,7401.220737345494,7225.041396611865,7056.174085298627,6786.038128192851
batch_015:824,3151.3720230168533,3036.0556093472787,2938.121381017826,2940.2705356159126
batch_015:825,15024.206074204363,14198.821967773123,13261.367451738937,11935.61046165191
batch_015:826,14987.349150693917,14172.643057153957,13230.78192888928,11912.163618282722
batch_015:827,3151.3720230168533,3036.0556093472787,2938.121381017826,2940.2705356159126
batch_015:828,3151.3720230168533,3036.0556093472787,2938.121381017826,2940.2705356159126
batch_015:829,4660.1969529558855,4454.448221822844,4141.635794353903,3927.2923507415535
batch_015:830,3151.3720230168533,3036.0556093472787,2938.121381017826,2940.2705356159126
batch_015:831,3151.3720230168533,3036.0556093472787,2938.121381017826,2940.2705356159126
batch_015:832,3151.3720230168533,3036.0556093472787,2938.121381017826,2940.2705356159126
batch_015:833,3151.3720230168533,3036.0556093472787,2938.121381017826,2940.2705356159126
batch_015:834,3151.3720230168533,3036.0556093472787,2938.121381017826,2940.2705356159126
batch_015:835,7416.178895155496,7238.513013189121,7069.249892774097,6800.502498120286
batch_015:836,3151.3720230168533,3036.0556093472787,2938.121381017826,2940.2705356159126
batch_015:837,3151.3720230168533,3036.0556093472787,2938.121381017826,2940.2705356159126
batch_015:838,3151.3720230168533,3036.0556093472787,2938.121381017826,2940.2705356159126
batch_015:839,10260.606404833336,10060.568059953683,9825.044411281502,9489.079182816235
batch_015:840,13964.233025533928,13382.50261420885,12422.150222673572,11309.845902780578
batch_015:841,7394.514919096901,7218.513802698148,7054.343365041669,6785.795794907459
batch_015:842,6346.895553056117,6148.618546033229,5773.196597316759,5350.429115476702
batch_015:843,10254.898005715784,10051.648931687652,9818.016859935733,9487.191211946381
batch_015:844,3151.3720230168533,3036.0556093472787,2938.121381017826,2940.2705356159126
batch_015:845,3151.3720230168533,3036.0556093472787,2938.121381017826,2940.2705356159126
batch_015:846,3151.3720230168533,3036.0556093472787,2938.121381017826,2940.2705356159126
batch_015:847,13968.374602258535,13389.300622189226,12428.127703473056,11315.01169485209
batch_015:848,3151.3720230168533,3036.0556093472787,2938.121381017826,2940.2705356159126
batch_015:849,7416.850615993389,7238.052337767964,7074.536443718495,6813.631393134925
batch_015:850,3151.3720230168533,3036.0556093472787,2938.121381017826,2940.2705356159126
batch_015:851,3151.3720230168533,3036.0556093472787,2938.121381017826,2940.2705356159126
batch_015:852,3151.3720230168533,3036.0556093472787,2938.121381017826,2940.2705356159126
batch_015:853,6347.6529530802945,6152.825846096987,5775.425124455328,5354.123924473638
batch_015:854,3151.3720230168533,3036.0556093472787,2938.121381017826,2940.2705356159126
batch_015:855,3151.3720230168533,3036.0556093472787,2938.121381017826,2940.2705356159126
batch_015:856,3151.3720230168533,3036.0556093472787,2938.121381017826,2940.2705356159126
batch_015:857,3151.3720230168533,3036.0556093472787,2938.121381017826,2940.2705356159126
batch_015:858,6352.157620085885,6153.183395899455,5778.329514681139,5353.078498466482
batch_015:859,13973.952946900412,13391.691810045471,12430.628805754375,11318.051707917984
batch_015:860,3151.3720230168533,3036.0556093472787,2938.121381017826,2940.2705356159126
batch_015:861,3151.3720230168533,3036.0556093472787,2938.121381017826,2940.2705356159126
batch_015:862,10240.838605328041,10043.117777446501,9807.4600806369,9475.27696321603
batch_015:863,7402.303716443534,7224.786948202172,7065.295071537346,6799.251804951646
batch_015:864,6353.54714320552,6149.998972884141,5770.917095950929,5346.534303527591
batch_015:865,3151.3720230168533,3036.0556093472787,2938.121381017826,2940.2705356159126
batch_015:866,3151.3720230168533,3036.0556093472787,2938.121381017826,2940.2705356159126
batch_015:867,7402.588872784676,7225.384310225047,7064.704261200239,6801.577693857041
batch_015:868,4614.170878213021,4421.29752575641,4107.248389468341,3898.21476365625
batch_015:869,10237.498522358048,10038.45711517789,9806.099048195894,9477.350098208932
batch_015:870,10249.958413558596,10046.390116430459,9809.675431810749,9477.807663764823
batch_015:871,3151.3720230168533,3036.0556093472787,2938.121381017826,2940.2705356159126
batch_015:872,3151.3720230168533,3036.0556093472787,2938.121381017826,2940.2705356159126
batch_015:873,4623.832362886475,4423.14721060158,4115.652591431256,3911.68283565883
batch_015:874,10245.25356182392,10043.137485205918,9807.344572883561,9478.329830901075
batch_015:875,13960.196273880232,13381.36562737531,12423.163992053984,11310.63044275303
batch_015:876,3151.3720230168533,3036.0556093472787,2938.121381017826,2940.2705356159126
batch_015:877,6345.1111735175755,6145.92182504321,5768.388297044829,5345.680943349646
batch_015:878,4632.994793787806,4434.005916193106,4129.094451825332,3917.5733508879757
batch_015:879,3151.3720230168533,3036.0556093472787,2938.121381017826,2940.2705356159126
batch_015:880,3151.3720230168533,3036.0556093472787,2938.121381017826,2940.2705356159126
batch_015:881,15020.196962708642,14190.829463311133,13249.93168247111,11926.660403084172
batch_015:882,3151.3720230168533,3036.0556093472787,2938.121381017826,2940.2705356159126
batch_015:883,4653.53140283495,4452.075164997912,4139.717340335272,3925.5548465987217
batch_015:884,13961.396205965395,13381.688111767287,12421.846773257432,11308.720148091235
batch_015:885,7406.030478973094,7222.789959841563,7052.84331543379,6783.545573462319
batch_015:886,13968.347976889805,13386.948762603623,12423.010787417961,11308.450032513296
batch_015:887,3151.3720230168533,3036.0556093472787,2938.121381017826,2940.2705356159126
batch_015:888,3151.3720230168533,3036.0556093472787,2938.121381017826,2940.2705356159126
batch_015:889,3151.3720230168533,3036.0556093472787,2938.121381017826,2940.2705356159126
batch_015:890,3151.3720230168533,3036.0556093472787,2938.121381017826,2940.2705356159126
batch_015:891,14997.817098280442,14178.16948927409,13236.618064467584,11916.797388346626
batch_015:892,4713.017578772923,4665.316721082616,4621.3266447307215,4421.716158786092
batch_015:893,3151.3720230168533,3036.0556093472787,2938.121381017826,2940.2705356159126
batch_015:894,10234.746704114255,10035.902948454095,9806.307998690054,9477.965449988526
batch_015:895,3151.3720230168533,3036.0556093472787,2938.121381017826,2940.2705356159126
batch_015:896,4599.496373396473,4407.628066940553,4102.189416872174,3899.273017559952
batch_015:897,6331.156835690468,6134.054522620429,5761.308893787204,5339.521443836155
batch_015:898,13971.539888546387,13384.2231660516,12419.981623359974,11304.205961204194
batch_015:899,14990.609351239658,14172.8603737083,13233.509342430692,11910.583854798226
batch_015:900,3151.3720230168533,3036.0556093472787,2938.121381017826,2940.2705356159126
batch_015:901,7407.46765676055,7228.2192785948155,7060.605928424324,6792.599581250187
batch_015:902,3151.3720230168533,3036.0556093472787,2938.121381017826,2940.2705356159126
batch_015:903,4632.027908300177,4434.066906998751,4119.929887174505,3911.439650027568
batch_015:904,15007.928522843822,14184.66383515072,13245.497630399239,11924.392937068253
batch_015:905,3151.3720230168533,3036.0556093472787,2938.121381017826,2940.2705356159126
batch_015:906,3151.3720230168533,3036.0556093472787,2938.121381017826,2940.2705356159126
batch_015:907,3151.3720230168533,3036.0556093472787,2938.121381017826,2940.2705356159126
batch_015:908,7426.348403117914,7244.1503419798755,7076.06188122028,6803.126534995815
batch_015:909,3151.3720230168533,3036.0556093472787,2938.121381017826,2940.2705356159126
batch_015:910,6342.422324337907,6144.2641218515855,5766.690063319663,5343.480790081572
batch_015:911,3151.3720230168533,3036.0556093472787,2938.121381017826,2940.2705356159126
batch_015:912,6340.355736687342,6141.74390621953,5766.041870732106,5342.060346075978
batch_015:913,15010.051980209022,14187.38822882703,13246.391584547197,11925.134776042245
batch_015:914,4696.854466287581,4665.43533653005,4598.335018972921,4444.558430340233
batch_015:915,6341.319936124493,6139.658437338016,5765.1389024310665,5343.687919077328
batch_015:916,6352.157620085885,6153.183395899455,5778.329514681139,5353.078498466482
batch_015:917,3151.3720230168533,3036.0556093472787,2938.121381017826,2940.2705356159126
batch_015:918,3151.3720230168533,3036.0556093472787,2938.121381017826,2940.2705356159126
batch_015:919,7433.129634806399,7249.040079458,7084.30286396597,6816.511682383688
batch_015:920,3151.3720230168533,3036.0556093472787,2938.121381017826,2940.2705356159126
batch_015:921,15014.688342475105,14190.724653459078,13254.37522699541,11931.656462391335
batch_015:922,4630.2127920317225,4431.957922272097,4120.746190203771,3911.920230261504
batch_015:923,3151.3720230168533,3036.0556093472787,2938.121381017826,2940.2705356159126
batch_015:924,3151.3720230168533,3036.0556093472787,2938.121381017826,2940.2705356159126
batch_015:925,3151.3720230168533,3036.0556093472787,2938.121381017826,2940.2705356159126
batch_015:926,3151.3720230168533,3036.0556093472787,2938.121381017826,2940.2705356159126
batch_015:927,7411.264849812,7235.406532921797,7072.047500192097,6802.995826509916
batch_015:928,10254.339420935326,10051.037761329531,9819.635722104076,9486.53910590671
batch_015:929,15005.611532349392,14180.420573427058,13241.17517424269,11920.273005741748
batch_015:930,13951.43252307336,13370.436955302599,12416.823387759672,11308.332520320484
batch_015:931,13967.497693205896,13387.530121006392,12433.259200813336,11319.44200889548
batch_015:932,3151.3720230168533,3036.0556093472787,2938.121381017826,2940.2705356159126
batch_015:933,14993.719679207343,14174.530019692193,13237.64834835751,11915.503471782407
batch_015:934,3151.3720230168533,3036.0556093472787,2938.121381017826,2940.2705356159126
batch_015:935,3151.3720230168533,3036.0556093472787,2938.121381017826,2940.2705356159126
batch_015:936,7421.059974025886,7241.05901237702,7074.280706823867,6802.17615519318
batch_015:937,6342.393065498467,6144.006150674542,5769.931827124672,5350.414477934085
batch_015:938,3151.3720230168533,3036.0556093472787,2938.121381017826,2940.2705356159126
batch_015:939,3151.3720230168533,3036.0556093472787,2938.121381017826,2940.2705356159126
batch_015:940,3151.3720230168533,3036.0556093472787,2938.121381017826,2940.2705356159126
batch_015:941,3151.3720230168533,3036.0556093472787,2938.121381017826,2940.2705356159126
batch_015:942,3151.3720230168533,3036.0556093472787,2938.121381017826,2940.2705356159126
batch_015:943,3151.3720230168533,3036.0556093472787,2938.121381017826,2940.2705356159126
batch_015:944,3151.3720230168533,3036.0556093472787,2938.121381017826,2940.2705356159126
batch_015:945,3151.3720230168533,3036.0556093472787,2938.121381017826,2940.2705356159126
batch_015:946,7418.943956099021,7241.40321491896,7073.904207169231,6801.965531060963
batch_015:947,3151.3720230168533,3036.0556093472787,2938.121381017826,2940.2705356159126
batch_015:948,3151.3720230168533,3036.0556093472787,2938.121381017826,2940.2705356159126
batch_015:949,3151.3720230168533,3036.0556093472787,2938.121381017826,2940.2705356159126
batch_015:950,7401.273093526796,7222.156941473846,7061.8049050774425,6796.599810955365
batch_015:951,3151.3720230168533,3036.0556093472787,2938.121381017826,2940.2705356159126
batch_015:952,3151.3720230168533,3036.0556093472787,2938.121381017826,2940.2705356159126
batch_015:953,7426.028600015542,7239.282419387042,7078.92491396104,6808.694078274963
batch_015:954,13946.225825900845,13365.974156124628,12403.90989420818,11290.22910083383
batch_015:955,13968.347976889805,13386.948762603623,12423.010787417961,11308.450032513296
batch_015:956,6347.152680045388,6147.733384545398,5771.35954352193,5346.441323697417
batch_015:957,3151.3720230168533,3036.0556093472787,2938.121381017826,2940.2705356159126
batch_015:958,10257.91235475078,10058.682789907034,9827.392867351784,9495.846951084379
batch_015:959,3151.3720230168533,3036.0556093472787,2938.121381017826,2940.2705356159126
batch_015:960,3151.3720230168533,3036.0556093472787,2938.121381017826,2940.2705356159126
batch_015:961,10259.646149664299,10059.298233345327,9825.765234223962,9494.923836770053
batch_015:962,3151.3720230168533,3036.0556093472787,2938.121381017826,2940.2705356159126
batch_015:963,15002.288598598292,14182.569246674691,13241.214352288383,11920.044766305968
batch_015:964,4713.017578772923,4665.316721082616,4621.3266447307215,4421.716158786092
batch_015:965,3151.3720230168533,3036.0556093472787,2938.121381017826,2940.2705356159126
batch_015:966,3151.3720230168533,3036.0556093472787,2938.121381017826,2940.2705356159126
batch_015:967,4659.224420087203,4453.035007632188,4140.267483544064,3926.314985877383
batch_015:968,6344.7745981197895,6143.499572625554,5766.616138380296,5344.027858084391
batch_015:969,6340.071287008937,6142.589709036025,5765.234714829069,5344.633267481071
batch_015:970,7436.375825552038,7252.548721290481,7088.387032410274,6818.227707346048
batch_015:971,3151.3720230168533,3036.0556093472787,2938.121381017826,2940.2705356159126
batch_015:972,6338.053884840078,6142.692614292679,5770.155830517404,5351.204562346032
batch_015:973,15006.316051467647,14182.236225213634,13242.232939495983,11919.707707035832
batch_015:974,3151.3720230168533,3036.0556093472787,2938.121381017826,2940.2705356159126
batch_015:975,3151.3720230168533,3036.0556093472787,2938.121381017826,2940.2705356159126
batch_015:976,7428.266528306265,7256.100508879039,7092.518599896277,6829.009355851001
batch_015:977,3151.3720230168533,3036.0556093472787,2938.121381017826,2940.2705356159126
batch_015:978,6357.154887251288,6154.377224565404,5777.431209817882,5354.496823581454
batch_015:979,10257.91235475078,10058.682789907034,9827.392867351784,9495.846951084379
batch_015:980,3151.3720230168533,3036.0556093472787,2938.121381017826,2940.2705356159126
batch_015:981,3151.3720230168533,3036.0556093472787,2938.121381017826,2940.2705356159126
batch_015:982,6338.648764375939,6143.272651767587,5768.306499608996,5348.729600484057
batch_015:983,3151.3720230168533,3036.0556093472787,2938.121381017826,2940.2705356159126
batch_015:984,3151.3720230168533,3036.0556093472787,2938.121381017826,2940.2705356159126
batch_015:985,15022.548960265,14194.858619734534,13256.111504013305,11933.592172150584
batch_015:986,14997.586912527722,14178.71060610784,13235.6901502621,11916.46627505725
batch_015:987,6352.925138899368,6153.016094695498,5777.628356596352,5352.350226782277
batch_015:988,15004.033805936526,14183.052067893015,13238.013727431597,11916.030612602404
batch_015:989,3151.3720230168533,3036.0556093472787,2938.121381017826,2940.2705356159126
batch_015:990,6355.9413344283685,6152.264375231827,5773.809284611778,5352.089580137168
batch_015:991,10243.685622012152,10043.92114943704,9810.671980719126,9480.079763837366
batch_015:992,10249.979240604223,10052.54555071847,9816.820671312618,9484.268711518036
batch_015:993,10250.959768576542,10049.91678238204,9815.229362358836,9483.632645417585
batch_015:994,3151.3720230168533,3036.0556093472787,2938.121381017826,2940.2705356159126
batch_015:995,3151.3720230168533,3036.0556093472787,2938.121381017826,2940.2705356159126
batch_015:996,10241.189397710108,10040.747728659273,9808.364076277212,9478.164733682599
batch_015:997,3151.3720230168533,3036.0556093472787,2938.121381017826,2940.2705356159126
batch_015:998,3151.3720230168533,3036.0556093472787,2938.121381017826,2940.2705356159126
batch_015:999,3151.3720230168533,3036.0556093472787,2938.121381017826,2940.2705356159126
batch_015:1000,3151.3720230168533,3036.0556093472787,2938.121381017826,2940.2705356159126
batch_016:1,3151.3720230168533,3036.0556093472787,2938.121381017826,2940.2705356159126
batch_016:2,3151.3720230168533,3036.0556093472787,2938.121381017826,2940.2705356159126
batch_016:3,4643.871406221016,4443.734914879682,4126.444446488911,3911.6854170683164
batch_016:4,3151.3720230168533,3036.0556093472787,2938.121381017826,2940.2705356159126
batch_016:5,14994.64684995947,14174.208878114001,13233.984129325669,11911.237897680721
batch_016:6,3151.3720230168533,3036.0556093472787,2938.121381017826,2940.2705356159126
batch_016:7,3151.3720230168533,3036.0556093472787,2938.121381017826,2940.2705356159126
batch_016:8,13955.959796719668,13374.890308530392,12418.49876786623,11305.616764151164
batch_016:9,13963.954693287731,13379.698419051685,12415.780217456764,11300.191028515914
batch_016:10,3151.3720230168533,3036.0556093472787,2938.121381017826,2940.2705356159126
batch_016:11,3151.3720230168533,3036.0556093472787,2938.121381017826,2940.2705356159126
batch_016:12,15024.50429150481,14198.613023745069,13254.242566666742,11932.853245242344
batch_016:13,13947.451386729836,13370.515043390453,12415.620679927448,11304.890278086557
batch_016:14,3151.3720230168533,3036.0556093472787,2938.121381017826,2940.2705356159126
batch_016:15,3151.3720230168533,3036.0556093472787,2938.121381017826,2940.2705356159126
batch_016:16,3151.3720230168533,3036.0556093472787,2938.121381017826,2940.2705356159126
batch_016:17,13946.131499785004,13365.772068684375,12408.729324971606,11294.9193183342
batch_016:18,7451.812366801684,7259.860979674513,7094.812196010361,6824.273280684432
batch_016:19,3151.3720230168533,3036.0556093472787,2938.121381017826,2940.2705356159126
batch_016:20,6350.467518908401,6151.990910650784,5775.138334757748,5352.061196479986
batch_016:21,3151.3720230168533,3036.0556093472787,2938.121381017826,2940.2705356159126
batch_016:22,3151.3720230168533,3036.0556093472787,2938.121381017826,2940.2705356159126
batch_016:23,15002.755491517264,14181.531786824147,13235.854409369813,11915.905045971096
batch_016:24,3151.3720230168533,3036.0556093472787,2938.121381017826,2940.2705356159126
batch_016:25,13959.013250294527,13377.965231349226,12412.141312434454,11299.036320500954
batch_016:26,3151.3720230168533,3036.0556093472787,2938.121381017826,2940.2705356159126
batch_016:27,13973.754994204426,13392.523952144918,12437.057706609376,11323.818668149568
batch_016:28,14986.86061034525,14169.961850048909,13227.915688469291,11906.880610642402
batch_016:29,4625.834789720268,4431.752732903451,4117.749405118907,3908.2263376776427
batch_016:30,13946.082005731423,13368.143603177887,12405.111972208393,11291.168518781678
batch_016:31,3151.3720230168533,3036.0556093472787,2938.121381017826,2940.2705356159126
batch_016:32,3151.3720230168533,3036.0556093472787,2938.121381017826,2940.2705356159126
batch_016:33,15005.494988297658,14180.902143777355,13241.282855456819,11916.259521965558
batch_016:34,3151.3720230168533,3036.0556093472787,2938.121381017826,2940.2705356159126
batch_016:35,3151.3720230168533,3036.0556093472787,2938.121381017826,2940.2705356159126
batch_016:36,3151.3720230168533,3036.0556093472787,2938.121381017826,2940.2705356159126
batch_016:37,14992.465446834774,14176.3396583361,13230.875321592604,11909.068703392688
batch_016:38,7405.720577575408,7231.438437618345,7070.469685035449,6798.700075352151
batch_016:39,6340.071287008937,6142.589709036025,5765.234714829069,5344.633267481071
batch_016:40,3151.3720230168533,3036.0556093472787,2938.121381017826,2940.2705356159126
batch_016:41,3151.3720230168533,3036.0556093472787,2938.121381017826,2940.2705356159126
batch_016:42,3151.3720230168533,3036.0556093472787,2938.121381017826,2940.2705356159126
batch_016:43,3151.3720230168533,3036.0556093472787,2938.121381017826,2940.2705356159126
batch_016:44,3151.3720230168533,3036.0556093472787,2938.121381017826,2940.2705356159126
batch_016:45,6352.296730663138,6150.571126522338,5775.083485093671,5353.742400074058
batch_016:46,13968.425948479695,13386.101856113324,12424.731564411848,11311.763920030397
batch_016:47,13964.859668517576,13387.847948141109,12429.89976740065,11316.962156191428
batch_016:48,7447.389613275533,7256.632165469166,7090.594469617592,6816.92776154887
batch_016:49,3151.3720230168533,3036.0556093472787,2938.121381017826,2940.2705356159126
batch_016:50,3151.3720230168533,3036.0556093472787,2938.121381017826,2940.2705356159126
batch_016:51,3151.3720230168533,3036.0556093472787,2938.121381017826,2940.2705356159126
batch_016:52,3151.3720230168533,3036.0556093472787,2938.121381017826,2940.2705356159126
batch_016:53,3151.3720230168533,3036.0556093472787,2938.121381017826,2940.2705356159126
batch_016:54,4638.882773121295,4439.579289390816,4127.836640235284,3917.085147474578
batch_016:55,7425.464210443642,7242.090667846001,7075.288728117939,6801.224889979376
batch_016:56,3151.3720230168533,3036.0556093472787,2938.121381017826,2940.2705356159126
batch_016:57,3151.3720230168533,3036.0556093472787,2938.121381017826,2940.2705356159126
batch_016:58,3151.3720230168533,3036.0556093472787,2938.121381017826,2940.2705356159126
batch_016:59,3151.3720230168533,3036.0556093472787,2938.121381017826,2940.2705356159126
batch_016:60,4611.3385972633805,4413.249122246956,4105.182962644644,3902.1756160722052
batch_016:61,3151.3720230168533,3036.0556093472787,2938.121381017826,2940.2705356159126
batch_016:62,3151.3720230168533,3036.0556093472787,2938.121381017826,2940.2705356159126
batch_016:63,3151.3720230168533,3036.0556093472787,2938.121381017826,2940.2705356159126
batch_016:64,3151.3720230168533,3036.0556093472787,2938.121381017826,2940.2705356159126
batch_016:65,3151.3720230168533,3036.0556093472787,2938.121381017826,2940.2705356159126
batch_016:66,10257.91235475078,10058.682789907034,9827.392867351784,9495.846951084379
batch_016:67,3151.3720230168533,3036.0556093472787,2938.121381017826,2940.2705356159126
batch_016:68,3151.3720230168533,3036.0556093472787,2938.121381017826,2940.2705356159126
batch_016:69,3151.3720230168533,3036.0556093472787,2938.121381017826,2940.2705356159126
batch_016:70,14998.861291722269,14176.844182224548,13238.918716772687,11916.602696787055
batch_016:71,6356.259600713569,6159.908384482707,5782.813179503731,5360.364584275192
batch_016:72,4647.703083285209,4448.900675605751,4135.452751584216,3923.4209599818305
batch_016:73,3151.3720230168533,3036.0556093472787,2938.121381017826,2940.2705356159126
batch_016:74,3151.3720230168533,3036.0556093472787,2938.121381017826,2940.2705356159126
batch_016:75,3151.3720230168533,3036.0556093472787,2938.121381017826,2940.2705356159126
batch_016:76,4650.497266276635,4449.202689172872,4138.761992593301,3926.252379515034
batch_016:77,14992.322274208056,14172.306561401721,13232.903569809174,11910.289335156856
batch_016:78,3151.3720230168533,3036.0556093472787,2938.121381017826,2940.2705356159126
batch_016:79,3151.3720230168533,3036.0556093472787,2938.121381017826,2940.2705356159126
batch_016:80,3151.3720230168533,3036.0556093472787,2938.121381017826,2940.2705356159126
batch_016:81,3151.3720230168533,3036.0556093472787,2938.121381017826,2940.2705356159126
batch_016:82,3151.3720230168533,3036.0556093472787,2938.121381017826,2940.2705356159126
batch_016:83,3151.3720230168533,3036.0556093472787,2938.121381017826,2940.2705356159126
batch_016:84,10243.832107115928,10042.934155679106,9808.337923552142,9478.107371749393
batch_016:85,13958.371221634892,13375.926358480108,12416.485313678797,11303.133992322779
batch_016:86,10247.441677851286,10048.745250333912,9816.514717971004,9485.462543661659
batch_016:87,3151.3720230168533,3036.0556093472787,2938.121381017826,2940.2705356159126
batch_016:88,13968.721624995602,13388.779809048356,12433.039709417324,11316.856415964141
batch_016:89,13981.376161392904,13396.835764067653,12434.7591326295,11317.845601251882
batch_016:90,7410.180805725618,7233.976721080846,7068.912782265628,6799.910838925156
batch_016:91,3151.3720230168533,3036.0556093472787,2938.121381017826,2940.2705356159126
batch_016:92,3151.3720230168533,3036.0556093472787,2938.121381017826,2940.2705356159126
batch_016:93,13962.67573274706,13381.655051776546,12424.173654452079,11311.664230490429
batch_016:94,3151.3720230168533,3036.0556093472787,2938.121381017826,2940.2705356159126
batch_016:95,3151.3720230168533,3036.0556093472787,2938.121381017826,2940.2705356159126
batch_016:96,13973.952946900412,13391.691810045471,12430.628805754375,11318.051707917984
batch_016:97,13974.198051974627,13392.924222243508,12435.640891754032,11320.291960427781
batch_016:98,3151.3720230168533,3036.0556093472787,2938.121381017826,2940.2705356159126
batch_016:99,3151.3720230168533,3036.0556093472787,2938.121381017826,2940.2705356159126
batch_016:100,15000.70210069934,14179.488374440929,13239.283012884243,11917.93682009057
batch_016:101,3151.3720230168533,3036.0556093472787,2938.121381017826,2940.2705356159126
batch_016:102,3151.3720230168533,3036.0556093472787,2938.121381017826,2940.2705356159126
batch_016:103,14986.593624722496,14168.347003350455,13225.414558525725,11905.839934822176
batch_016:104,3151.3720230168533,3036.0556093472787,2938.121381017826,2940.2705356159126
batch_016:105,14999.152168251567,14179.17098012539,13238.115313522709,11915.328251539482
batch_016:106,3151.3720230168533,3036.0556093472787,2938.121381017826,2940.2705356159126
batch_016:107,15006.053070589249,14184.01706616966,13241.068712796103,11919.583959938585
batch_016:108,10255.26772646371,10055.09843627507,9821.909598445189,9486.68620526084
batch_016:109,7411.412696474178,7231.86702328806,7072.467433921747,6811.253436619691
batch_016:110,7407.758148670026,7228.718286802892,7058.478943728928,6788.740562351463
batch_016:111,4613.913776330585,4416.819346366478,4109.171649319649,3905.3073570700667
batch_016:112,3151.3720230168533,3036.0556093472787,2938.121381017826,2940.2705356159126
batch_016:113,15009.20711164002,14188.479338763278,13247.956288187906,11925.515121799093
batch_016:114,6338.786657159756,6138.128964144251,5763.2333899558525,5339.781315025513
batch_016:115,14998.154934119466,14176.71459307852,13237.018745677284,11915.946719000802
batch_016:116,7422.979576153365,7251.840120081486,7091.851718445373,6830.863350827419
batch_016:117,3151.3720230168533,3036.0556093472787,2938.121381017826,2940.2705356159126
batch_016:118,10255.271011710858,10055.580922601146,9820.716442828329,9486.071690416225
batch_016:119,3151.3720230168533,3036.0556093472787,2938.121381017826,2940.2705356159126
batch_016:120,3151.3720230168533,3036.0556093472787,2938.121381017826,2940.2705356159126
batch_016:121,13970.46131508742,13388.332588498546,12423.088966530091,11308.493053081937
batch_016:122,3151.3720230168533,3036.0556093472787,2938.121381017826,2940.2705356159126
batch_016:123,10255.196425264628,10054.416234730228,9817.796843679494,9483.985939449583
batch_016:124,6339.113303854362,6139.909728552245,5765.079610246562,5343.191384009459
batch_016:125,3151.3720230168533,3036.0556093472787,2938.121381017826,2940.2705356159126
batch_016:126,3151.3720230168533,3036.0556093472787,2938.121381017826,2940.2705356159126
batch_016:127,3151.3720230168533,3036.0556093472787,2938.121381017826,2940.2705356159126
batch_016:128,3151.3720230168533,3036.0556093472787,2938.121381017826,2940.2705356159126
batch_016:129,4667.309800206995,4462.438434575244,4149.899389852163,3932.9265683763483
batch_016:130,7415.333260970485,7233.560737158226,7067.077024268687,6799.336439183337
batch_016:131,3151.3720230168533,3036.0556093472787,2938.121381017826,2940.2705356159126
batch_016:132,3151.3720230168533,3036.0556093472787,2938.121381017826,2940.2705356159126
batch_016:133,3151.3720230168533,3036.0556093472787,2938.121381017826,2940.2705356159126
batch_016:134,3151.3720230168533,3036.0556093472787,2938.121381017826,2940.2705356159126
batch_016:135,3151.3720230168533,3036.0556093472787,2938.121381017826,2940.2705356159126
batch_016:136,3151.3720230168533,3036.0556093472787,2938.121381017826,2940.2705356159126
batch_016:137,13953.26882886249,13374.511093114146,12416.27582448304,11303.235648907837
batch_016:138,3151.3720230168533,3036.0556093472787,2938.121381017826,2940.2705356159126
batch_016:139,3151.3720230168533,3036.0556093472787,2938.121381017826,2940.2705356159126
batch_016:140,6342.16656552578,6140.170521377884,5765.70696849902,5345.266557999379
batch_016:141,7420.140111144979,7235.049209131801,7071.37074301554,6800.407636141026
batch_016:142,3151.3720230168533,3036.0556093472787,2938.121381017826,2940.2705356159126
batch_016:143,7406.951106773167,7230.331908797982,7065.398532260363,6797.072221401902
batch_016:144,14993.719679207343,14174.530019692193,13237.64834835751,11915.503471782407
batch_016:145,7419.146175107491,7241.563131641371,7076.583642525197,6804.639796076976
batch_016:146,3151.3720230168533,3036.0556093472787,2938.121381017826,2940.2705356159126
batch_016:147,4589.680252996404,4396.105429023967,4096.277826335715,3898.7123456960426
batch_016:148,13964.815017534209,13385.519525210288,12430.388746504224,11315.553194218266
batch_016:149,6329.424621804998,6130.436559891076,5757.150069988532,5337.992491445602
batch_016:150,10252.826160957295,10053.888760312888,9817.277987259877,9482.488707749066
batch_016:151,3151.3720230168533,3036.0556093472787,2938.121381017826,2940.2705356159126
batch_016:152,13960.24491873609,13379.599657696614,12420.676255024784,11306.418801337071
batch_016:153,15002.696059342927,14181.778732785613,13241.895889519206,11919.440231370321
batch_016:154,3151.3720230168533,3036.0556093472787,2938.121381017826,2940.2705356159126
batch_016:155,3151.3720230168533,3036.0556093472787,2938.121381017826,2940.2705356159126
batch_016:156,7442.689840249914,7263.293946249622,7098.097397859489,6830.976578203157
batch_016:157,3151.3720230168533,3036.0556093472787,2938.121381017826,2940.2705356159126
batch_016:158,3151.3720230168533,3036.0556093472787,2938.121381017826,2940.2705356159126
batch_016:159,4648.908612780522,4444.996202240662,4136.123577030229,3922.747133864746
batch_016:160,3151.3720230168533,3036.0556093472787,2938.121381017826,2940.2705356159126
batch_016:161,4676.329857943444,4476.6388850288595,4161.642506377162,3939.9434732312666
batch_016:162,3151.3720230168533,3036.0556093472787,2938.121381017826,2940.2705356159126
batch_016:163,7408.233512681953,7228.981411861541,7059.128579135722,6786.54866576904
batch_016:164,7414.582008635898,7234.980854381274,7071.158235831376,6799.419639808921
batch_016:165,3151.3720230168533,3036.0556093472787,2938.121381017826,2940.2705356159126
batch_016:166,4611.736265167846,4417.9486902829285,4110.935451690756,3907.5873111410992
batch_016:167,4617.576373897686,4420.140605126866,4110.966462362759,3905.0290726203
batch_016:168,4639.612888638353,4436.151895441675,4127.98019766713,3919.1821052215264
batch_016:169,3151.3720230168533,3036.0556093472787,2938.121381017826,2940.2705356159126
batch_016:170,3151.3720230168533,3036.0556093472787,2938.121381017826,2940.2705356159126
batch_016:171,10256.668422008104,10055.846457023132,9820.341287958965,9485.799784425188
batch_016:172,14997.128232971447,14173.598721186292,13234.017675979372,11911.016675217552
batch_016:173,6356.301558228168,6154.034785765085,5776.798413663177,5354.94107624535
batch_016:174,13953.658487700595,13374.69535212424,12418.4514359495,11306.767672790971
batch_016:175,3151.3720230168533,3036.0556093472787,2938.121381017826,2940.2705356159126
batch_016:176,3151.3720230168533,3036.0556093472787,2938.121381017826,2940.2705356159126
batch_016:177,7417.422326076174,7240.240199242638,7073.46564897284,6801.014902835764
batch_016:178,6334.847928273039,6135.377575677772,5757.725447910228,5341.239531313777
batch_016:179,6340.443812528426,6143.127765535262,5769.688477829826,5347.208454023164
batch_016:180,14992.748375708188,14176.59738494415,13229.772021757639,11907.901733918707
batch_016:181,3151.3720230168533,3036.0556093472787,2938.121381017826,2940.2705356159126
batch_016:182,13960.765391687863,13381.399692787358,12421.921412211927,11310.55729817296
batch_016:183,14999.978001559952,14180.559390695602,13239.641270295393,11916.865318291255
batch_016:184,3151.3720230168533,3036.0556093472787,2938.121381017826,2940.2705356159126
batch_016:185,3151.3720230168533,3036.0556093472787,2938.121381017826,2940.2705356159126
batch_016:186,3151.3720230168533,3036.0556093472787,2938.121381017826,2940.2705356159126
batch_016:187,3151.3720230168533,3036.0556093472787,2938.121381017826,2940.2705356159126
batch_016:188,3151.3720230168533,3036.0556093472787,2938.121381017826,2940.2705356159126
batch_016:189,4648.173658547203,4450.709135754835,4436.756234742773,4275.84500278215
batch_016:190,3151.3720230168533,3036.0556093472787,2938.121381017826,2940.2705356159126
batch_016:191,10245.960679753287,10041.873583899805,9807.097053174026,9478.393500163762
batch_016:192,4702.473030623043,4490.521834554129,4170.054641347106,3948.1244012793154
batch_016:193,10259.432963468029,10058.537651665509,9824.629395294167,9490.081472506134
batch_016:194,7413.247862897291,7233.7884430734775,7063.809477293896,6791.79602749718
batch_016:195,3151.3720230168533,3036.0556093472787,2938.121381017826,2940.2705356159126
batch_016:196,4628.096373347421,4429.139475195994,4113.356452682301,3904.8572015054524
batch_016:197,3151.3720230168533,3036.0556093472787,2938.121381017826,2940.2705356159126
batch_016:198,4667.0777038333845,4461.023999626772,4143.445768660175,3928.1198774072
batch_016:199,3151.3720230168533,3036.0556093472787,2938.121381017826,2940.2705356159126
batch_016:200,3151.3720230168533,3036.0556093472787,2938.121381017826,2940.2705356159126
batch_016:201,4618.366033984118,4423.558940620679,4112.640203083696,3907.30827878588
batch_016:202,3151.3720230168533,3036.0556093472787,2938.121381017826,2940.2705356159126
batch_016:203,15005.662990997378,14184.043027765716,13247.852889275577,11928.104003949935
batch_016:204,3151.3720230168533,3036.0556093472787,2938.121381017826,2940.2705356159126
batch_016:205,3151.3720230168533,3036.0556093472787,2938.121381017826,2940.2705356159126
batch_016:206,4632.9979594980405,4433.726790431667,4126.002491414829,3916.5098719709667
batch_016:207,4621.197883377806,4423.575712636093,4111.0938221431425,3907.3905094313445
batch_016:208,6340.771354989564,6144.282426147107,5769.657834327441,5345.806006880573
batch_016:209,3151.3720230168533,3036.0556093472787,2938.121381017826,2940.2705356159126
batch_016:210,15007.032812850028,14183.528188893619,13245.490291625038,11923.178141013394
batch_016:211,3151.3720230168533,3036.0556093472787,2938.121381017826,2940.2705356159126
batch_016:212,3151.3720230168533,3036.0556093472787,2938.121381017826,2940.2705356159126
batch_016:213,7418.837584916458,7232.032963570244,7061.630719664659,6791.585498892783
batch_016:214,3151.3720230168533,3036.0556093472787,2938.121381017826,2940.2705356159126
batch_016:215,10239.807692159706,10040.342163736528,9812.215327959264,9483.967084800199
batch_016:216,7412.998599614153,7235.2505804226685,7064.052916114809,6792.735747360568
batch_016:217,14995.366408854663,14174.26784276868,13235.150717423194,11913.280314181575
batch_016:218,3151.3720230168533,3036.0556093472787,2938.121381017826,2940.2705356159126
batch_016:219,3151.3720230168533,3036.0556093472787,2938.121381017826,2940.2705356159126
batch_016:220,13960.948703048198,13379.301480006356,12418.938143438008,11306.589549563292
batch_016:221,14993.719679207343,14174.530019692193,13237.64834835751,11915.503471782407
batch_016:222,3151.3720230168533,3036.0556093472787,2938.121381017826,2940.2705356159126
batch_016:223,7410.367126155213,7234.732977173828,7071.969498965592,6799.910752977052
batch_016:224,15002.509918753385,14181.682298556061,13242.800274070283,11925.258598535413
batch_016:225,3151.3720230168533,3036.0556093472787,2938.121381017826,2940.2705356159126
batch_016:226,7447.389613275533,7256.632165469166,7090.594469617592,6816.92776154887
batch_016:227,4650.503427520733,4447.578544667987,4137.131274773949,3925.794579329792
batch_016:228,3151.3720230168533,3036.0556093472787,2938.121381017826,2940.2705356159126
batch_016:229,10247.440672789951,10048.995686590293,9820.793301527629,9487.571783875303
batch_016:230,6341.74427889957,6141.22756032442,5767.170648987023,5346.036476198162
batch_016:231,3151.3720230168533,3036.0556093472787,2938.121381017826,2940.2705356159126
batch_016:232,3151.3720230168533,3036.0556093472787,2938.121381017826,2940.2705356159126
batch_016:233,15001.752638976512,14180.09409483441,13241.725913892544,11920.441932000595
batch_016:234,4636.250357320237,4436.548156198495,4131.111329876834,3920.3986781582453
batch_016:235,3151.3720230168533,3036.0556093472787,2938.121381017826,2940.2705356159126
batch_016:236,7416.241231555459,7239.290180014681,7074.456038377461,6805.014868015607
batch_016:237,3151.3720230168533,3036.0556093472787,2938.121381017826,2940.2705356159126
batch_016:238,3151.3720230168533,3036.0556093472787,2938.121381017826,2940.2705356159126
batch_016:239,3151.3720230168533,3036.0556093472787,2938.121381017826,2940.2705356159126
batch_016:240,3151.3720230168533,3036.0556093472787,2938.121381017826,2940.2705356159126
batch_016:241,3151.3720230168533,3036.0556093472787,2938.121381017826,2940.2705356159126
batch_016:242,3151.3720230168533,3036.0556093472787,2938.121381017826,2940.2705356159126
batch_016:243,14996.568355206007,14180.532278977938,13236.3092850166,11917.987388850017
batch_016:244,6341.4222319765895,6145.072679056394,5769.33843905988,5349.525253765402
batch_016:245,3151.3720230168533,3036.0556093472787,2938.121381017826,2940.2705356159126
batch_016:246,3151.3720230168533,3036.0556093472787,2938.121381017826,2940.2705356159126
batch_016:247,10246.202533493037,10044.95202768335,9812.792862756456,9482.622143814295
batch_016:248,3151.3720230168533,3036.0556093472787,2938.121381017826,2940.2705356159126
batch_016:249,3151.3720230168533,3036.0556093472787,2938.121381017826,2940.2705356159126
batch_016:250,6363.305288545036,6162.8038686625105,5786.3096586260135,5359.317057532
batch_016:251,3151.3720230168533,3036.0556093472787,2938.121381017826,2940.2705356159126
batch_016:252,3151.3720230168533,3036.0556093472787,2938.121381017826,2940.2705356159126
batch_016:253,13962.135591769784,13382.98697491737,12423.816708866854,11312.248031479281
batch_016:254,3151.3720230168533,3036.0556093472787,2938.121381017826,2940.2705356159126
batch_016:255,14997.128232971447,14173.598721186292,13234.017675979372,11911.016675217552
batch_016:256,3151.3720230168533,3036.0556093472787,2938.121381017826,2940.2705356159126
batch_016:257,3151.3720230168533,3036.0556093472787,2938.121381017826,2940.2705356159126
batch_016:258,4660.1969529558855,4454.448221822844,4141.635794353903,3927.2923507415535
batch_016:259,13971.132508640978,13390.063071510118,12424.712774813192,11310.45622501643
batch_016:260,3151.3720230168533,3036.0556093472787,2938.121381017826,2940.2705356159126
batch_016:261,3151.3720230168533,3036.0556093472787,2938.121381017826,2940.2705356159126
batch_016:262,13976.386869321761,13394.25946625111,12428.370868604896,11314.869321095019
batch_016:263,10241.40547023401,10041.285538958386,9803.900967873837,9470.78731091532
batch_016:264,3151.3720230168533,3036.0556093472787,2938.121381017826,2940.2705356159126
batch_016:265,3151.3720230168533,3036.0556093472787,2938.121381017826,2940.2705356159126
batch_016:266,4637.33330572974,4440.977682242538,4126.433101141243,3912.758577573295
batch_016:267,6346.950692927213,6145.121443315613,5769.501075154157,5345.47546793739
batch_016:268,4606.272720642569,4410.915569939263,4104.054991563322,3900.2401864586536
batch_016:269,7440.911018422763,7251.538879094721,7084.185972084851,6813.699205641517
batch_016:270,6339.803528914835,6143.311781351997,5768.606572036604,5347.877453190926
batch_016:271,3151.3720230168533,3036.0556093472787,2938.121381017826,2940.2705356159126
batch_016:272,3151.3720230168533,3036.0556093472787,2938.121381017826,2940.2705356159126
batch_016:273,3151.3720230168533,3036.0556093472787,2938.121381017826,2940.2705356159126
batch_016:274,14985.371671666617,14169.559032093832,13230.219321095152,11910.756842857374
batch_016:275,13945.271783420863,13363.709433360058,12401.54672256427,11291.495366609068
batch_016:276,7423.361366754976,7240.878887441935,7079.412633456172,6806.198405924619
batch_016:277,3151.3720230168533,3036.0556093472787,2938.121381017826,2940.2705356159126
batch_016:278,3151.3720230168533,3036.0556093472787,2938.121381017826,2940.2705356159126
batch_016:279,10247.93294865044,10052.069690719487,9823.964883214065,9490.9053648521
batch_016:280,13966.882635560498,13384.105992298595,12425.550200158053,11311.610914616123
batch_016:281,14994.050741152178,14176.013283892793,13235.71428838249,11915.781151048026
batch_016:282,6336.638441767618,6136.790057908595,5759.347157245089,5337.578559098418
batch_016:283,13966.194001228228,13387.955315361643,12433.299936509446,11320.725256238631
batch_016:284,3151.3720230168533,3036.0556093472787,2938.121381017826,2940.2705356159126
batch_016:285,6346.332337623533,6147.34042178446,5772.690096487561,5349.80457152246
batch_016:286,3151.3720230168533,3036.0556093472787,2938.121381017826,2940.2705356159126
batch_016:287,3151.3720230168533,3036.0556093472787,2938.121381017826,2940.2705356159126
batch_016:288,3151.3720230168533,3036.0556093472787,2938.121381017826,2940.2705356159126
batch_016:289,13975.18318000182,13392.463047218238,12429.828146525595,11315.578765316337
batch_016:290,7401.873267306651,7225.185384515179,7058.842135452804,6788.68417052183
batch_016:291,3151.3720230168533,3036.0556093472787,2938.121381017826,2940.2705356159126
batch_016:292,6339.06980357578,6141.715669085229,5767.3510808292385,5346.449862660521
batch_016:293,13952.08139672601,13374.068798506396,12416.046206861552,11302.992185772255
batch_016:294,6329.695876354512,6130.416702642554,5757.391185018615,5336.646640363173
batch_016:295,3151.3720230168533,3036.0556093472787,2938.121381017826,2940.2705356159126
batch_016:296,3151.3720230168533,3036.0556093472787,2938.121381017826,2940.2705356159126
batch_016:297,10255.648465818524,10052.36616644017,9817.701892599522,9486.548829731026
batch_016:298,6326.346450424253,6129.07951996012,5755.300959835626,5336.294471174544
batch_016:299,13970.517239487588,13391.296492938176,12433.882444985149,11316.440822046672
batch_016:300,3151.3720230168533,3036.0556093472787,2938.121381017826,2940.2705356159126
batch_016:301,3151.3720230168533,3036.0556093472787,2938.121381017826,2940.2705356159126
batch_016:302,3151.3720230168533,3036.0556093472787,2938.121381017826,2940.2705356159126
batch_016:303,3151.3720230168533,3036.0556093472787,2938.121381017826,2940.2705356159126
batch_016:304,4623.311126561046,4423.679256920441,4113.207153119242,3905.741728174419
batch_016:305,10246.589261679703,10047.430661208917,9817.639679304506,9487.465642345975
batch_016:306,4630.784417712745,4429.207769338155,4116.130101450077,3911.289835723106
batch_016:307,3151.3720230168533,3036.0556093472787,2938.121381017826,2940.2705356159126
batch_016:308,3151.3720230168533,3036.0556093472787,2938.121381017826,2940.2705356159126
batch_016:309,10264.363836690676,10063.087518577333,9828.723088086588,9495.098897156688
batch_016:310,3151.3720230168533,3036.0556093472787,2938.121381017826,2940.2705356159126
batch_016:311,3151.3720230168533,3036.0556093472787,2938.121381017826,2940.2705356159126
batch_016:312,3151.3720230168533,3036.0556093472787,2938.121381017826,2940.2705356159126
batch_016:313,3151.3720230168533,3036.0556093472787,2938.121381017826,2940.2705356159126
batch_016:314,3151.3720230168533,3036.0556093472787,2938.121381017826,2940.2705356159126
batch_016:315,15006.320971230783,14183.046989151217,13242.267792900075,11921.479158306487
batch_016:316,10249.865766678953,10048.06308777688,9814.85979465124,9482.507448954411
batch_016:317,3151.3720230168533,3036.0556093472787,2938.121381017826,2940.2705356159126
batch_016:318,6350.66760921099,6153.281692946019,5773.293956144922,5352.54912076105
batch_016:319,4652.1654756170055,4452.006400666769,4134.818436106499,3920.8474793232313
batch_016:320,14993.779285231352,14178.715564738817,13234.982006214006,11914.39365095638
batch_016:321,7455.337384932464,7266.2438528222865,7101.130996437884,6829.936988561067
batch_016:322,6331.887158458801,6132.541116082993,5758.428116704745,5337.401425329849
batch_016:323,3151.3720230168533,3036.0556093472787,2938.121381017826,2940.2705356159126
batch_016:324,3151.3720230168533,3036.0556093472787,2938.121381017826,2940.2705356159126
batch_016:325,6354.114645358992,6156.430325790354,5777.722468166995,5354.28294801708
batch_016:326,14992.322274208056,14172.306561401721,13232.903569809174,11910.289335156856
batch_016:327,14995.78334739636,14175.711429052291,13238.043787891536,11919.518447779381
batch_016:328,3151.3720230168533,3036.0556093472787,2938.121381017826,2940.2705356159126
batch_016:329,6344.51287537607,6146.8359458523955,5772.004395198637,5348.236556048395
batch_016:330,3151.3720230168533,3036.0556093472787,2938.121381017826,2940.2705356159126
batch_016:331,3151.3720230168533,3036.0556093472787,2938.121381017826,2940.2705356159126
batch_016:332,3151.3720230168533,3036.0556093472787,2938.121381017826,2940.2705356159126
batch_016:333,15002.135599689438,14182.161885451536,13240.155306201228,11920.168743150976
batch_016:334,3151.3720230168533,3036.0556093472787,2938.121381017826,2940.2705356159126
batch_016:335,3151.3720230168533,3036.0556093472787,2938.121381017826,2940.2705356159126
batch_016:336,14993.204782855155,14174.120382509234,13236.109627391354,11913.201951869072
batch_016:337,14997.223719257729,14175.781778369172,13228.665649106582,11910.285904919316
batch_016:338,6348.240002135831,6148.972993750043,5772.622117044079,5348.991752222308
batch_016:339,14989.415600527791,14173.710838966452,13231.337185962884,11911.894148001924
batch_016:340,7411.657326798654,7235.416180551975,7072.172104568704,6803.025228027215
batch_016:341,7414.7863708708555,7230.5779944113865,7064.395869475118,6801.5804241597325
batch_016:342,3151.3720230168533,3036.0556093472787,2938.121381017826,2940.2705356159126
batch_016:343,13970.495244632719,13389.098545151835,12428.923490052564,11314.84585522066
batch_016:344,3151.3720230168533,3036.0556093472787,2938.121381017826,2940.2705356159126
batch_016:345,3151.3720230168533,3036.0556093472787,2938.121381017826,2940.2705356159126
batch_016:346,7410.475596403757,7232.207794684274,7066.100453930769,6796.263448737922
batch_016:347,14996.304536083866,14181.253963108815,13237.09480871971,11916.818416862778
batch_016:348,4632.341261941287,4435.891300270992,4123.287198572631,3912.307360285275
batch_016:349,3151.3720230168533,3036.0556093472787,2938.121381017826,2940.2705356159126
batch_016:350,10249.812622061123,10048.574546830172,9815.1000839775,9483.237857973412
batch_016:351,3151.3720230168533,3036.0556093472787,2938.121381017826,2940.2705356159126
batch_016:352,3151.3720230168533,3036.0556093472787,2938.121381017826,2940.2705356159126
batch_016:353,3151.3720230168533,3036.0556093472787,2938.121381017826,2940.2705356159126
batch_016:354,3151.3720230168533,3036.0556093472787,2938.121381017826,2940.2705356159126
batch_016:355,3151.3720230168533,3036.0556093472787,2938.121381017826,2940.2705356159126
batch_016:356,10246.589261679703,10047.430661208917,9817.639679304506,9487.465642345975
batch_016:357,4651.028674086517,4451.411677470072,4141.560924571725,3926.354538446022
batch_016:358,6343.856149984072,6151.286392191126,5773.802109963943,5353.869040975393
batch_016:359,7403.18703922327,7225.056058766958,7067.231039409894,6806.353799591668
batch_016:360,3151.3720230168533,3036.0556093472787,2938.121381017826,2940.2705356159126
batch_016:361,13968.701102913452,13385.208579870956,12421.768332227648,11308.769819884144
batch_016:362,3151.3720230168533,3036.0556093472787,2938.121381017826,2940.2705356159126
batch_016:363,3151.3720230168533,3036.0556093472787,2938.121381017826,2940.2705356159126
batch_016:364,13942.99460341325,13364.049477790539,12406.910981061665,11294.817653355476
batch_016:365,13967.290978351462,13382.740351753826,12420.384558480544,11307.059397636956
batch_016:366,3151.3720230168533,3036.0556093472787,2938.121381017826,2940.2705356159126
batch_016:367,3151.3720230168533,3036.0556093472787,2938.121381017826,2940.2705356159126
batch_016:368,7427.5534194062375,7248.0147006214675,7086.647569140759,6814.220816130163
batch_016:369,14992.7037778582,14175.424339095925,13237.211984492084,11915.06006441445
batch_016:370,3151.3720230168533,3036.0556093472787,2938.121381017826,2940.2705356159126
batch_016:371,3151.3720230168533,3036.0556093472787,2938.121381017826,2940.2705356159126
batch_016:372,4648.346737373172,4446.636366553567,4134.907426706845,3923.3490303654758
batch_016:373,3151.3720230168533,3036.0556093472787,2938.121381017826,2940.2705356159126
batch_016:374,3151.3720230168533,3036.0556093472787,2938.121381017826,2940.2705356159126
batch_016:375,3151.3720230168533,3036.0556093472787,2938.121381017826,2940.2705356159126
batch_016:376,4607.819094852804,4417.034079618006,4105.983004222246,3900.2781440885356
batch_016:377,3151.3720230168533,3036.0556093472787,2938.121381017826,2940.2705356159126
batch_016:378,3151.3720230168533,3036.0556093472787,2938.121381017826,2940.2705356159126
batch_016:379,7418.943956099021,7241.40321491896,7073.904207169231,6801.965531060963
batch_016:380,10241.69093547543,10043.594379000911,9816.004872270425,9484.429765274277
batch_016:381,3151.3720230168533,3036.0556093472787,2938.121381017826,2940.2705356159126
batch_016:382,3151.3720230168533,3036.0556093472787,2938.121381017826,2940.2705356159126
batch_016:383,7404.831415441289,7225.582563425727,7058.899633361954,6791.802327047209
batch_016:384,13964.856515667494,13383.134719077636,12420.831867947896,11308.220662894917
batch_016:385,3151.3720230168533,3036.0556093472787,2938.121381017826,2940.2705356159126
batch_016:386,7405.724065239292,7225.290405596296,7058.440478430465,6791.261796486449
batch_016:387,3151.3720230168533,3036.0556093472787,2938.121381017826,2940.2705356159126
batch_016:388,14985.371671666617,14169.559032093832,13230.219321095152,11910.756842857374
batch_016:389,10249.245957453651,10047.607695547733,9817.13854980902,9486.49682200803
batch_016:390,4620.985453993196,4419.90648801373,4114.640823136106,3909.133356231607
batch_016:391,10247.72756679624,10050.550924353585,9823.746285548083,9493.126124315755
batch_016:392,4609.785799554248,4420.16699984904,4119.373608465974,3914.4496018496693
batch_016:393,3151.3720230168533,3036.0556093472787,2938.121381017826,2940.2705356159126
batch_016:394,3151.3720230168533,3036.0556093472787,2938.121381017826,2940.2705356159126
batch_016:395,3151.3720230168533,3036.0556093472787,2938.121381017826,2940.2705356159126
batch_016:396,3151.3720230168533,3036.0556093472787,2938.121381017826,2940.2705356159126
batch_016:397,7401.503134211854,7222.657752916111,7050.8503375398395,6780.17834941248
batch_016:398,3151.3720230168533,3036.0556093472787,2938.121381017826,2940.2705356159126
batch_016:399,3151.3720230168533,3036.0556093472787,2938.121381017826,2940.2705356159126
batch_016:400,7405.10039634077,7221.3281203253555,7051.837718351078,6783.94567775161
batch_016:401,3151.3720230168533,3036.0556093472787,2938.121381017826,2940.2705356159126
batch_016:402,3151.3720230168533,3036.0556093472787,2938.121381017826,2940.2705356159126
batch_016:403,3151.3720230168533,3036.0556093472787,2938.121381017826,2940.2705356159126
batch_016:404,13963.054922481528,13384.006996151704,12423.76641366263,11310.60242044635
batch_016:405,10257.35329568125,10056.949705467614,9821.289267574495,9486.979665708994
batch_016:406,3151.3720230168533,3036.0556093472787,2938.121381017826,2940.2705356159126
batch_016:407,3151.3720230168533,3036.0556093472787,2938.121381017826,2940.2705356159126
batch_016:408,13972.127020953536,13391.059119520007,12430.669033096721,11316.735717218138
batch_016:409,6346.3190859474325,6149.579779293981,5772.820216842972,5354.500802229083
batch_016:410,10251.8765876541,10051.936349754847,9818.216467015127,9484.303386505142
batch_016:411,3151.3720230168533,3036.0556093472787,2938.121381017826,2940.2705356159126
batch_016:412,7403.228099227645,7223.597719896152,7057.521026960649,6793.455296503491
batch_016:413,10241.952296033554,10044.704403432886,9812.61054722108,9481.297690660864
batch_016:414,3151.3720230168533,3036.0556093472787,2938.121381017826,2940.2705356159126
batch_016:415,3151.3720230168533,3036.0556093472787,2938.121381017826,2940.2705356159126
batch_016:416,3151.3720230168533,3036.0556093472787,2938.121381017826,2940.2705356159126
batch_016:417,3151.3720230168533,3036.0556093472787,2938.121381017826,2940.2705356159126
batch_016:418,3151.3720230168533,3036.0556093472787,2938.121381017826,2940.2705356159126
batch_016:419,15003.406413347102,14184.188809245574,13242.35124434709,11919.97473476416
batch_016:420,10250.928324646333,10052.837961586994,9819.21595961925,9487.307531143242
batch_016:421,7425.896761812599,7245.738315325549,7083.139509869735,6815.811867456757
batch_016:422,6356.203752941861,6157.105295316944,5777.216065675143,5355.600983801569
batch_016:423,3151.3720230168533,3036.0556093472787,2938.121381017826,2940.2705356159126
batch_016:424,14999.393811798529,14180.44589206011,13239.987065715006,11919.34132773288
batch_016:425,3151.3720230168533,3036.0556093472787,2938.121381017826,2940.2705356159126
batch_016:426,3151.3720230168533,3036.0556093472787,2938.121381017826,2940.2705356159126
batch_016:427,15008.418450172214,14186.437375430938,13246.390632357003,11926.593560330628
batch_016:428,6353.840969789161,6150.513116840548,5771.145132713344,5350.2073662942985
batch_016:429,3151.3720230168533,3036.0556093472787,2938.121381017826,2940.2705356159126
batch_016:430,3151.3720230168533,3036.0556093472787,2938.121381017826,2940.2705356159126
batch_016:431,4642.340925089591,4439.919100080672,4126.3221019373095,3915.5219540854378
batch_016:432,7418.819167099559,7236.683277745243,7072.238057839762,6800.593214289221
batch_016:433,14979.479007398199,14167.93871955767,13229.882513164222,11910.695019568864
batch_016:434,3151.3720230168533,3036.0556093472787,2938.121381017826,2940.2705356159126
batch_016:435,3151.3720230168533,3036.0556093472787,2938.121381017826,2940.2705356159126
batch_016:436,7410.619063419029,7227.150870041003,7056.1005349148045,6787.700409413577
batch_016:437,3151.3720230168533,3036.0556093472787,2938.121381017826,2940.2705356159126
batch_016:438,6349.737965533469,6150.996523952834,5775.8038296976565,5351.451371829395
batch_016:439,3151.3720230168533,3036.0556093472787,2938.121381017826,2940.2705356159126
batch_016:440,3151.3720230168533,3036.0556093472787,2938.121381017826,2940.2705356159126
batch_016:441,6344.221329071179,6145.3442783522705,5770.938129094741,5348.385482780092
batch_016:442,13963.499715632704,13385.178869903437,12430.368121408446,11315.876487599655
batch_016:443,10252.826160957295,10053.888760312888,9817.277987259877,9482.488707749066
batch_016:444,3151.3720230168533,3036.0556093472787,2938.121381017826,2940.2705356159126
batch_016:445,10256.51827216562,10057.092157864528,9824.604089008863,9490.502087476634
batch_016:446,7426.4990253540645,7236.403600642774,7060.738175281136,6785.776684175572
batch_016:447,4613.37912431282,4415.84971602161,4109.37861044066,3907.097857341911
batch_016:448,13958.602264954006,13379.968177121102,12418.366091326792,11305.378375847491
batch_016:449,3151.3720230168533,3036.0556093472787,2938.121381017826,2940.2705356159126
batch_016:450,14985.371671666617,14169.559032093832,13230.219321095152,11910.756842857374
batch_016:451,3151.3720230168533,3036.0556093472787,2938.121381017826,2940.2705356159126
batch_016:452,3151.3720230168533,3036.0556093472787,2938.121381017826,2940.2705356159126
batch_016:453,10259.432963468029,10058.537651665509,9824.629395294167,9490.081472506134
batch_016:454,7417.898931135351,7241.3987706937505,7083.539254221616,6821.135079928351
batch_016:455,3151.3720230168533,3036.0556093472787,2938.121381017826,2940.2705356159126
batch_016:456,4639.215145816914,4435.555539600138,4120.127438281617,3910.7331814686418
batch_016:457,3151.3720230168533,3036.0556093472787,2938.121381017826,2940.2705356159126
batch_016:458,3151.3720230168533,3036.0556093472787,2938.121381017826,2940.2705356159126
batch_016:459,7396.465929707952,7220.331140948058,7059.848059343454,6794.86562493089
batch_016:460,3151.3720230168533,3036.0556093472787,2938.121381017826,2940.2705356159126
batch_016:461,3151.3720230168533,3036.0556093472787,2938.121381017826,2940.2705356159126
batch_016:462,15004.650796506823,14185.417407769377,13240.11318496528,11919.605310138513
batch_016:463,10244.798244825355,10044.663406280324,9811.572105858691,9480.944028298216
batch_016:464,3151.3720230168533,3036.0556093472787,2938.121381017826,2940.2705356159126
batch_016:465,3151.3720230168533,3036.0556093472787,2938.121381017826,2940.2705356159126
batch_016:466,3151.3720230168533,3036.0556093472787,2938.121381017826,2940.2705356159126
batch_016:467,3151.3720230168533,3036.0556093472787,2938.121381017826,2940.2705356159126
batch_016:468,3151.3720230168533,3036.0556093472787,2938.121381017826,2940.2705356159126
batch_016:469,4612.546444179304,4417.240879039313,4108.053622730217,3902.579585590183
batch_016:470,7403.614830743159,7223.1953213978595,7059.910019979598,6792.090913947393
batch_016:471,4668.570961697163,4461.925750277229,4150.784154171527,3935.258209536363
batch_016:472,6331.606133316851,6128.15481817506,5753.445443353926,5332.9621906089205
batch_016:473,7406.639481236766,7231.469995427208,7075.271032414706,6817.196188307069
batch_016:474,13947.43266230108,13369.098810353958,12416.824364737042,11304.355693157586
batch_016:475,3151.3720230168533,3036.0556093472787,2938.121381017826,2940.2705356159126
batch_016:476,7432.602073369442,7249.509743088341,7082.310071344997,6808.49125645373
batch_016:477,10257.193351492911,10055.09558644128,9816.003615107864,9480.43784087244
batch_016:478,7415.006868592956,7235.3602200465275,7069.304637203341,6797.669706314229
batch_016:479,6344.624072955973,6144.171770515783,5769.078648088956,5352.374648552604
batch_016:480,4651.049193437936,4449.334859163624,4138.371024602915,3924.8748200327946
batch_016:481,3151.3720230168533,3036.0556093472787,2938.121381017826,2940.2705356159126
batch_016:482,3151.3720230168533,3036.0556093472787,2938.121381017826,2940.2705356159126
batch_016:483,14983.186066109021,14166.641677299223,13225.722006133421,11905.613133414769
batch_016:484,7404.6255069322315,7221.53531702387,7050.371658497188,6781.594353241149
batch_016:485,4650.991879592121,4449.562166332903,4133.626113810763,3920.4657666146422
batch_016:486,10247.727002336049,10048.650270054335,9816.211696263732,9482.985126912765
batch_016:487,7442.689840249914,7263.293946249622,7098.097397859489,6830.976578203157
batch_016:488,7406.152769013128,7230.703472027463,7071.929450658831,6811.871141655109
batch_016:489,14990.006311075585,14175.218171309227,13229.143287330045,11909.861675877757
batch_016:490,6343.5186112900465,6140.81776774404,5764.722794513547,5342.580496459747
batch_016:491,3151.3720230168533,3036.0556093472787,2938.121381017826,2940.2705356159126
batch_016:492,3151.3720230168533,3036.0556093472787,2938.121381017826,2940.2705356159126
batch_016:493,3151.3720230168533,3036.0556093472787,2938.121381017826,2940.2705356159126
batch_016:494,14999.963948207376,14179.780978593782,13242.25934387798,11919.669033465185
batch_016:495,3151.3720230168533,3036.0556093472787,2938.121381017826,2940.2705356159126
batch_016:496,3151.3720230168533,3036.0556093472787,2938.121381017826,2940.2705356159126
batch_016:497,3151.3720230168533,3036.0556093472787,2938.121381017826,2940.2705356159126
batch_016:498,3151.3720230168533,3036.0556093472787,2938.121381017826,2940.2705356159126
batch_016:499,7426.4990253540645,7236.403600642774,7060.738175281136,6785.776684175572
batch_016:500,6341.006288676037,6138.665768076989,5763.879467140806,5342.582642409229
batch_016:501,3151.3720230168533,3036.0556093472787,2938.121381017826,2940.2705356159126
batch_016:502,13964.50814696844,13383.713484300455,12428.77618065035,11315.831920594712
batch_016:503,7444.396759624502,7253.175587932154,7086.338662477564,6810.565933605801
batch_016:504,3151.3720230168533,3036.0556093472787,2938.121381017826,2940.2705356159126
batch_016:505,10253.812512581286,10056.913676131271,9824.470078359389,9492.48563882853
batch_016:506,3151.3720230168533,3036.0556093472787,2938.121381017826,2940.2705356159126
batch_016:507,3151.3720230168533,3036.0556093472787,2938.121381017826,2940.2705356159126
batch_016:508,3151.3720230168533,3036.0556093472787,2938.121381017826,2940.2705356159126
batch_016:509,7409.684534383346,7226.3450535957345,7052.951004402164,6783.258374887392
batch_016:510,3151.3720230168533,3036.0556093472787,2938.121381017826,2940.2705356159126
batch_016:511,3151.3720230168533,3036.0556093472787,2938.121381017826,2940.2705356159126
batch_016:512,3151.3720230168533,3036.0556093472787,2938.121381017826,2940.2705356159126
batch_016:513,4774.2621031127155,4611.0560420147685,4490.397293686335,4304.524546485918
batch_016:514,14995.308000075715,14176.9857490695,13237.94251728177,11917.937108819948
batch_016:515,4648.134082615747,4447.5178414975835,4138.655372642264,3928.4200962760556
batch_016:516,7403.228099227645,7223.597719896152,7057.521026960649,6793.455296503491
batch_016:517,4628.425202614695,4431.111252291812,4123.05641103919,3917.3112493206017
batch_016:518,4661.345012238125,4457.111049395955,4147.220610779523,3931.708955545667
batch_016:519,3151.3720230168533,3036.0556093472787,2938.121381017826,2940.2705356159126
batch_016:520,3151.3720230168533,3036.0556093472787,2938.121381017826,2940.2705356159126
batch_016:521,3151.3720230168533,3036.0556093472787,2938.121381017826,2940.2705356159126
batch_016:522,4609.0381115687605,4414.937111491477,4105.751670076839,3898.8219292606477
batch_016:523,13959.825749535195,13381.056703667997,12417.23494946861,11305.822135794017
batch_016:524,3151.3720230168533,3036.0556093472787,2938.121381017826,2940.2705356159126
batch_016:525,4614.02127976651,4419.709574642742,4108.762865317693,3899.2880715482092
batch_016:526,3151.3720230168533,3036.0556093472787,2938.121381017826,2940.2705356159126
batch_016:527,7412.235493792633,7228.761985232235,7065.316798322103,6801.016647740234
batch_016:528,3151.3720230168533,3036.0556093472787,2938.121381017826,2940.2705356159126
batch_016:529,6344.397969641973,6144.092064241656,5769.151405892118,5346.364547539392
batch_016:530,4583.179836810362,4392.523482763936,4093.138004506752,3895.3411606816912
batch_016:531,7433.473220315512,7242.890538782177,7076.484328581187,6805.040485086775
batch_016:532,13965.341950588192,13383.280389776904,12422.776392210604,11308.693237566564
batch_016:533,13955.148838294414,13376.614077423663,12415.050373830687,11299.930615142688
batch_016:534,13962.136291654211,13379.424156801619,12419.144993083986,11305.269185426776
batch_016:535,13965.622766257813,13383.698261806716,12425.871970274946,11312.942879116232
batch_016:536,15001.641689524527,14184.962495592112,13240.440727393441,11919.461899629037
batch_016:537,3151.3720230168533,3036.0556093472787,2938.121381017826,2940.2705356159126
batch_016:538,3151.3720230168533,3036.0556093472787,2938.121381017826,2940.2705356159126
batch_016:539,3151.3720230168533,3036.0556093472787,2938.121381017826,2940.2705356159126
batch_016:540,6334.290773327676,6135.399343822208,5760.65701597527,5338.907004661183
batch_016:541,3151.3720230168533,3036.0556093472787,2938.121381017826,2940.2705356159126
batch_016:542,3151.3720230168533,3036.0556093472787,2938.121381017826,2940.2705356159126
batch_016:543,3151.3720230168533,3036.0556093472787,2938.121381017826,2940.2705356159126
batch_016:544,6333.030773244579,6133.981737001654,5760.461544605854,5338.3780537201055
batch_016:545,7418.819167099559,7236.683277745243,7072.238057839762,6800.593214289221
batch_016:546,3151.3720230168533,3036.0556093472787,2938.121381017826,2940.2705356159126
batch_016:547,3151.3720230168533,3036.0556093472787,2938.121381017826,2940.2705356159126
batch_016:548,7413.421696728046,7234.518263946566,7073.084603588943,6799.720617947301
batch_016:549,4607.787249908764,4415.634299717405,4107.896141873193,3905.4202309710295
batch_016:550,4673.914324722991,4465.348770567234,4151.968630655428,3936.4254970713414
batch_016:551,3151.3720230168533,3036.0556093472787,2938.121381017826,2940.2705356159126
batch_016:552,3151.3720230168533,3036.0556093472787,2938.121381017826,2940.2705356159126
batch_016:553,3151.3720230168533,3036.0556093472787,2938.121381017826,2940.2705356159126
batch_016:554,3151.3720230168533,3036.0556093472787,2938.121381017826,2940.2705356159126
batch_016:555,3151.3720230168533,3036.0556093472787,2938.121381017826,2940.2705356159126
batch_016:556,14984.676054788784,14167.58957529069,13228.817731826693,11906.70559276395
batch_016:557,13964.453245523642,13384.030801352485,12425.419518532914,11310.430609664309
batch_016:558,7404.322194769558,7227.473011263829,7057.939202803161,6785.219153845407
batch_016:559,3151.3720230168533,3036.0556093472787,2938.121381017826,2940.2705356159126
batch_016:560,10259.877530164877,10062.879127291348,9834.53119200553,9499.351708124213
batch_016:561,6339.622118200066,6138.895087699237,5764.860530607191,5342.941095476611
batch_016:562,3151.3720230168533,3036.0556093472787,2938.121381017826,2940.2705356159126
batch_016:563,3151.3720230168533,3036.0556093472787,2938.121381017826,2940.2705356159126
batch_016:564,7409.663214248841,7230.830643127794,7063.9214655506785,6794.874434536204
batch_016:565,3151.3720230168533,3036.0556093472787,2938.121381017826,2940.2705356159126
batch_016:566,3151.3720230168533,3036.0556093472787,2938.121381017826,2940.2705356159126
batch_016:567,10271.537319662328,10069.5990581822,9833.842615971244,9495.728318539084
batch_016:568,4656.237486099239,4452.088301635191,4141.326907558837,3928.9690313045
batch_016:569,3151.3720230168533,3036.0556093472787,2938.121381017826,2940.2705356159126
batch_016:570,3151.3720230168533,3036.0556093472787,2938.121381017826,2940.2705356159126
batch_016:571,3151.3720230168533,3036.0556093472787,2938.121381017826,2940.2705356159126
batch_016:572,13973.952946900412,13391.691810045471,12430.628805754375,11318.051707917984
batch_016:573,13955.70715235975,13375.79988136948,12416.579571903263,11306.42246929776
batch_016:574,6337.2391075640435,6137.627506763878,5765.633348974234,5344.42998931558
batch_016:575,6348.205645762269,6148.619983103652,5771.784039607559,5351.5964948239125
batch_016:576,15001.641689524527,14184.962495592112,13240.440727393441,11919.461899629037
batch_016:577,3151.3720230168533,3036.0556093472787,2938.121381017826,2940.2705356159126
batch_016:578,13965.354094296996,13384.322010437212,12426.966370890308,11311.168241185664
batch_016:579,3151.3720230168533,3036.0556093472787,2938.121381017826,2940.2705356159126
batch_016:580,4624.314523936846,4426.504687104537,4118.833033852877,3909.7466868384618
batch_016:581,6343.988029046324,6141.352060530339,5764.016417243095,5341.425074640208
batch_016:582,4644.762949536574,4446.9815946143335,4138.8471242747055,3924.305074764847
batch_016:583,7420.2413730275375,7237.223862607762,7072.5734960888785,6802.027272319756
batch_016:584,7416.618136509539,7236.1522027012215,7071.163906932568,6803.193726540175
batch_016:585,3151.3720230168533,3036.0556093472787,2938.121381017826,2940.2705356159126
batch_016:586,6338.667863757035,6140.38116766366,5766.445445833759,5344.564525657633
batch_016:587,3151.3720230168533,3036.0556093472787,2938.121381017826,2940.2705356159126
batch_016:588,6343.856149984072,6151.286392191126,5773.802109963943,5353.869040975393
batch_016:589,6346.180845008665,6143.215629498338,5765.28937220207,5342.288699861483
batch_016:590,7424.420871615664,7242.047171844866,7080.977914255456,6809.7495293240045
batch_016:591,7404.6255069322315,7221.53531702387,7050.371658497188,6781.594353241149
batch_016:592,3151.3720230168533,3036.0556093472787,2938.121381017826,2940.2705356159126
batch_016:593,3151.3720230168533,3036.0556093472787,2938.121381017826,2940.2705356159126
batch_016:594,3151.3720230168533,3036.0556093472787,2938.121381017826,2940.2705356159126
batch_016:595,3151.3720230168533,3036.0556093472787,2938.121381017826,2940.2705356159126
batch_016:596,3151.3720230168533,3036.0556093472787,2938.121381017826,2940.2705356159126
batch_016:597,3151.3720230168533,3036.0556093472787,2938.121381017826,2940.2705356159126
batch_016:598,15003.534117509364,14182.972057863366,13241.496409683501,11921.091874122714
batch_016:599,10259.877530164877,10062.879127291348,9834.53119200553,9499.351708124213
batch_016:600,10262.167217052813,10060.054461569962,9823.142126252225,9488.75182986553
batch_016:601,7405.406428621802,7224.755651792002,7052.5612764606185,6781.252240261664
batch_016:602,6345.631816998119,6151.266026976652,5777.437556969973,5355.684089469224
batch_016:603,10244.73768883758,10045.06934858903,9811.828486571614,9478.803339138774
batch_016:604,15020.871398412593,14193.128330576046,13248.643420378165,11926.700238859605
batch_016:605,10259.787638129419,10058.602381718047,9830.154274556155,9495.938458942726
batch_016:606,3151.3720230168533,3036.0556093472787,2938.121381017826,2940.2705356159126
batch_016:607,7452.862178860694,7264.793208305741,7099.575464046949,6827.937956588373
batch_016:608,3151.3720230168533,3036.0556093472787,2938.121381017826,2940.2705356159126
batch_016:609,3151.3720230168533,3036.0556093472787,2938.121381017826,2940.2705356159126
batch_016:610,3151.3720230168533,3036.0556093472787,2938.121381017826,2940.2705356159126
batch_016:611,13968.768551710882,13387.000648194431,12430.656692630439,11314.855099904813
batch_016:612,3151.3720230168533,3036.0556093472787,2938.121381017826,2940.2705356159126
batch_016:613,3151.3720230168533,3036.0556093472787,2938.121381017826,2940.2705356159126
batch_016:614,4601.477601380137,4405.817663447444,4096.994113753247,3897.0087121535917
batch_016:615,15002.77570780115,14179.599160699681,13239.37019918377,11917.237672755684
batch_016:616,10255.763043906858,10056.556506912837,9823.08901836443,9488.822273987713
batch_016:617,13954.533945180116,13374.018788023668,12409.957276440535,11296.81450813436
batch_016:618,6352.925138899368,6153.016094695498,5777.628356596352,5352.350226782277
batch_016:619,7422.196352136219,7251.414453551966,7090.946429183553,6825.993368334834
batch_016:620,3151.3720230168533,3036.0556093472787,2938.121381017826,2940.2705356159126
batch_016:621,7423.166394994374,7237.2073533526,7067.606593000971,6795.928888053257
batch_016:622,6350.076534742067,6152.98278262116,5777.00831101349,5355.449550854355
batch_016:623,14999.925370693461,14180.654121493284,13243.885576670757,11922.528142784126
batch_016:624,3151.3720230168533,3036.0556093472787,2938.121381017826,2940.2705356159126
batch_016:625,10249.958413558596,10046.390116430459,9809.675431810749,9477.807663764823
batch_016:626,3151.3720230168533,3036.0556093472787,2938.121381017826,2940.2705356159126
batch_016:627,3151.3720230168533,3036.0556093472787,2938.121381017826,2940.2705356159126
batch_016:628,3151.3720230168533,3036.0556093472787,2938.121381017826,2940.2705356159126
batch_016:629,10255.86604727668,10049.218070491148,9810.86131777112,9477.384632191912
batch_016:630,3151.3720230168533,3036.0556093472787,2938.121381017826,2940.2705356159126
batch_016:631,3151.3720230168533,3036.0556093472787,2938.121381017826,2940.2705356159126
batch_016:632,3151.3720230168533,3036.0556093472787,2938.121381017826,2940.2705356159126
batch_016:633,10246.719318008294,10046.395513826723,9818.688183339382,9486.257453765702
batch_016:634,15005.408472824805,14184.963834518036,13248.277659863541,11926.91017386276
batch_016:635,3151.3720230168533,3036.0556093472787,2938.121381017826,2940.2705356159126
batch_016:636,15008.714098603132,14186.873647153037,13240.729445216395,11918.167744709688
batch_016:637,3151.3720230168533,3036.0556093472787,2938.121381017826,2940.2705356159126
batch_016:638,13960.746203927058,13382.843633237899,12425.24472071132,11310.976574422497
batch_016:639,3151.3720230168533,3036.0556093472787,2938.121381017826,2940.2705356159126
batch_016:640,3151.3720230168533,3036.0556093472787,2938.121381017826,2940.2705356159126
batch_016:641,3151.3720230168533,3036.0556093472787,2938.121381017826,2940.2705356159126
batch_016:642,14986.86061034525,14169.961850048909,13227.915688469291,11906.880610642402
batch_016:643,3151.3720230168533,3036.0556093472787,2938.121381017826,2940.2705356159126
batch_016:644,6337.836302621404,6139.774037926163,5765.91418700198,5343.99394880915
batch_016:645,10260.415046430524,10060.629151955234,9829.151359923482,9493.405947588082
batch_016:646,3151.3720230168533,3036.0556093472787,2938.121381017826,2940.2705356159126
batch_016:647,6352.101131925261,6157.989706648779,5777.508889274714,5354.048839046208
batch_016:648,3151.3720230168533,3036.0556093472787,2938.121381017826,2940.2705356159126
batch_016:649,3151.3720230168533,3036.0556093472787,2938.121381017826,2940.2705356159126
batch_016:650,10243.160343276451,10042.220018498982,9810.255972571664,9478.005915471063
batch_016:651,3151.3720230168533,3036.0556093472787,2938.121381017826,2940.2705356159126
batch_016:652,3151.3720230168533,3036.0556093472787,2938.121381017826,2940.2705356159126
batch_016:653,3151.3720230168533,3036.0556093472787,2938.121381017826,2940.2705356159126
batch_016:654,3151.3720230168533,3036.0556093472787,2938.121381017826,2940.2705356159126
batch_016:655,3151.3720230168533,3036.0556093472787,2938.121381017826,2940.2705356159126
batch_016:656,6346.950616171111,6144.841282445355,5768.1325734995135,5344.760137497017
batch_016:657,3151.3720230168533,3036.0556093472787,2938.121381017826,2940.2705356159126
batch_016:658,3151.3720230168533,3036.0556093472787,2938.121381017826,2940.2705356159126
batch_016:659,3151.3720230168533,3036.0556093472787,2938.121381017826,2940.2705356159126
batch_016:660,7401.873267306651,7225.185384515179,7058.842135452804,6788.68417052183
batch_016:661,3151.3720230168533,3036.0556093472787,2938.121381017826,2940.2705356159126
batch_016:662,13952.08139672601,13374.068798506396,12416.046206861552,11302.992185772255
batch_016:663,7393.62621419415,7217.694234312181,7058.036705422714,6789.407337497298
batch_016:664,7412.985264240977,7231.941830901231,7064.194892567821,6792.789973056395
batch_016:665,3151.3720230168533,3036.0556093472787,2938.121381017826,2940.2705356159126
batch_016:666,3151.3720230168533,3036.0556093472787,2938.121381017826,2940.2705356159126
batch_016:667,3151.3720230168533,3036.0556093472787,2938.121381017826,2940.2705356159126
batch_016:668,3151.3720230168533,3036.0556093472787,2938.121381017826,2940.2705356159126
batch_016:669,3151.3720230168533,3036.0556093472787,2938.121381017826,2940.2705356159126
batch_016:670,13977.497530106253,13394.683337154247,12429.382131633856,11314.319051957651
batch_016:671,3151.3720230168533,3036.0556093472787,2938.121381017826,2940.2705356159126
batch_016:672,3151.3720230168533,3036.0556093472787,2938.121381017826,2940.2705356159126
batch_016:673,6348.017141882977,6146.0921492092675,5769.9684890495555,5351.90787445374
batch_016:674,3151.3720230168533,3036.0556093472787,2938.121381017826,2940.2705356159126
batch_016:675,3151.3720230168533,3036.0556093472787,2938.121381017826,2940.2705356159126
batch_016:676,15009.20711164002,14188.479338763278,13247.956288187906,11925.515121799093
batch_016:677,3151.3720230168533,3036.0556093472787,2938.121381017826,2940.2705356159126
batch_016:678,6342.070395170186,6143.607333943965,5772.5299095845185,5348.328518138058
batch_016:679,3151.3720230168533,3036.0556093472787,2938.121381017826,2940.2705356159126
batch_016:680,3151.3720230168533,3036.0556093472787,2938.121381017826,2940.2705356159126
batch_016:681,3151.3720230168533,3036.0556093472787,2938.121381017826,2940.2705356159126
batch_016:682,6341.279712376055,6139.460880630615,5763.185271504859,5341.033109682025
batch_016:683,6341.319936124493,6139.658437338016,5765.1389024310665,5343.687919077328
batch_016:684,14991.003077907144,14173.172100887441,13233.375725156355,11910.989491403227
batch_016:685,3151.3720230168533,3036.0556093472787,2938.121381017826,2940.2705356159126
batch_016:686,4613.430847304681,4415.390399705656,4108.523731179287,3907.1270334480205
batch_016:687,3151.3720230168533,3036.0556093472787,2938.121381017826,2940.2705356159126
batch_016:688,10274.19798484375,10074.193864797986,9845.196146990675,9506.764986891376
batch_016:689,3151.3720230168533,3036.0556093472787,2938.121381017826,2940.2705356159126
batch_016:690,7415.333260970485,7233.560737158226,7067.077024268687,6799.336439183337
batch_016:691,3151.3720230168533,3036.0556093472787,2938.121381017826,2940.2705356159126
batch_016:692,3151.3720230168533,3036.0556093472787,2938.121381017826,2940.2705356159126
batch_016:693,3151.3720230168533,3036.0556093472787,2938.121381017826,2940.2705356159126
batch_016:694,6342.833889211304,6142.747726434416,5767.707382811419,5347.340083051138
batch_016:695,3151.3720230168533,3036.0556093472787,2938.121381017826,2940.2705356159126
batch_016:696,3151.3720230168533,3036.0556093472787,2938.121381017826,2940.2705356159126
batch_016:697,13965.59309976535,13387.735771407053,12429.999217899614,11316.459110895166
batch_016:698,3151.3720230168533,3036.0556093472787,2938.121381017826,2940.2705356159126
batch_016:699,4648.134082615747,4447.5178414975835,4138.655372642264,3928.4200962760556
batch_016:700,3151.3720230168533,3036.0556093472787,2938.121381017826,2940.2705356159126
batch_016:701,13955.44335451119,13375.45659773317,12415.479348388395,11302.612553997398
batch_016:702,3151.3720230168533,3036.0556093472787,2938.121381017826,2940.2705356159126
batch_016:703,15008.927242031601,14188.033472539257,13244.458927231986,11922.881767589886
batch_016:704,3151.3720230168533,3036.0556093472787,2938.121381017826,2940.2705356159126
batch_016:705,3151.3720230168533,3036.0556093472787,2938.121381017826,2940.2705356159126
batch_016:706,13968.383820488692,13386.748487342733,12427.232141786579,11313.16462409323
batch_016:707,6341.606818956385,6142.759031220846,5766.177605997901,5342.624071833185
batch_016:708,3151.3720230168533,3036.0556093472787,2938.121381017826,2940.2705356159126
batch_016:709,4667.041415776463,4462.938074146272,4144.237827324744,3928.505196207899
batch_016:710,3151.3720230168533,3036.0556093472787,2938.121381017826,2940.2705356159126
batch_016:711,3151.3720230168533,3036.0556093472787,2938.121381017826,2940.2705356159126
batch_016:712,3151.3720230168533,3036.0556093472787,2938.121381017826,2940.2705356159126
batch_016:713,7413.130803296835,7229.4601432126265,7057.709520362442,6790.315704213491
batch_016:714,6352.296730663138,6150.571126522338,5775.083485093671,5353.742400074058
batch_016:715,4611.707992724097,4420.555338339218,4111.086556732562,3903.480233085693
batch_016:716,3151.3720230168533,3036.0556093472787,2938.121381017826,2940.2705356159126
batch_016:717,3151.3720230168533,3036.0556093472787,2938.121381017826,2940.2705356159126
batch_016:718,7428.583956614492,7240.274489351425,7071.118516246424,6800.368461265267
batch_016:719,13948.639359113025,13368.45923271581,12407.811316474483,11293.766703020145
batch_016:720,7439.098139702707,7261.487352428615,7099.205658018893,6832.909816793701
batch_016:721,3151.3720230168533,3036.0556093472787,2938.121381017826,2940.2705356159126
batch_016:722,3151.3720230168533,3036.0556093472787,2938.121381017826,2940.2705356159126
batch_016:723,13968.106196379766,13388.082804354086,12429.820642598343,11317.159343877052
batch_016:724,7437.467907568395,7255.190062262696,7091.512983456347,6824.58121869823
batch_016:725,3151.3720230168533,3036.0556093472787,2938.121381017826,2940.2705356159126
batch_016:726,3151.3720230168533,3036.0556093472787,2938.121381017826,2940.2705356159126
batch_016:727,3151.3720230168533,3036.0556093472787,2938.121381017826,2940.2705356159126
batch_016:728,15001.478516764571,14181.531198754856,13242.286867649744,11919.346983838052
batch_016:729,3151.3720230168533,3036.0556093472787,2938.121381017826,2940.2705356159126
batch_016:730,13960.752905487901,13379.21477378577,12427.253251899338,11313.999578837946
batch_016:731,3151.3720230168533,3036.0556093472787,2938.121381017826,2940.2705356159126
batch_016:732,3151.3720230168533,3036.0556093472787,2938.121381017826,2940.2705356159126
batch_016:733,7412.508872766252,7232.353289548321,7070.572269819907,6808.040605539783
batch_016:734,13965.59309976535,13387.735771407053,12429.999217899614,11316.459110895166
batch_016:735,7407.46765676055,7228.2192785948155,7060.605928424324,6792.599581250187
batch_016:736,3151.3720230168533,3036.0556093472787,2938.121381017826,2940.2705356159126
batch_016:737,3151.3720230168533,3036.0556093472787,2938.121381017826,2940.2705356159126
batch_016:738,3151.3720230168533,3036.0556093472787,2938.121381017826,2940.2705356159126
batch_016:739,6356.291289788523,6152.012103491939,5772.001962884889,5351.772001389373
batch_016:740,3151.3720230168533,3036.0556093472787,2938.121381017826,2940.2705356159126
batch_016:741,10255.564257501195,10055.457950629901,9828.127566956466,9496.227556903656
batch_016:742,10271.537319662328,10069.5990581822,9833.842615971244,9495.728318539084
batch_016:743,6344.648788975105,6144.236557540638,5768.356805154068,5344.062342367859
batch_016:744,3151.3720230168533,3036.0556093472787,2938.121381017826,2940.2705356159126
batch_016:745,3151.3720230168533,3036.0556093472787,2938.121381017826,2940.2705356159126
batch_016:746,13965.397442215497,13383.374504687124,12420.580288145162,11307.171964372197
batch_016:747,10252.826160957295,10053.888760312888,9817.277987259877,9482.488707749066
batch_016:748,4645.598761532247,4443.794891705009,4138.453633042206,3928.3302418487133
batch_016:749,3151.3720230168533,3036.0556093472787,2938.121381017826,2940.2705356159126
batch_016:750,3151.3720230168533,3036.0556093472787,2938.121381017826,2940.2705356159126
batch_016:751,6338.864952482571,6138.1923457119265,5764.95343282723,5343.917182816758
batch_016:752,6346.944381367737,6149.30276299736,5771.462747034675,5350.356869902964
batch_016:753,6350.239662073627,6148.666672142042,5772.085090859527,5353.581647411797
batch_016:754,13976.597061541215,13395.182364826214,12437.045139362239,11320.343905267255
batch_016:755,3151.3720230168533,3036.0556093472787,2938.121381017826,2940.2705356159126
batch_016:756,3151.3720230168533,3036.0556093472787,2938.121381017826,2940.2705356159126
batch_016:757,6344.310840308359,6143.63874370218,5767.335815036391,5346.388122943448
batch_016:758,14992.621487042106,14175.13796237285,13235.555042810376,11912.96424892444
batch_016:759,10268.046315104644,10066.492671711545,9835.211226433285,9500.349598098184
batch_016:760,6335.600002521073,6137.775595835461,5765.106372422439,5344.398836509736
batch_016:761,14993.750387470378,14176.72503440292,13231.05665512466,11908.875252733253
batch_016:762,3151.3720230168533,3036.0556093472787,2938.121381017826,2940.2705356159126
batch_016:763,6346.3190859474325,6149.579779293981,5772.820216842972,5354.500802229083
batch_016:764,4632.706000577056,4433.493537730012,4121.8086213767965,3911.8656974798937
batch_016:765,3151.3720230168533,3036.0556093472787,2938.121381017826,2940.2705356159126
batch_016:766,13964.947909637913,13380.646792462132,12412.00457257594,11295.75186724118
batch_016:767,10241.382296584054,10041.097180821034,9806.483464092022,9475.960814464426
batch_016:768,3151.3720230168533,3036.0556093472787,2938.121381017826,2940.2705356159126
batch_016:769,3151.3720230168533,3036.0556093472787,2938.121381017826,2940.2705356159126
batch_016:770,3151.3720230168533,3036.0556093472787,2938.121381017826,2940.2705356159126
batch_016:771,7404.557708287922,7227.097458077114,7060.758394259623,6789.176219033565
batch_016:772,13953.256899638081,13373.400364888617,12415.168483124227,11302.420572656343
batch_016:773,3151.3720230168533,3036.0556093472787,2938.121381017826,2940.2705356159126
batch_016:774,3151.3720230168533,3036.0556093472787,2938.121381017826,2940.2705356159126
batch_016:775,4650.497266276635,4449.202689172872,4138.761992593301,3926.252379515034
batch_016:776,3151.3720230168533,3036.0556093472787,2938.121381017826,2940.2705356159126
batch_016:777,3151.3720230168533,3036.0556093472787,2938.121381017826,2940.2705356159126
batch_016:778,3151.3720230168533,3036.0556093472787,2938.121381017826,2940.2705356159126
batch_016:779,13970.069820092698,13388.249751484112,12425.154781692514,11311.65568436027
batch_016:780,6340.616906250431,6138.721690148399,5763.4775994096,5341.880646466707
batch_016:781,3151.3720230168533,3036.0556093472787,2938.121381017826,2940.2705356159126
batch_016:782,3151.3720230168533,3036.0556093472787,2938.121381017826,2940.2705356159126
batch_016:783,6339.622118200066,6138.895087699237,5764.860530607191,5342.941095476611
batch_016:784,3151.3720230168533,3036.0556093472787,2938.121381017826,2940.2705356159126
batch_016:785,13964.320489433127,13387.187140628474,12426.918239427116,11312.45995802622
batch_016:786,4684.719697711304,4481.01000780333,4171.387274091262,3948.540121523595
batch_016:787,10235.183054304898,10038.300026489454,9805.002157443028,9475.979802850481
batch_016:788,3151.3720230168533,3036.0556093472787,2938.121381017826,2940.2705356159126
batch_016:789,14997.88645554645,14180.52125346215,13235.775328120517,11916.555857666946
batch_016:790,13963.125882118247,13384.502454888461,12420.299432648782,11307.951999521174
batch_016:791,3151.3720230168533,3036.0556093472787,2938.121381017826,2940.2705356159126
batch_016:792,3151.3720230168533,3036.0556093472787,2938.121381017826,2940.2705356159126
batch_016:793,3151.3720230168533,3036.0556093472787,2938.121381017826,2940.2705356159126
batch_016:794,6346.883586303056,6145.733096286382,5770.642936204458,5347.527297210731
batch_016:795,3151.3720230168533,3036.0556093472787,2938.121381017826,2940.2705356159126
batch_016:796,10248.159615888584,10048.021938303491,9816.442190977295,9484.50236030881
batch_016:797,7406.857349797178,7227.504862249078,7054.966034462244,6781.99602166852
batch_016:798,15011.407372161177,14188.700656742325,13249.27367809938,11927.619458130728
batch_016:799,4626.466793205837,4423.780514881952,4109.940804196687,3903.0715787623503
batch_016:800,6344.228366563537,6144.1057193777415,5769.360974682157,5347.577574526549
batch_016:801,10258.974209458089,10054.764293142001,9818.299568652477,9485.830725212933
batch_016:802,3151.3720230168533,3036.0556093472787,2938.121381017826,2940.2705356159126
batch_016:803,3151.3720230168533,3036.0556093472787,2938.121381017826,2940.2705356159126
batch_016:804,3151.3720230168533,3036.0556093472787,2938.121381017826,2940.2705356159126
batch_016:805,7445.188486830127,7252.859206548473,7087.069999436801,6814.729817232814
batch_016:806,15015.848262718437,14193.941282408312,13251.140491425114,11931.680490607
batch_016:807,6341.208729241492,6145.055265553943,5768.908400697629,5347.4893639493075
batch_016:808,4670.516051999858,4470.441107056403,4155.339134608889,3936.417935213591
batch_016:809,15006.604879088442,14182.023700968342,13243.270414509503,11921.29195107659
batch_016:810,3151.3720230168533,3036.0556093472787,2938.121381017826,2940.2705356159126
batch_016:811,3151.3720230168533,3036.0556093472787,2938.121381017826,2940.2705356159126
batch_016:812,15003.758006665088,14181.297895620548,13242.644892509623,11921.337632760846
batch_016:813,3151.3720230168533,3036.0556093472787,2938.121381017826,2940.2705356159126
batch_016:814,4619.980079740353,4423.871855299914,4113.9975777148065,3905.406216870518
batch_016:815,10244.73768883758,10045.06934858903,9811.828486571614,9478.803339138774
batch_016:816,10261.865185655328,10061.527271208455,9825.719053612987,9492.05895839936
batch_016:817,3151.3720230168533,3036.0556093472787,2938.121381017826,2940.2705356159126
batch_016:818,7417.541149272501,7238.204525377158,7072.5046773664035,6798.596116317265
batch_016:819,7421.577873514511,7236.8459971857665,7071.744942158957,6800.168028887745
batch_016:820,3151.3720230168533,3036.0556093472787,2938.121381017826,2940.2705356159126
batch_016:821,3151.3720230168533,3036.0556093472787,2938.121381017826,2940.2705356159126
batch_016:822,13952.08139672601,13374.068798506396,12416.046206861552,11302.992185772255
batch_016:823,6351.35444382971,6150.12828075022,5773.330276795995,5350.199959130958
batch_016:824,13950.949610782389,13368.507679482116,12407.408123404171,11292.919640607943
batch_016:825,6347.895366657717,6144.413050668272,5766.983160418101,5345.146650062165
batch_016:826,3151.3720230168533,3036.0556093472787,2938.121381017826,2940.2705356159126
batch_016:827,3151.3720230168533,3036.0556093472787,2938.121381017826,2940.2705356159126
batch_016:828,3151.3720230168533,3036.0556093472787,2938.121381017826,2940.2705356159126
batch_016:829,3151.3720230168533,3036.0556093472787,2938.121381017826,2940.2705356159126
batch_016:830,6340.535753457619,6142.233380525151,5767.14180399985,5343.470535939264
batch_016:831,7406.836138610397,7231.435001597006,7075.089459663422,6815.732067651769
batch_016:832,13971.407826220411,13392.673472185616,12428.478315053058,11314.978888894755
batch_016:833,3151.3720230168533,3036.0556093472787,2938.121381017826,2940.2705356159126
batch_016:834,7419.115508672168,7237.80364212973,7078.188654588863,6817.57960869362
batch_016:835,3151.3720230168533,3036.0556093472787,2938.121381017826,2940.2705356159126
batch_016:836,3151.3720230168533,3036.0556093472787,2938.121381017826,2940.2705356159126
batch_016:837,6347.536174388755,6143.088794681816,5766.598218243206,5344.051689897164
batch_016:838,6346.096820565748,6149.085219949158,5772.69119751125,5349.795104535458
batch_016:839,3151.3720230168533,3036.0556093472787,2938.121381017826,2940.2705356159126
batch_016:840,13973.929248630944,13390.534950904268,12425.880759725253,11310.641392710375
batch_016:841,3151.3720230168533,3036.0556093472787,2938.121381017826,2940.2705356159126
batch_016:842,3151.3720230168533,3036.0556093472787,2938.121381017826,2940.2705356159126
batch_016:843,10251.799629626485,10048.746649943849,9812.395646063265,9481.005625565424
batch_016:844,10252.294735638317,10052.058429169263,9817.59498492986,9485.580968835473
batch_016:845,3151.3720230168533,3036.0556093472787,2938.121381017826,2940.2705356159126
batch_016:846,13974.723053898606,13394.87690574062,12431.72535032861,11316.636913826627
batch_016:847,4645.480949170987,4441.87668107753,4130.010558596548,3921.012985188696
batch_016:848,10247.93294865044,10052.069690719487,9823.964883214065,9490.9053648521
batch_016:849,15005.257783455392,14184.76977965719,13240.378016329221,11917.360901490098
batch_016:850,3151.3720230168533,3036.0556093472787,2938.121381017826,2940.2705356159126
batch_016:851,3151.3720230168533,3036.0556093472787,2938.121381017826,2940.2705356159126
batch_016:852,3151.3720230168533,3036.0556093472787,2938.121381017826,2940.2705356159126
batch_016:853,3151.3720230168533,3036.0556093472787,2938.121381017826,2940.2705356159126
batch_016:854,10247.506262767512,10046.216996443885,9812.060303382641,9481.948428658688
batch_016:855,3151.3720230168533,3036.0556093472787,2938.121381017826,2940.2705356159126
batch_016:856,7405.891761821543,7227.357932708485,7065.375465171515,6798.241181874
batch_016:857,7406.857349797178,7227.504862249078,7054.966034462244,6781.99602166852
batch_016:858,3151.3720230168533,3036.0556093472787,2938.121381017826,2940.2705356159126
batch_016:859,13964.713237012833,13385.416505085814,12430.768275821998,11317.643645959237
batch_016:860,15000.292177412357,14181.588014073392,13243.414471765676,11923.788436493043
batch_016:861,6343.453137767791,6141.048554595083,5765.588915661818,5343.49169341446
batch_016:862,14984.441447705973,14165.626352533776,13228.57108471266,11909.637936538194
batch_016:863,3151.3720230168533,3036.0556093472787,2938.121381017826,2940.2705356159126
batch_016:864,3151.3720230168533,3036.0556093472787,2938.121381017826,2940.2705356159126
batch_016:865,3151.3720230168533,3036.0556093472787,2938.121381017826,2940.2705356159126
batch_016:866,3151.3720230168533,3036.0556093472787,2938.121381017826,2940.2705356159126
batch_016:867,4640.843546103365,4444.283271959405,4139.786227467158,3927.555735087722
batch_016:868,7394.933893286723,7219.168862832925,7051.890954274558,6783.280725905334
batch_016:869,3151.3720230168533,3036.0556093472787,2938.121381017826,2940.2705356159126
batch_016:870,3151.3720230168533,3036.0556093472787,2938.121381017826,2940.2705356159126
batch_016:871,6338.667863757035,6140.38116766366,5766.445445833759,5344.564525657633
batch_016:872,14997.128232971447,14173.598721186292,13234.017675979372,11911.016675217552
batch_016:873,3151.3720230168533,3036.0556093472787,2938.121381017826,2940.2705356159126
batch_016:874,3151.3720230168533,3036.0556093472787,2938.121381017826,2940.2705356159126
batch_016:875,15003.633452138249,14182.730959929118,13238.207676521022,11916.153014900945
batch_016:876,3151.3720230168533,3036.0556093472787,2938.121381017826,2940.2705356159126
batch_016:877,3151.3720230168533,3036.0556093472787,2938.121381017826,2940.2705356159126
batch_016:878,6325.418397618288,6127.07870467937,5752.769831638276,5334.359258455729
batch_016:879,15029.073259116709,14199.702138534769,13259.609238099678,11935.471376166035
batch_016:880,7426.028600015542,7239.282419387042,7078.92491396104,6808.694078274963
batch_016:881,3151.3720230168533,3036.0556093472787,2938.121381017826,2940.2705356159126
batch_016:882,6360.055686562662,6162.551421698394,5786.9310605512,5360.7675006714
batch_016:883,7428.583956614492,7240.274489351425,7071.118516246424,6800.368461265267
batch_016:884,6342.091536952089,6143.621969049091,5767.781469851709,5343.496195299003
batch_016:885,3151.3720230168533,3036.0556093472787,2938.121381017826,2940.2705356159126
batch_016:886,13960.752905487901,13379.21477378577,12427.253251899338,11313.999578837946
batch_016:887,10261.715963420467,10062.765313555465,9828.416467767775,9492.73908282198
batch_016:888,3151.3720230168533,3036.0556093472787,2938.121381017826,2940.2705356159126
batch_016:889,3151.3720230168533,3036.0556093472787,2938.121381017826,2940.2705356159126
batch_016:890,3151.3720230168533,3036.0556093472787,2938.121381017826,2940.2705356159126
batch_016:891,3151.3720230168533,3036.0556093472787,2938.121381017826,2940.2705356159126
batch_016:892,3151.3720230168533,3036.0556093472787,2938.121381017826,2940.2705356159126
batch_016:893,3151.3720230168533,3036.0556093472787,2938.121381017826,2940.2705356159126
batch_016:894,10249.205753230013,10049.226418421915,9816.64811426834,9485.94466957295
batch_016:895,4641.803842407245,4443.723794592476,4128.390913458477,3918.2539270836146
batch_016:896,3151.3720230168533,3036.0556093472787,2938.121381017826,2940.2705356159126
batch_016:897,7417.443294517192,7237.009286872317,7072.64809018189,6799.609073367255
batch_016:898,13952.887550617454,13374.111976350752,12420.644638674856,11306.369140569881
batch_016:899,3151.3720230168533,3036.0556093472787,2938.121381017826,2940.2705356159126
batch_016:900,3151.3720230168533,3036.0556093472787,2938.121381017826,2940.2705356159126
batch_016:901,3151.3720230168533,3036.0556093472787,2938.121381017826,2940.2705356159126
batch_016:902,3151.3720230168533,3036.0556093472787,2938.121381017826,2940.2705356159126
batch_016:903,3151.3720230168533,3036.0556093472787,2938.121381017826,2940.2705356159126
batch_016:904,13961.488994781852,13383.07544025562,12425.270857409332,11311.97562488194
batch_016:905,4657.165699132371,4455.65290840367,4141.5385638599455,3926.8522397381594
batch_016:906,3151.3720230168533,3036.0556093472787,2938.121381017826,2940.2705356159126
batch_016:907,15006.053070589249,14184.01706616966,13241.068712796103,11919.583959938585
batch_016:908,3151.3720230168533,3036.0556093472787,2938.121381017826,2940.2705356159126
batch_016:909,3151.3720230168533,3036.0556093472787,2938.121381017826,2940.2705356159126
batch_016:910,3151.3720230168533,3036.0556093472787,2938.121381017826,2940.2705356159126
batch_016:911,4681.006229783226,4476.2977717196345,4163.059838780322,3940.769661225676
batch_016:912,3151.3720230168533,3036.0556093472787,2938.121381017826,2940.2705356159126
batch_016:913,3151.3720230168533,3036.0556093472787,2938.121381017826,2940.2705356159126
batch_016:914,4665.944539249444,4457.943482831415,4147.617514645832,3931.735874105382
batch_016:915,3151.3720230168533,3036.0556093472787,2938.121381017826,2940.2705356159126
batch_016:916,7444.396759624502,7253.175587932154,7086.338662477564,6810.565933605801
batch_016:917,3151.3720230168533,3036.0556093472787,2938.121381017826,2940.2705356159126
batch_016:918,4612.379240876412,4418.215691889264,4113.153066990055,3907.134587365764
batch_016:919,3151.3720230168533,3036.0556093472787,2938.121381017826,2940.2705356159126
batch_016:920,13966.121488507835,13382.810105882643,12415.604825316219,11301.8375577951
batch_016:921,3151.3720230168533,3036.0556093472787,2938.121381017826,2940.2705356159126
batch_016:922,4710.493676128838,4496.195637396069,4178.3813775795015,4090.5879871691745
batch_016:923,6348.625449524909,6143.992675019686,5768.966748217346,5351.62304031965
batch_016:924,3151.3720230168533,3036.0556093472787,2938.121381017826,2940.2705356159126
batch_016:925,3151.3720230168533,3036.0556093472787,2938.121381017826,2940.2705356159126
batch_016:926,3151.3720230168533,3036.0556093472787,2938.121381017826,2940.2705356159126
batch_016:927,6331.156835690468,6134.054522620429,5761.308893787204,5339.521443836155
batch_016:928,3151.3720230168533,3036.0556093472787,2938.121381017826,2940.2705356159126
batch_016:929,3151.3720230168533,3036.0556093472787,2938.121381017826,2940.2705356159126
batch_016:930,3151.3720230168533,3036.0556093472787,2938.121381017826,2940.2705356159126
batch_016:931,7429.794723730017,7242.970183753758,7070.419036085198,6795.52910526841
batch_016:932,13968.873550543385,13389.141451067855,12427.433897242663,11313.33860304878
batch_016:933,3151.3720230168533,3036.0556093472787,2938.121381017826,2940.2705356159126
batch_016:934,3151.3720230168533,3036.0556093472787,2938.121381017826,2940.2705356159126
batch_016:935,3151.3720230168533,3036.0556093472787,2938.121381017826,2940.2705356159126
batch_016:936,10256.095847079654,10054.8589489468,9818.890808733744,9488.16557748512
batch_016:937,15007.708156345212,14186.250732626588,13239.261689502582,11918.192953580858
batch_016:938,3151.3720230168533,3036.0556093472787,2938.121381017826,2940.2705356159126
batch_016:939,3151.3720230168533,3036.0556093472787,2938.121381017826,2940.2705356159126
batch_016:940,7444.554936274017,7256.002245892553,7090.834175081589,6815.658405339235
batch_016:941,4629.079482565152,4430.057977309867,4115.514509097973,3907.7887273856345
batch_016:942,6348.703991912215,6149.977215935753,5774.035922599076,5350.891808768618
batch_016:943,3151.3720230168533,3036.0556093472787,2938.121381017826,2940.2705356159126
batch_016:944,4657.165699132371,4455.65290840367,4141.5385638599455,3926.8522397381594
batch_016:945,6336.4750373953,6137.938527223502,5763.248924134821,5341.771385596082
batch_016:946,3151.3720230168533,3036.0556093472787,2938.121381017826,2940.2705356159126
batch_016:947,3151.3720230168533,3036.0556093472787,2938.121381017826,2940.2705356159126
batch_016:948,13959.789390213095,13381.949926289606,12420.548911913691,11308.148794069322
batch_016:949,3151.3720230168533,3036.0556093472787,2938.121381017826,2940.2705356159126
batch_016:950,6352.259703379915,6153.114218381244,5776.613343750264,5351.30067646793
batch_016:951,10253.760423598731,10051.112683068153,9811.668986224639,9479.225991731511
batch_016:952,3151.3720230168533,3036.0556093472787,2938.121381017826,2940.2705356159126
batch_016:953,15000.70210069934,14179.488374440929,13239.283012884243,11917.93682009057
batch_016:954,3151.3720230168533,3036.0556093472787,2938.121381017826,2940.2705356159126
batch_016:955,7412.508872766252,7232.353289548321,7070.572269819907,6808.040605539783
batch_016:956,3151.3720230168533,3036.0556093472787,2938.121381017826,2940.2705356159126
batch_016:957,10251.383894462388,10050.50645871111,9816.8870798769,9484.455904197133
batch_016:958,3151.3720230168533,3036.0556093472787,2938.121381017826,2940.2705356159126
batch_016:959,13969.651729974208,13388.007445303541,12424.852798186877,11309.379238214084
batch_016:960,10257.35329568125,10056.949705467614,9821.289267574495,9486.979665708994
batch_016:961,3151.3720230168533,3036.0556093472787,2938.121381017826,2940.2705356159126
batch_016:962,14999.02663980468,14176.162572603393,13237.692620195003,11915.347286711412
batch_016:963,13964.476692406883,13385.085406456796,12423.52892528299,11308.592890586837
batch_016:964,3151.3720230168533,3036.0556093472787,2938.121381017826,2940.2705356159126
batch_016:965,3151.3720230168533,3036.0556093472787,2938.121381017826,2940.2705356159126
batch_016:966,3151.3720230168533,3036.0556093472787,2938.121381017826,2940.2705356159126
batch_016:967,3151.3720230168533,3036.0556093472787,2938.121381017826,2940.2705356159126
batch_016:968,10240.169371750722,10040.149669094306,9807.11918239206,9476.782691554803
batch_016:969,10251.89209523247,10053.034023975462,9823.194290535495,9488.754750191922
batch_016:970,10261.715963420467,10062.765313555465,9828.416467767775,9492.73908282198
batch_016:971,4594.032241841523,4400.693493355291,4096.443650829409,3897.041286855442
batch_016:972,10258.37334598114,10057.890396488896,9826.261386676633,9493.394057327932
batch_016:973,4606.038182704296,4411.83918496087,4104.067143913231,3900.16168666264
batch_016:974,3151.3720230168533,3036.0556093472787,2938.121381017826,2940.2705356159126
batch_016:975,3151.3720230168533,3036.0556093472787,2938.121381017826,2940.2705356159126
batch_016:976,7410.180805725618,7233.976721080846,7068.912782265628,6799.910838925156
batch_016:977,3151.3720230168533,3036.0556093472787,2938.121381017826,2940.2705356159126
batch_016:978,3151.3720230168533,3036.0556093472787,2938.121381017826,2940.2705356159126
batch_016:979,3151.3720230168533,3036.0556093472787,2938.121381017826,2940.2705356159126
batch_016:980,3151.3720230168533,3036.0556093472787,2938.121381017826,2940.2705356159126
batch_016:981,10244.864077672459,10047.166413509605,9815.983028113176,9484.587976399467
batch_016:982,14989.154646118635,14173.135481178237,13230.39531885659,11911.088634448235
batch_016:983,3151.3720230168533,3036.0556093472787,2938.121381017826,2940.2705356159126
batch_016:984,3151.3720230168533,3036.0556093472787,2938.121381017826,2940.2705356159126
batch_016:985,3151.3720230168533,3036.0556093472787,2938.121381017826,2940.2705356159126
batch_016:986,3151.3720230168533,3036.0556093472787,2938.121381017826,2940.2705356159126
batch_016:987,3151.3720230168533,3036.0556093472787,2938.121381017826,2940.2705356159126
batch_016:988,3151.3720230168533,3036.0556093472787,2938.121381017826,2940.2705356159126
batch_016:989,6331.052116989583,6132.60975373169,5761.365033950116,5340.457499704914
batch_016:990,7426.188615597939,7240.533332086725,7066.015208347817,6791.136332406217
batch_016:991,14991.003077907144,14173.172100887441,13233.375725156355,11910.989491403227
batch_016:992,3151.3720230168533,3036.0556093472787,2938.121381017826,2940.2705356159126
batch_016:993,13965.59309976535,13387.735771407053,12429.999217899614,11316.459110895166
batch_016:994,6336.3878161016455,6137.778553990356,5763.272355284194,5341.449049351129
batch_016:995,3151.3720230168533,3036.0556093472787,2938.121381017826,2940.2705356159126
batch_016:996,6339.113303854362,6139.909728552245,5765.079610246562,5343.191384009459
batch_016:997,3151.3720230168533,3036.0556093472787,2938.121381017826,2940.2705356159126
batch_016:998,4620.973482355301,4424.405273506147,4111.482080442087,3904.0655258164543
batch_016:999,15000.672982780648,14183.33951767673,13239.547303572992,11917.518921733794
batch_016:1000,3151.3720230168533,3036.0556093472787,2938.121381017826,2940.2705356159126
batch_017:1,10257.343459954394,10055.40485476112,9820.428213222833,9487.99435538073
batch_017:2,3151.3720230168533,3036.0556093472787,2938.121381017826,2940.2705356159126
batch_017:3,3151.3720230168533,3036.0556093472787,2938.121381017826,2940.2705356159126
batch_017:4,14987.57007431999,14173.277547360663,13227.616551192852,11906.853357410142
batch_017:5,6354.605655314637,6155.022041494334,5779.674581168585,5351.254236058349
batch_017:6,4651.40188876418,4449.046462339506,4133.964963880931,3919.8997812489015
batch_017:7,3151.3720230168533,3036.0556093472787,2938.121381017826,2940.2705356159126
batch_017:8,3151.3720230168533,3036.0556093472787,2938.121381017826,2940.2705356159126
batch_017:9,3151.3720230168533,3036.0556093472787,2938.121381017826,2940.2705356159126
batch_017:10,4673.914324722991,4465.348770567234,4151.968630655428,3936.4254970713414
batch_017:11,4621.310869261841,4422.952921442276,4113.990605416114,3909.896720502082
batch_017:12,3151.3720230168533,3036.0556093472787,2938.121381017826,2940.2705356159126
batch_017:13,3151.3720230168533,3036.0556093472787,2938.121381017826,2940.2705356159126
batch_017:14,3151.3720230168533,3036.0556093472787,2938.121381017826,2940.2705356159126
batch_017:15,15008.182652076517,14188.613870415895,13247.118428838421,11924.48054015087
batch_017:16,7425.636902256171,7245.187316665828,7084.359431455627,6813.367294908455
batch_017:17,3151.3720230168533,3036.0556093472787,2938.121381017826,2940.2705356159126
batch_017:18,10246.633806827807,10044.826593715035,9814.045971753787,9482.653435722812
batch_017:19,3151.3720230168533,3036.0556093472787,2938.121381017826,2940.2705356159126
batch_017:20,13955.959796719668,13374.890308530392,12418.49876786623,11305.616764151164
batch_017:21,3151.3720230168533,3036.0556093472787,2938.121381017826,2940.2705356159126
batch_017:22,3151.3720230168533,3036.0556093472787,2938.121381017826,2940.2705356159126
batch_017:23,3151.3720230168533,3036.0556093472787,2938.121381017826,2940.2705356159126
batch_017:24,3151.3720230168533,3036.0556093472787,2938.121381017826,2940.2705356159126
batch_017:25,3151.3720230168533,3036.0556093472787,2938.121381017826,2940.2705356159126
batch_017:26,6348.62969712461,6149.439245647731,5774.73813545171,5350.773630469387
batch_017:27,3151.3720230168533,3036.0556093472787,2938.121381017826,2940.2705356159126
batch_017:28,6343.402062240846,6144.709467116341,5768.378153913345,5346.746574272476
batch_017:29,10245.960679753287,10041.873583899805,9807.097053174026,9478.393500163762
batch_017:30,3151.3720230168533,3036.0556093472787,2938.121381017826,2940.2705356159126
batch_017:31,6325.63326028159,6129.784422117837,5758.988501424861,5337.921890313706
batch_017:32,15016.101489874542,14191.517801841928,13247.777631305498,11924.671663557068
batch_017:33,13968.811354168121,13390.342856982514,12435.275990776072,11320.361652698482
batch_017:34,14988.400572190169,14173.483089980466,13232.67711503773,11911.270172568358
batch_017:35,13972.254643111852,13393.041657162907,12430.79907647047,11315.887252058274
batch_017:36,13960.380890015249,13380.510120652101,12423.288176181628,11308.423816387578
batch_017:37,3151.3720230168533,3036.0556093472787,2938.121381017826,2940.2705356159126
batch_017:38,3151.3720230168533,3036.0556093472787,2938.121381017826,2940.2705356159126
batch_017:39,3151.3720230168533,3036.0556093472787,2938.121381017826,2940.2705356159126
batch_017:40,3151.3720230168533,3036.0556093472787,2938.121381017826,2940.2705356159126
batch_017:41,4605.946097606295,4411.4271921702675,4105.539037131903,3900.809915111161
batch_017:42,10247.018530392626,10045.624661751279,9813.339594590474,9482.375347505484
batch_017:43,3151.3720230168533,3036.0556093472787,2938.121381017826,2940.2705356159126
batch_017:44,3151.3720230168533,3036.0556093472787,2938.121381017826,2940.2705356159126
batch_017:45,3151.3720230168533,3036.0556093472787,2938.121381017826,2940.2705356159126
batch_017:46,3151.3720230168533,3036.0556093472787,2938.121381017826,2940.2705356159126
batch_017:47,10251.161545787341,10052.611644378518,9822.022051089632,9491.117846027108
batch_017:48,3151.3720230168533,3036.0556093472787,2938.121381017826,2940.2705356159126
batch_017:49,3151.3720230168533,3036.0556093472787,2938.121381017826,2940.2705356159126
batch_017:50,3151.3720230168533,3036.0556093472787,2938.121381017826,2940.2705356159126
batch_017:51,3151.3720230168533,3036.0556093472787,2938.121381017826,2940.2705356159126
batch_017:52,10242.910523510269,10042.339804536463,9806.364364886822,9476.091629544155
batch_017:53,13962.500078467601,13382.218914489562,12422.050831834415,11308.786547812004
batch_017:54,4583.179836810362,4392.523482763936,4093.138004506752,3895.3411606816912
batch_017:55,10239.592129230226,10037.551866666909,9805.356992258563,9476.532830558397
batch_017:56,13974.22390133497,13391.811696230452,12433.510203273914,11319.589904054992
batch_017:57,3151.3720230168533,3036.0556093472787,2938.121381017826,2940.2705356159126
batch_017:58,6347.018086624263,6144.2793135780485,5770.742891510501,5346.95122530438
batch_017:59,3151.3720230168533,3036.0556093472787,2938.121381017826,2940.2705356159126
batch_017:60,3151.3720230168533,3036.0556093472787,2938.121381017826,2940.2705356159126
batch_017:61,3151.3720230168533,3036.0556093472787,2938.121381017826,2940.2705356159126
batch_017:62,4607.787249908764,4415.634299717405,4107.896141873193,3905.4202309710295
batch_017:63,3151.3720230168533,3036.0556093472787,2938.121381017826,2940.2705356159126
batch_017:64,3151.3720230168533,3036.0556093472787,2938.121381017826,2940.2705356159126
batch_017:65,3151.3720230168533,3036.0556093472787,2938.121381017826,2940.2705356159126
batch_017:66,6354.145975714605,6154.324745660607,5776.916730120322,5354.076082713754
batch_017:67,7410.939908181879,7227.672312541014,7059.365542945163,6792.263464730538
batch_017:68,3151.3720230168533,3036.0556093472787,2938.121381017826,2940.2705356159126
batch_017:69,3151.3720230168533,3036.0556093472787,2938.121381017826,2940.2705356159126
batch_017:70,4604.116283403582,4409.720956807916,4105.950962270292,3905.7344531297545
batch_017:71,3151.3720230168533,3036.0556093472787,2938.121381017826,2940.2705356159126
batch_017:72,6356.9722994670565,6157.441747978075,5780.421248622967,5355.465377609012
batch_017:73,3151.3720230168533,3036.0556093472787,2938.121381017826,2940.2705356159126
batch_017:74,3151.3720230168533,3036.0556093472787,2938.121381017826,2940.2705356159126
batch_017:75,13960.653726776718,13379.079889481909,12425.316883518697,11314.291014142984
batch_017:76,15004.16228093633,14180.819637148401,13238.819856514265,11917.193006259373
batch_017:77,14991.028930527593,14172.98269243717,13231.967880108394,11912.365599123259
batch_017:78,6347.79297908464,6150.0882625873,5775.241482601681,5350.2703407504205
batch_017:79,3151.3720230168533,3036.0556093472787,2938.121381017826,2940.2705356159126
batch_017:80,10268.189487544623,10067.776128054858,9838.168701579687,9503.523655923324
batch_017:81,3151.3720230168533,3036.0556093472787,2938.121381017826,2940.2705356159126
batch_017:82,3151.3720230168533,3036.0556093472787,2938.121381017826,2940.2705356159126
batch_017:83,3151.3720230168533,3036.0556093472787,2938.121381017826,2940.2705356159126
batch_017:84,3151.3720230168533,3036.0556093472787,2938.121381017826,2940.2705356159126
batch_017:85,3151.3720230168533,3036.0556093472787,2938.121381017826,2940.2705356159126
batch_017:86,3151.3720230168533,3036.0556093472787,2938.121381017826,2940.2705356159126
batch_017:87,10252.254850706458,10050.514189453812,9818.496684345173,9487.012151069419
batch_017:88,3151.3720230168533,3036.0556093472787,2938.121381017826,2940.2705356159126
batch_017:89,13968.663747306939,13386.902833919543,12428.56050473851,11312.859443833893
batch_017:90,3151.3720230168533,3036.0556093472787,2938.121381017826,2940.2705356159126
batch_017:91,3151.3720230168533,3036.0556093472787,2938.121381017826,2940.2705356159126
batch_017:92,3151.3720230168533,3036.0556093472787,2938.121381017826,2940.2705356159126
batch_017:93,3151.3720230168533,3036.0556093472787,2938.121381017826,2940.2705356159126
batch_017:94,15002.509918753385,14181.682298556061,13242.800274070283,11925.258598535413
batch_017:95,3151.3720230168533,3036.0556093472787,2938.121381017826,2940.2705356159126
batch_017:96,3151.3720230168533,3036.0556093472787,2938.121381017826,2940.2705356159126
batch_017:97,7408.140774832641,7227.951229450774,7068.976297391558,6800.969920344861
batch_017:98,7416.241231555459,7239.290180014681,7074.456038377461,6805.014868015607
batch_017:99,3151.3720230168533,3036.0556093472787,2938.121381017826,2940.2705356159126
batch_017:100,10261.174542921004,10059.5573282753,9826.289044668278,9490.560221261087
batch_017:101,3151.3720230168533,3036.0556093472787,2938.121381017826,2940.2705356159126
batch_017:102,3151.3720230168533,3036.0556093472787,2938.121381017826,2940.2705356159126
batch_017:103,6352.296730663138,6150.571126522338,5775.083485093671,5353.742400074058
batch_017:104,3151.3720230168533,3036.0556093472787,2938.121381017826,2940.2705356159126
batch_017:105,15004.863305110339,14181.300596029314,13241.685395857745,11919.33400410181
batch_017:106,3151.3720230168533,3036.0556093472787,2938.121381017826,2940.2705356159126
batch_017:107,6339.803528914835,6143.311781351997,5768.606572036604,5347.877453190926
batch_017:108,6346.409134309572,6146.863541834859,5770.732792465029,5346.88175897199
batch_017:109,3151.3720230168533,3036.0556093472787,2938.121381017826,2940.2705356159126
batch_017:110,13967.211799328641,13381.793699877555,12416.181130690715,11301.679590571093
batch_017:111,3151.3720230168533,3036.0556093472787,2938.121381017826,2940.2705356159126
batch_017:112,6341.111755074659,6140.564862852191,5764.064713465159,5343.84085493678
batch_017:113,4621.871686738304,4422.966063736351,4109.026116077418,3904.7243373937904
batch_017:114,3151.3720230168533,3036.0556093472787,2938.121381017826,2940.2705356159126
batch_017:115,13960.583521780909,13379.989484045089,12419.260439591042,11306.216275487079
batch_017:116,3151.3720230168533,3036.0556093472787,2938.121381017826,2940.2705356159126
batch_017:117,6343.979420721047,6142.185081410364,5764.4715981141635,5340.600920610775
batch_017:118,7411.657326798654,7235.416180551975,7072.172104568704,6803.025228027215
batch_017:119,7416.760286698919,7238.1074371214,7074.5695033305565,6813.65500714354
batch_017:120,3151.3720230168533,3036.0556093472787,2938.121381017826,2940.2705356159126
batch_017:121,7418.819167099559,7236.683277745243,7072.238057839762,6800.593214289221
batch_017:122,6354.145975714605,6154.324745660607,5776.916730120322,5354.076082713754
batch_017:123,3151.3720230168533,3036.0556093472787,2938.121381017826,2940.2705356159126
batch_017:124,3151.3720230168533,3036.0556093472787,2938.121381017826,2940.2705356159126
batch_017:125,10255.271011710858,10055.580922601146,9820.716442828329,9486.071690416225
batch_017:126,7408.205778852485,7229.462125974576,7066.022398290494,6800.037761873359
batch_017:127,14986.202958134401,14168.443476840745,13229.285178971633,11907.751084191004
batch_017:128,6347.7176036549145,6148.430625228622,5773.858253146717,5355.643386783691
batch_017:129,3151.3720230168533,3036.0556093472787,2938.121381017826,2940.2705356159126
batch_017:130,3151.3720230168533,3036.0556093472787,2938.121381017826,2940.2705356159126
batch_017:131,3151.3720230168533,3036.0556093472787,2938.121381017826,2940.2705356159126
batch_017:132,10251.84593776846,10050.395660497838,9819.775574241046,9487.950348441516
batch_017:133,3151.3720230168533,3036.0556093472787,2938.121381017826,2940.2705356159126
batch_017:134,7417.898931135351,7241.3987706937505,7083.610024048432,6821.185629804648
batch_017:135,13969.187546815418,13389.767357045419,12429.764848993753,11312.990628244841
batch_017:136,3151.3720230168533,3036.0556093472787,2938.121381017826,2940.2705356159126
batch_017:137,10254.348590915848,10054.416565448246,9818.594667363574,9485.339380123307
batch_017:138,3151.3720230168533,3036.0556093472787,2938.121381017826,2940.2705356159126
batch_017:139,10242.387419456261,10042.794538255155,9806.44652901961,9472.765053504121
batch_017:140,7401.220737345494,7225.041396611865,7056.174085298627,6786.038128192851
batch_017:141,3151.3720230168533,3036.0556093472787,2938.121381017826,2940.2705356159126
batch_017:142,3151.3720230168533,3036.0556093472787,2938.121381017826,2940.2705356159126
batch_017:143,3151.3720230168533,3036.0556093472787,2938.121381017826,2940.2705356159126
batch_017:144,6337.4454757635085,6137.934380967532,5763.49329798592,5342.0219876232495
batch_017:145,3151.3720230168533,3036.0556093472787,2938.121381017826,2940.2705356159126
batch_017:146,10256.499709175127,10056.055407798602,9824.710536571522,9488.90241146543
batch_017:147,4625.667326747123,4429.846460631043,4118.84530310194,3911.453399776749
batch_017:148,3151.3720230168533,3036.0556093472787,2938.121381017826,2940.2705356159126
batch_017:149,10264.31472991801,10062.76149116263,9826.550750399321,9490.494852142561
batch_017:150,3151.3720230168533,3036.0556093472787,2938.121381017826,2940.2705356159126
batch_017:151,3151.3720230168533,3036.0556093472787,2938.121381017826,2940.2705356159126
batch_017:152,3151.3720230168533,3036.0556093472787,2938.121381017826,2940.2705356159126
batch_017:153,10238.515469518845,10038.987554942274,9808.10536941157,9476.722002955446
batch_017:154,3151.3720230168533,3036.0556093472787,2938.121381017826,2940.2705356159126
batch_017:155,3151.3720230168533,3036.0556093472787,2938.121381017826,2940.2705356159126
batch_017:156,3151.3720230168533,3036.0556093472787,2938.121381017826,2940.2705356159126
batch_017:157,3151.3720230168533,3036.0556093472787,2938.121381017826,2940.2705356159126
batch_017:158,3151.3720230168533,3036.0556093472787,2938.121381017826,2940.2705356159126
batch_017:159,3151.3720230168533,3036.0556093472787,2938.121381017826,2940.2705356159126
batch_017:160,3151.3720230168533,3036.0556093472787,2938.121381017826,2940.2705356159126
batch_017:161,7411.264849812,7235.406532921797,7072.047500192097,6802.995826509916
batch_017:162,3151.3720230168533,3036.0556093472787,2938.121381017826,2940.2705356159126
batch_017:163,3151.3720230168533,3036.0556093472787,2938.121381017826,2940.2705356159126
batch_017:164,6357.154887251288,6154.377224565404,5777.431209817882,5354.496823581454
batch_017:165,3151.3720230168533,3036.0556093472787,2938.121381017826,2940.2705356159126
batch_017:166,3151.3720230168533,3036.0556093472787,2938.121381017826,2940.2705356159126
batch_017:167,3151.3720230168533,3036.0556093472787,2938.121381017826,2940.2705356159126
batch_017:168,3151.3720230168533,3036.0556093472787,2938.121381017826,2940.2705356159126
batch_017:169,3151.3720230168533,3036.0556093472787,2938.121381017826,2940.2705356159126
batch_017:170,3151.3720230168533,3036.0556093472787,2938.121381017826,2940.2705356159126
batch_017:171,3151.3720230168533,3036.0556093472787,2938.121381017826,2940.2705356159126
batch_017:172,3151.3720230168533,3036.0556093472787,2938.121381017826,2940.2705356159126
batch_017:173,13960.583521780909,13379.989484045089,12419.260439591042,11306.216275487079
batch_017:174,3151.3720230168533,3036.0556093472787,2938.121381017826,2940.2705356159126
batch_017:175,3151.3720230168533,3036.0556093472787,2938.121381017826,2940.2705356159126
batch_017:176,3151.3720230168533,3036.0556093472787,2938.121381017826,2940.2705356159126
batch_017:177,3151.3720230168533,3036.0556093472787,2938.121381017826,2940.2705356159126
batch_017:178,3151.3720230168533,3036.0556093472787,2938.121381017826,2940.2705356159126
batch_017:179,3151.3720230168533,3036.0556093472787,2938.121381017826,2940.2705356159126
batch_017:180,7397.024093931996,7217.2751499172155,7054.062127349499,6789.447858868162
batch_017:181,6348.794787993912,6152.544829605813,5773.632280407645,5349.461102625959
batch_017:182,6342.905998884415,6144.258348365639,5771.254675909577,5348.515225899471
batch_017:183,6346.131374625705,6149.661706113886,5775.987416104711,5352.838637791273
batch_017:184,3151.3720230168533,3036.0556093472787,2938.121381017826,2940.2705356159126
batch_017:185,3151.3720230168533,3036.0556093472787,2938.121381017826,2940.2705356159126
batch_017:186,3151.3720230168533,3036.0556093472787,2938.121381017826,2940.2705356159126
batch_017:187,6350.944276805187,6150.4785902605,5775.342078290187,5349.606261006619
batch_017:188,3151.3720230168533,3036.0556093472787,2938.121381017826,2940.2705356159126
batch_017:189,13954.515411161465,13377.557698469996,12418.515896243078,11306.694490510556
batch_017:190,3151.3720230168533,3036.0556093472787,2938.121381017826,2940.2705356159126
batch_017:191,3151.3720230168533,3036.0556093472787,2938.121381017826,2940.2705356159126
batch_017:192,6337.4454757635085,6137.934380967532,5763.49329798592,5342.0219876232495
batch_017:193,3151.3720230168533,3036.0556093472787,2938.121381017826,2940.2705356159126
batch_017:194,6348.758203244735,6147.173328706402,5771.213364752249,5348.297928342017
batch_017:195,13967.871419593035,13387.420399642746,12424.376379298234,11310.754454930819
batch_017:196,3151.3720230168533,3036.0556093472787,2938.121381017826,2940.2705356159126
batch_017:197,3151.3720230168533,3036.0556093472787,2938.121381017826,2940.2705356159126
batch_017:198,3151.3720230168533,3036.0556093472787,2938.121381017826,2940.2705356159126
batch_017:199,13960.943359959043,13380.429708004343,12423.236267944732,11309.800590810284
batch_017:200,15001.064640795019,14179.627332052218,13241.928964271412,11921.539872860423
batch_017:201,3151.3720230168533,3036.0556093472787,2938.121381017826,2940.2705356159126
batch_017:202,6336.638441767618,6136.790057908595,5759.347157245089,5337.578559098418
batch_017:203,3151.3720230168533,3036.0556093472787,2938.121381017826,2940.2705356159126
batch_017:204,3151.3720230168533,3036.0556093472787,2938.121381017826,2940.2705356159126
batch_017:205,3151.3720230168533,3036.0556093472787,2938.121381017826,2940.2705356159126
batch_017:206,4659.264076964104,4456.394119644378,4310.546868542536,4146.196878098116
batch_017:207,3151.3720230168533,3036.0556093472787,2938.121381017826,2940.2705356159126
batch_017:208,13958.168959471343,13377.42847724696,12412.062193346384,11300.086692340796
batch_017:209,3151.3720230168533,3036.0556093472787,2938.121381017826,2940.2705356159126
batch_017:210,3151.3720230168533,3036.0556093472787,2938.121381017826,2940.2705356159126
batch_017:211,3151.3720230168533,3036.0556093472787,2938.121381017826,2940.2705356159126
batch_017:212,3151.3720230168533,3036.0556093472787,2938.121381017826,2940.2705356159126
batch_017:213,3151.3720230168533,3036.0556093472787,2938.121381017826,2940.2705356159126
batch_017:214,6329.424621804998,6130.436559891076,5757.150069988532,5337.992491445602
batch_017:215,3151.3720230168533,3036.0556093472787,2938.121381017826,2940.2705356159126
batch_017:216,3151.3720230168533,3036.0556093472787,2938.121381017826,2940.2705356159126
batch_017:217,3151.3720230168533,3036.0556093472787,2938.121381017826,2940.2705356159126
batch_017:218,6337.803531019538,6132.86314440411,5758.331346674146,5341.272898657217
batch_017:219,3151.3720230168533,3036.0556093472787,2938.121381017826,2940.2705356159126
batch_017:220,3151.3720230168533,3036.0556093472787,2938.121381017826,2940.2705356159126
batch_017:221,4653.234619551449,4448.9296576954075,4133.712790287564,3920.694525399973
batch_017:222,13953.256899638081,13373.400364888617,12415.168483124227,11302.420572656343
batch_017:223,3151.3720230168533,3036.0556093472787,2938.121381017826,2940.2705356159126
batch_017:224,3151.3720230168533,3036.0556093472787,2938.121381017826,2940.2705356159126
batch_017:225,4594.150202483543,4402.069235895922,4098.898230693712,3896.2143866247525
batch_017:226,13965.691649116015,13385.565713560565,12424.829688946935,11311.353184433274
batch_017:227,3151.3720230168533,3036.0556093472787,2938.121381017826,2940.2705356159126
batch_017:228,7438.13069436537,7249.349575081221,7083.935863834321,6811.750332996166
batch_017:229,13957.374097299793,13378.019345646753,12418.547920197718,11305.09978647244
batch_017:230,3151.3720230168533,3036.0556093472787,2938.121381017826,2940.2705356159126
batch_017:231,14999.393811798529,14180.44589206011,13239.987065715006,11919.34132773288
batch_017:232,3151.3720230168533,3036.0556093472787,2938.121381017826,2940.2705356159126
batch_017:233,15001.909758010619,14180.9359420105,13239.929332441381,11916.218798224196
batch_017:234,13957.205572355626,13377.832175204483,12418.020715704472,11304.475167424056
batch_017:235,4647.914877284017,4449.34114100894,4135.71842064875,3924.7378062580065
batch_017:236,4615.360252564304,4414.746029677903,4105.407825962848,3902.2110769045953
batch_017:237,3151.3720230168533,3036.0556093472787,2938.121381017826,2940.2705356159126
batch_017:238,13981.01000569023,13397.913058207547,12433.659877495222,11316.315477021395
batch_017:239,3151.3720230168533,3036.0556093472787,2938.121381017826,2940.2705356159126
batch_017:240,10257.554806016287,10057.136161546052,9822.509061216238,9492.028479496508
batch_017:241,3151.3720230168533,3036.0556093472787,2938.121381017826,2940.2705356159126
batch_017:242,4627.64507430442,4433.350981268999,4124.392995141192,3915.689936920829
batch_017:243,3151.3720230168533,3036.0556093472787,2938.121381017826,2940.2705356159126
batch_017:244,13968.056307686827,13385.936380629615,12426.89037166576,11314.129421822912
batch_017:245,10259.877530164877,10062.879127291348,9834.53119200553,9499.351708124213
batch_017:246,7400.185275061068,7222.770737022236,7054.95320793121,6785.7570582338985
batch_017:247,3151.3720230168533,3036.0556093472787,2938.121381017826,2940.2705356159126
batch_017:248,3151.3720230168533,3036.0556093472787,2938.121381017826,2940.2705356159126
batch_017:249,7413.130803296835,7229.4601432126265,7057.709520362442,6790.315704213491
batch_017:250,6350.176762540018,6147.1650423009305,5769.89091056488,5345.678687448565
batch_017:251,6341.065672785317,6141.574925689971,5765.177565576775,5344.146120332958
batch_017:252,3151.3720230168533,3036.0556093472787,2938.121381017826,2940.2705356159126
batch_017:253,3151.3720230168533,3036.0556093472787,2938.121381017826,2940.2705356159126
batch_017:254,3151.3720230168533,3036.0556093472787,2938.121381017826,2940.2705356159126
batch_017:255,3151.3720230168533,3036.0556093472787,2938.121381017826,2940.2705356159126
batch_017:256,4667.041415776463,4462.938074146272,4144.237827324744,3928.505196207899
batch_017:257,3151.3720230168533,3036.0556093472787,2938.121381017826,2940.2705356159126
batch_017:258,4681.816338951547,4473.165376358669,4158.897840604043,3938.5004960142614
batch_017:259,6334.830556813177,6134.308547887664,5760.9373094045,5339.596784823197
batch_017:260,7437.467907568395,7255.190062262696,7091.512983456347,6824.58121869823
batch_017:261,3151.3720230168533,3036.0556093472787,2938.121381017826,2940.2705356159126
batch_017:262,3151.3720230168533,3036.0556093472787,2938.121381017826,2940.2705356159126
batch_017:263,3151.3720230168533,3036.0556093472787,2938.121381017826,2940.2705356159126
batch_017:264,3151.3720230168533,3036.0556093472787,2938.121381017826,2940.2705356159126
batch_017:265,3151.3720230168533,3036.0556093472787,2938.121381017826,2940.2705356159126
batch_017:266,3151.3720230168533,3036.0556093472787,2938.121381017826,2940.2705356159126
batch_017:267,15004.16228093633,14180.819637148401,13238.819856514265,11917.193006259373
batch_017:268,3151.3720230168533,3036.0556093472787,2938.121381017826,2940.2705356159126
batch_017:269,4612.032515587386,4417.734640337308,4112.001486669633,3908.5749542530452
batch_017:270,13968.05958567199,13386.16003265512,12429.545453979883,11315.362193301695
batch_017:271,7407.565022957409,7231.458843559885,7068.381676871992,6797.733561005806
batch_017:272,14997.817098280442,14178.16948927409,13236.618064467584,11916.797388346626
batch_017:273,3151.3720230168533,3036.0556093472787,2938.121381017826,2940.2705356159126
batch_017:274,7411.75067292424,7229.54424700494,7060.65070056286,6795.472085575974
batch_017:275,3151.3720230168533,3036.0556093472787,2938.121381017826,2940.2705356159126
batch_017:276,7415.006868592956,7235.3602200465275,7069.304637203341,6797.669706314229
batch_017:277,3151.3720230168533,3036.0556093472787,2938.121381017826,2940.2705356159126
batch_017:278,3151.3720230168533,3036.0556093472787,2938.121381017826,2940.2705356159126
batch_017:279,3151.3720230168533,3036.0556093472787,2938.121381017826,2940.2705356159126
batch_017:280,3151.3720230168533,3036.0556093472787,2938.121381017826,2940.2705356159126
batch_017:281,3151.3720230168533,3036.0556093472787,2938.121381017826,2940.2705356159126
batch_017:282,3151.3720230168533,3036.0556093472787,2938.121381017826,2940.2705356159126
batch_017:283,4605.206864974083,4413.618747050243,4104.815108026183,3899.388042788769
batch_017:284,3151.3720230168533,3036.0556093472787,2938.121381017826,2940.2705356159126
batch_017:285,3151.3720230168533,3036.0556093472787,2938.121381017826,2940.2705356159126
batch_017:286,4626.479601097592,4430.759886619906,4111.184101267407,3903.947363406929
batch_017:287,6357.166962560497,6157.399989555811,5781.631438155572,5358.005787536907
batch_017:288,3151.3720230168533,3036.0556093472787,2938.121381017826,2940.2705356159126
batch_017:289,6349.137360318142,6152.519155680182,5776.948882115013,5356.760654280201
batch_017:290,3151.3720230168533,3036.0556093472787,2938.121381017826,2940.2705356159126
batch_017:291,15003.341496461662,14182.083904329133,13242.226041466645,11918.954702791176
batch_017:292,3151.3720230168533,3036.0556093472787,2938.121381017826,2940.2705356159126
batch_017:293,3151.3720230168533,3036.0556093472787,2938.121381017826,2940.2705356159126
batch_017:294,10249.812622061123,10048.574546830172,9815.1000839775,9483.237857973412
batch_017:295,3151.3720230168533,3036.0556093472787,2938.121381017826,2940.2705356159126
batch_017:296,4596.668248118257,4403.000760994985,4098.166417625529,3898.5286623347893
batch_017:297,3151.3720230168533,3036.0556093472787,2938.121381017826,2940.2705356159126
batch_017:298,3151.3720230168533,3036.0556093472787,2938.121381017826,2940.2705356159126
batch_017:299,3151.3720230168533,3036.0556093472787,2938.121381017826,2940.2705356159126
batch_017:300,4628.096373347421,4429.139475195994,4113.356452682301,3904.8572015054524
batch_017:301,10255.744265718447,10054.358589864929,9816.460075620931,9483.942144031256
batch_017:302,3151.3720230168533,3036.0556093472787,2938.121381017826,2940.2705356159126
batch_017:303,3151.3720230168533,3036.0556093472787,2938.121381017826,2940.2705356159126
batch_017:304,3151.3720230168533,3036.0556093472787,2938.121381017826,2940.2705356159126
batch_017:305,3151.3720230168533,3036.0556093472787,2938.121381017826,2940.2705356159126
batch_017:306,3151.3720230168533,3036.0556093472787,2938.121381017826,2940.2705356159126
batch_017:307,14988.216747972037,14172.056039681967,13227.659185019007,11907.650620309141
batch_017:308,3151.3720230168533,3036.0556093472787,2938.121381017826,2940.2705356159126
batch_017:309,7406.836138610397,7231.435001597006,7075.089459663422,6815.732067651769
batch_017:310,3151.3720230168533,3036.0556093472787,2938.121381017826,2940.2705356159126
batch_017:311,13971.407826220411,13392.673472185616,12428.478315053058,11314.978888894755
batch_017:312,10249.687514347144,10049.87273334739,9819.36890475846,9487.61021506393
batch_017:313,3151.3720230168533,3036.0556093472787,2938.121381017826,2940.2705356159126
batch_017:314,3151.3720230168533,3036.0556093472787,2938.121381017826,2940.2705356159126
batch_017:315,4604.762810487006,4410.425037726009,4106.2118214697775,3900.0809017648367
batch_017:316,13964.859668517576,13387.847948141109,12429.89976740065,11316.962156191428
batch_017:317,6336.096091058438,6135.315729293492,5761.659041007822,5338.407987859437
batch_017:318,13969.187546815418,13389.767357045419,12429.764848993753,11312.990628244841
batch_017:319,3151.3720230168533,3036.0556093472787,2938.121381017826,2940.2705356159126
batch_017:320,4629.079482565152,4430.057977309867,4115.514509097973,3907.7887273856345
batch_017:321,13947.451386729836,13370.515043390453,12415.620679927448,11304.890278086557
batch_017:322,3151.3720230168533,3036.0556093472787,2938.121381017826,2940.2705356159126
batch_017:323,10273.388675683089,10075.03119681378,9838.6518293692,9500.44478889643
batch_017:324,15005.11257226948,14179.785126932822,13241.635626144162,11919.240045087052
batch_017:325,3151.3720230168533,3036.0556093472787,2938.121381017826,2940.2705356159126
batch_017:326,3151.3720230168533,3036.0556093472787,2938.121381017826,2940.2705356159126
batch_017:327,3151.3720230168533,3036.0556093472787,2938.121381017826,2940.2705356159126
batch_017:328,4622.400607195378,4425.951742570856,4114.8527483448925,3907.683978467387
batch_017:329,3151.3720230168533,3036.0556093472787,2938.121381017826,2940.2705356159126
batch_017:330,7406.030478973094,7222.789959841563,7052.84331543379,6783.545573462319
batch_017:331,3151.3720230168533,3036.0556093472787,2938.121381017826,2940.2705356159126
batch_017:332,6346.096820565748,6149.085219949158,5772.69119751125,5349.795104535458
batch_017:333,3151.3720230168533,3036.0556093472787,2938.121381017826,2940.2705356159126
batch_017:334,13964.063205718512,13381.879408242732,12417.122182027018,11302.333542216822
batch_017:335,10255.382117723982,10056.834674801135,9826.736664102576,9494.974223395866
batch_017:336,3151.3720230168533,3036.0556093472787,2938.121381017826,2940.2705356159126
batch_017:337,3151.3720230168533,3036.0556093472787,2938.121381017826,2940.2705356159126
batch_017:338,13959.795514154457,13380.132733998624,12415.516218411696,11301.270549945039
batch_017:339,3151.3720230168533,3036.0556093472787,2938.121381017826,2940.2705356159126
batch_017:340,3151.3720230168533,3036.0556093472787,2938.121381017826,2940.2705356159126
batch_017:341,7441.645485829971,7251.850072628816,7082.993436882511,6808.1939317623255
batch_017:342,3151.3720230168533,3036.0556093472787,2938.121381017826,2940.2705356159126
batch_017:343,3151.3720230168533,3036.0556093472787,2938.121381017826,2940.2705356159126
batch_017:344,7412.401092021631,7235.330577662628,7074.8384999073605,6806.470870489581
batch_017:345,3151.3720230168533,3036.0556093472787,2938.121381017826,2940.2705356159126
batch_017:346,6346.944381367737,6149.30276299736,5771.462747034675,5350.356869902964
batch_017:347,10251.410406224953,10051.585118917665,9823.250926877516,9490.03348112266
batch_017:348,3151.3720230168533,3036.0556093472787,2938.121381017826,2940.2705356159126
batch_017:349,14999.02151287199,14179.487414021065,13242.589838559405,11922.387262089826
batch_017:350,7419.537985901402,7237.42668874927,7064.525753173212,6791.887930217583
batch_017:351,6331.284887656226,6130.082069705814,5754.5956710948085,5333.074146172244
batch_017:352,3151.3720230168533,3036.0556093472787,2938.121381017826,2940.2705356159126
batch_017:353,3151.3720230168533,3036.0556093472787,2938.121381017826,2940.2705356159126
batch_017:354,4607.819094852804,4417.034079618006,4105.983004222246,3900.2781440885356
batch_017:355,10263.159404890554,10064.123190041004,9834.191259911084,9498.297394941455
batch_017:356,3151.3720230168533,3036.0556093472787,2938.121381017826,2940.2705356159126
batch_017:357,6345.3711816060695,6141.225242995215,5765.676264340723,5341.249452742937
batch_017:358,3151.3720230168533,3036.0556093472787,2938.121381017826,2940.2705356159126
batch_017:359,15009.369523135269,14185.961476927354,13244.022500615149,11921.729578093538
batch_017:360,14983.958959366259,14168.596182958376,13228.647516912262,11908.290307402913
batch_017:361,3151.3720230168533,3036.0556093472787,2938.121381017826,2940.2705356159126
batch_017:362,7428.335532342335,7249.893719388776,7084.586578638695,6812.104639049002
batch_017:363,15000.292177412357,14181.588014073392,13243.414471765676,11923.788436493043
batch_017:364,13963.062170301493,13379.51078779781,12420.473720279117,11307.495944980494
batch_017:365,10248.524739068103,10046.596487049152,9811.60046578686,9479.831789860054
batch_017:366,3151.3720230168533,3036.0556093472787,2938.121381017826,2940.2705356159126
batch_017:367,3151.3720230168533,3036.0556093472787,2938.121381017826,2940.2705356159126
batch_017:368,7460.016833099793,7271.363766761391,7104.454646659852,6827.878601244782
batch_017:369,3151.3720230168533,3036.0556093472787,2938.121381017826,2940.2705356159126
batch_017:370,4668.118001935053,4459.696061172798,4148.007788032959,3931.813269607887
batch_017:371,3151.3720230168533,3036.0556093472787,2938.121381017826,2940.2705356159126
batch_017:372,10238.84236352239,10043.141101062243,9810.60428295812,9479.33828542643
batch_017:373,3151.3720230168533,3036.0556093472787,2938.121381017826,2940.2705356159126
batch_017:374,10254.339420935326,10051.037761329531,9819.635722104076,9486.53910590671
batch_017:375,3151.3720230168533,3036.0556093472787,2938.121381017826,2940.2705356159126
batch_017:376,3151.3720230168533,3036.0556093472787,2938.121381017826,2940.2705356159126
batch_017:377,3151.3720230168533,3036.0556093472787,2938.121381017826,2940.2705356159126
batch_017:378,3151.3720230168533,3036.0556093472787,2938.121381017826,2940.2705356159126
batch_017:379,13966.998838896814,13386.64910828997,12426.1799620769,11314.07138727219
batch_017:380,4636.394573313088,4437.975178147044,4124.359568983781,3910.8635223108035
batch_017:381,7403.712583769872,7223.071731232313,7056.51066978447,6788.187648412416
batch_017:382,3151.3720230168533,3036.0556093472787,2938.121381017826,2940.2705356159126
batch_017:383,6344.648788975105,6144.236557540638,5768.356805154068,5344.062342367859
batch_017:384,3151.3720230168533,3036.0556093472787,2938.121381017826,2940.2705356159126
batch_017:385,3151.3720230168533,3036.0556093472787,2938.121381017826,2940.2705356159126
batch_017:386,3151.3720230168533,3036.0556093472787,2938.121381017826,2940.2705356159126
batch_017:387,3151.3720230168533,3036.0556093472787,2938.121381017826,2940.2705356159126
batch_017:388,3151.3720230168533,3036.0556093472787,2938.121381017826,2940.2705356159126
batch_017:389,3151.3720230168533,3036.0556093472787,2938.121381017826,2940.2705356159126
batch_017:390,3151.3720230168533,3036.0556093472787,2938.121381017826,2940.2705356159126
batch_017:391,3151.3720230168533,3036.0556093472787,2938.121381017826,2940.2705356159126
batch_017:392,3151.3720230168533,3036.0556093472787,2938.121381017826,2940.2705356159126
batch_017:393,3151.3720230168533,3036.0556093472787,2938.121381017826,2940.2705356159126
batch_017:394,3151.3720230168533,3036.0556093472787,2938.121381017826,2940.2705356159126
batch_017:395,3151.3720230168533,3036.0556093472787,2938.121381017826,2940.2705356159126
batch_017:396,3151.3720230168533,3036.0556093472787,2938.121381017826,2940.2705356159126
batch_017:397,13972.127020953536,13391.059119520007,12430.669033096721,11316.735717218138
batch_017:398,3151.3720230168533,3036.0556093472787,2938.121381017826,2940.2705356159126
batch_017:399,3151.3720230168533,3036.0556093472787,2938.121381017826,2940.2705356159126
batch_017:400,3151.3720230168533,3036.0556093472787,2938.121381017826,2940.2705356159126
batch_017:401,3151.3720230168533,3036.0556093472787,2938.121381017826,2940.2705356159126
batch_017:402,3151.3720230168533,3036.0556093472787,2938.121381017826,2940.2705356159126
batch_017:403,3151.3720230168533,3036.0556093472787,2938.121381017826,2940.2705356159126
batch_017:404,3151.3720230168533,3036.0556093472787,2938.121381017826,2940.2705356159126
batch_017:405,3151.3720230168533,3036.0556093472787,2938.121381017826,2940.2705356159126
batch_017:406,3151.3720230168533,3036.0556093472787,2938.121381017826,2940.2705356159126
batch_017:407,15006.819040460601,14186.331678762363,13245.049202084265,11923.871049254754
batch_017:408,13955.70715235975,13375.79988136948,12416.579571903263,11306.42246929776
batch_017:409,3151.3720230168533,3036.0556093472787,2938.121381017826,2940.2705356159126
batch_017:410,3151.3720230168533,3036.0556093472787,2938.121381017826,2940.2705356159126
batch_017:411,7405.230081878433,7227.237671482766,7060.312577762073,6788.209748172688
batch_017:412,6340.616906250431,6138.721690148399,5763.4775994096,5341.880646466707
batch_017:413,3151.3720230168533,3036.0556093472787,2938.121381017826,2940.2705356159126
batch_017:414,15003.37112832604,14183.440484006325,13243.707061289226,11922.742690914154
batch_017:415,3151.3720230168533,3036.0556093472787,2938.121381017826,2940.2705356159126
batch_017:416,7404.831415441289,7225.582563425727,7058.899633361954,6791.802327047209
batch_017:417,3151.3720230168533,3036.0556093472787,2938.121381017826,2940.2705356159126
batch_017:418,6336.224290931222,6136.656575770714,5759.319454210798,5337.257845590451
batch_017:419,13960.746203927058,13382.843633237899,12425.24472071132,11310.976574422497
batch_017:420,3151.3720230168533,3036.0556093472787,2938.121381017826,2940.2705356159126
batch_017:421,13964.466897716124,13382.799154868435,12420.994488302747,11307.04953797451
batch_017:422,6357.166962560497,6157.399989555811,5781.631438155572,5358.005787536907
batch_017:423,15005.230491241806,14183.918119573847,13248.534518374585,11927.718383796511
batch_017:424,3151.3720230168533,3036.0556093472787,2938.121381017826,2940.2705356159126
batch_017:425,10251.879091402123,10053.902766101017,9823.328091347488,9488.486469031657
batch_017:426,3151.3720230168533,3036.0556093472787,2938.121381017826,2940.2705356159126
batch_017:427,3151.3720230168533,3036.0556093472787,2938.121381017826,2940.2705356159126
batch_017:428,3151.3720230168533,3036.0556093472787,2938.121381017826,2940.2705356159126
batch_017:429,3151.3720230168533,3036.0556093472787,2938.121381017826,2940.2705356159126
batch_017:430,10256.835353595825,10057.075159656179,9819.52018070014,9485.649889151187
batch_017:431,3151.3720230168533,3036.0556093472787,2938.121381017826,2940.2705356159126
batch_017:432,4611.606200967643,4411.8667591054345,4104.638577873704,3902.4327280206726
batch_017:433,13963.861794906326,13381.460506535159,12421.659657081951,11308.837135611631
batch_017:434,3151.3720230168533,3036.0556093472787,2938.121381017826,2940.2705356159126
batch_017:435,10249.414333510149,10049.11759686487,9809.711484943939,9475.008075812848
batch_017:436,3151.3720230168533,3036.0556093472787,2938.121381017826,2940.2705356159126
batch_017:437,10253.548044746889,10055.839929455244,9830.43745208603,9498.404178427605
batch_017:438,13960.830517945513,13381.564703269383,12421.42031975021,11309.875624338109
batch_017:439,3151.3720230168533,3036.0556093472787,2938.121381017826,2940.2705356159126
batch_017:440,3151.3720230168533,3036.0556093472787,2938.121381017826,2940.2705356159126
batch_017:441,3151.3720230168533,3036.0556093472787,2938.121381017826,2940.2705356159126
batch_017:442,3151.3720230168533,3036.0556093472787,2938.121381017826,2940.2705356159126
batch_017:443,3151.3720230168533,3036.0556093472787,2938.121381017826,2940.2705356159126
batch_017:444,3151.3720230168533,3036.0556093472787,2938.121381017826,2940.2705356159126
batch_017:445,4628.8470859013005,4435.236559895589,4121.047664141514,3909.9451340346022
batch_017:446,4615.360252564304,4414.746029677903,4105.407825962848,3902.2110769045953
batch_017:447,6350.176762540018,6147.1650423009305,5769.89091056488,5345.678687448565
batch_017:448,13970.562089816995,13384.525830457249,12423.110427349387,11308.517874301719
batch_017:449,4638.022288511945,4436.908058320689,4125.094360085585,3913.720019694597
batch_017:450,3151.3720230168533,3036.0556093472787,2938.121381017826,2940.2705356159126
batch_017:451,3151.3720230168533,3036.0556093472787,2938.121381017826,2940.2705356159126
batch_017:452,4603.978392817241,4414.295576399436,4106.779730368344,3901.9081064669053
batch_017:453,3151.3720230168533,3036.0556093472787,2938.121381017826,2940.2705356159126
batch_017:454,6359.087075720983,6161.389006865462,5785.233916513918,5359.500987930382
batch_017:455,3151.3720230168533,3036.0556093472787,2938.121381017826,2940.2705356159126
batch_017:456,3151.3720230168533,3036.0556093472787,2938.121381017826,2940.2705356159126
batch_017:457,4653.835620231697,4451.927001417581,4136.481373894641,3923.265043528145
batch_017:458,15011.268509809892,14187.676548298461,13247.829835786037,11926.87018819243
batch_017:459,3151.3720230168533,3036.0556093472787,2938.121381017826,2940.2705356159126
batch_017:460,15015.780956409097,14194.374454562247,13252.16211537743,11929.772570511022
batch_017:461,3151.3720230168533,3036.0556093472787,2938.121381017826,2940.2705356159126
batch_017:462,10259.66733042245,10058.308841544085,9826.20280546668,9493.27211626323
batch_017:463,3151.3720230168533,3036.0556093472787,2938.121381017826,2940.2705356159126
batch_017:464,7435.800032025295,7247.154815490455,7081.420655444916,6812.724922679393
batch_017:465,7415.006868592956,7235.3602200465275,7069.304637203341,6797.669706314229
batch_017:466,3151.3720230168533,3036.0556093472787,2938.121381017826,2940.2705356159126
batch_017:467,3151.3720230168533,3036.0556093472787,2938.121381017826,2940.2705356159126
batch_017:468,3151.3720230168533,3036.0556093472787,2938.121381017826,2940.2705356159126
batch_017:469,3151.3720230168533,3036.0556093472787,2938.121381017826,2940.2705356159126
batch_017:470,4637.147770315836,4436.5737986551385,4121.5842900732505,3908.700843034675
batch_017:471,4606.457390824028,4417.615740435898,4104.62170760319,3896.0584520107263
batch_017:472,13960.437328305316,13382.08867146444,12423.702870066687,11310.776868922878
batch_017:473,3151.3720230168533,3036.0556093472787,2938.121381017826,2940.2705356159126
batch_017:474,3151.3720230168533,3036.0556093472787,2938.121381017826,2940.2705356159126
batch_017:475,6348.240002135831,6148.972993750043,5772.622117044079,5348.991752222308
batch_017:476,3151.3720230168533,3036.0556093472787,2938.121381017826,2940.2705356159126
batch_017:477,13960.653726776718,13379.079889481909,12425.316883518697,11314.291014142984
batch_017:478,3151.3720230168533,3036.0556093472787,2938.121381017826,2940.2705356159126
batch_017:479,13947.936358070008,13368.91268765858,12409.01526944212,11294.830111277563
batch_017:480,15000.702803921939,14181.06760503315,13238.873041180464,11916.246212241866
batch_017:481,14998.06974099147,14178.783712214092,13237.3683517568,11917.932279363982
batch_017:482,7415.359296421131,7237.934148777401,7073.4443834654585,6802.201902367926
batch_017:483,3151.3720230168533,3036.0556093472787,2938.121381017826,2940.2705356159126
batch_017:484,6337.552098358099,6137.687280511483,5763.712589265281,5341.20598223725
batch_017:485,4643.055473134128,4439.02233168015,4132.140007010923,3923.102929330875
batch_017:486,3151.3720230168533,3036.0556093472787,2938.121381017826,2940.2705356159126
batch_017:487,4619.323335694846,4424.318909030322,4108.397601073145,3899.761268743411
batch_017:488,3151.3720230168533,3036.0556093472787,2938.121381017826,2940.2705356159126
batch_017:489,7432.602073369442,7249.509743088341,7082.310071344997,6808.49125645373
batch_017:490,3151.3720230168533,3036.0556093472787,2938.121381017826,2940.2705356159126
batch_017:491,3151.3720230168533,3036.0556093472787,2938.121381017826,2940.2705356159126
batch_017:492,13976.595962831796,13394.875102135376,12430.697177629821,11314.714576384195
batch_017:493,4687.849357776896,4483.234818928548,4170.035263609169,3947.773035301211
batch_017:494,10237.773508154294,10040.350490305058,9807.206222637036,9475.973780955166
batch_017:495,7426.94728850746,7242.845462567834,7077.367439312831,6802.228850211841
batch_017:496,15007.285423338579,14187.003675896256,13244.723098710503,11921.83579875979
batch_017:497,15006.761155034876,14183.446808502742,13239.676360056175,11915.458685671107
batch_017:498,7407.023085447118,7226.651151036765,7058.1306711636535,6790.082451085768
batch_017:499,3151.3720230168533,3036.0556093472787,2938.121381017826,2940.2705356159126
batch_017:500,4589.680252996404,4396.105429023967,4096.161913501795,3898.5748699419996
batch_017:501,15007.708156345212,14186.250732626588,13239.261689502582,11918.192953580858
batch_017:502,14992.128287449917,14173.55177659903,13230.254943774486,11910.415996000294
batch_017:503,15029.970962031372,14200.370930222345,13257.1022632642,11933.937381628702
batch_017:504,15008.927242031601,14188.033472539257,13244.458927231986,11922.881767589886
batch_017:505,3151.3720230168533,3036.0556093472787,2938.121381017826,2940.2705356159126
batch_017:506,7418.837584916458,7232.032963570244,7061.630719664659,6791.585498892783
batch_017:507,10253.468724487851,10052.315554143917,9815.961842988472,9482.558494047702
batch_017:508,13957.791021172083,13377.61661942828,12420.60769017025,11307.909435600512
batch_017:509,3151.3720230168533,3036.0556093472787,2938.121381017826,2940.2705356159126
batch_017:510,3151.3720230168533,3036.0556093472787,2938.121381017826,2940.2705356159126
batch_017:511,7396.439586306571,7221.5042710049165,7055.116900331347,6788.28286712078
batch_017:512,3151.3720230168533,3036.0556093472787,2938.121381017826,2940.2705356159126
batch_017:513,3151.3720230168533,3036.0556093472787,2938.121381017826,2940.2705356159126
batch_017:514,3151.3720230168533,3036.0556093472787,2938.121381017826,2940.2705356159126
batch_017:515,7412.285518933239,7235.184309543909,7068.179141503031,6799.5404070712975
batch_017:516,3151.3720230168533,3036.0556093472787,2938.121381017826,2940.2705356159126
batch_017:517,3151.3720230168533,3036.0556093472787,2938.121381017826,2940.2705356159126
batch_017:518,3151.3720230168533,3036.0556093472787,2938.121381017826,2940.2705356159126
batch_017:519,6331.4789072028425,6134.129529062078,5763.772141989358,5344.030978735952
batch_017:520,6352.296730663138,6150.571126522338,5775.083485093671,5353.742400074058
batch_017:521,3151.3720230168533,3036.0556093472787,2938.121381017826,2940.2705356159126
batch_017:522,3151.3720230168533,3036.0556093472787,2938.121381017826,2940.2705356159126
batch_017:523,3151.3720230168533,3036.0556093472787,2938.121381017826,2940.2705356159126
batch_017:524,14989.341941865685,14171.338783689458,13227.3033351826,11907.685596212319
batch_017:525,3151.3720230168533,3036.0556093472787,2938.121381017826,2940.2705356159126
batch_017:526,3151.3720230168533,3036.0556093472787,2938.121381017826,2940.2705356159126
batch_017:527,10241.189397710108,10040.747728659273,9808.364076277212,9478.164733682599
batch_017:528,3151.3720230168533,3036.0556093472787,2938.121381017826,2940.2705356159126
batch_017:529,13965.691649116015,13385.565713560565,12424.829688946935,11311.353184433274
batch_017:530,3151.3720230168533,3036.0556093472787,2938.121381017826,2940.2705356159126
batch_017:531,15007.645665452104,14185.65954259997,13244.902184364393,11924.18348067421
batch_017:532,4661.664546987416,4451.236774185893,4137.34936351338,3925.5443377716115
batch_017:533,4658.671089980868,4452.620204280573,4138.980664274923,3925.2123177767858
batch_017:534,3151.3720230168533,3036.0556093472787,2938.121381017826,2940.2705356159126
batch_017:535,3151.3720230168533,3036.0556093472787,2938.121381017826,2940.2705356159126
batch_017:536,4605.489962254654,4411.9376689896435,4108.899484356405,3906.887040029866
batch_017:537,3151.3720230168533,3036.0556093472787,2938.121381017826,2940.2705356159126
batch_017:538,13967.211799328641,13381.793699877555,12416.181130690715,11301.679590571093
batch_017:539,3151.3720230168533,3036.0556093472787,2938.121381017826,2940.2705356159126
batch_017:540,3151.3720230168533,3036.0556093472787,2938.121381017826,2940.2705356159126
batch_017:541,3151.3720230168533,3036.0556093472787,2938.121381017826,2940.2705356159126
batch_017:542,3151.3720230168533,3036.0556093472787,2938.121381017826,2940.2705356159126
batch_017:543,3151.3720230168533,3036.0556093472787,2938.121381017826,2940.2705356159126
batch_017:544,14986.322540448005,14169.769916689962,13227.630990979784,11905.472605810852
batch_017:545,3151.3720230168533,3036.0556093472787,2938.121381017826,2940.2705356159126
batch_017:546,3151.3720230168533,3036.0556093472787,2938.121381017826,2940.2705356159126
batch_017:547,3151.3720230168533,3036.0556093472787,2938.121381017826,2940.2705356159126
batch_017:548,3151.3720230168533,3036.0556093472787,2938.121381017826,2940.2705356159126
batch_017:549,4634.1174249391515,4441.141464638503,4136.400306124879,3918.575878097332
batch_017:550,13964.703484677819,13383.638173584694,12423.281363388485,11308.818245042079
batch_017:551,3151.3720230168533,3036.0556093472787,2938.121381017826,2940.2705356159126
batch_017:552,6339.7146184026715,6139.436630735194,5764.263699511475,5342.306255623957
batch_017:553,3151.3720230168533,3036.0556093472787,2938.121381017826,2940.2705356159126
batch_017:554,4687.849357776896,4483.234818928548,4170.035263609169,3947.773035301211
batch_017:555,3151.3720230168533,3036.0556093472787,2938.121381017826,2940.2705356159126
batch_017:556,3151.3720230168533,3036.0556093472787,2938.121381017826,2940.2705356159126
batch_017:557,7434.5190967430135,7244.811756820698,7080.8713476330595,6812.967476828151
batch_017:558,3151.3720230168533,3036.0556093472787,2938.121381017826,2940.2705356159126
batch_017:559,3151.3720230168533,3036.0556093472787,2938.121381017826,2940.2705356159126
batch_017:560,3151.3720230168533,3036.0556093472787,2938.121381017826,2940.2705356159126
batch_017:561,6346.409134309572,6146.863541834859,5770.732792465029,5346.88175897199
batch_017:562,10241.183667699639,10043.239792580283,9814.369070377128,9484.352689083888
batch_017:563,3151.3720230168533,3036.0556093472787,2938.121381017826,2940.2705356159126
batch_017:564,3151.3720230168533,3036.0556093472787,2938.121381017826,2940.2705356159126
batch_017:565,3151.3720230168533,3036.0556093472787,2938.121381017826,2940.2705356159126
batch_017:566,3151.3720230168533,3036.0556093472787,2938.121381017826,2940.2705356159126
batch_017:567,3151.3720230168533,3036.0556093472787,2938.121381017826,2940.2705356159126
batch_017:568,13973.730733058355,13390.231089065986,12436.36490832116,11322.831278643122
batch_017:569,7400.073241210173,7224.026754778919,7055.224880117919,6785.735652606184
batch_017:570,7415.29214830272,7241.045010621909,7083.3118971521335,6824.909453059765
batch_017:571,6337.803531019538,6132.86314440411,5758.331346674146,5341.272898657217
batch_017:572,7425.636902256171,7245.187316665828,7084.359431455627,6813.367294908455
batch_017:573,3151.3720230168533,3036.0556093472787,2938.121381017826,2940.2705356159126
batch_017:574,3151.3720230168533,3036.0556093472787,2938.121381017826,2940.2705356159126
batch_017:575,14986.322540448005,14169.769916689962,13227.630990979784,11905.472605810852
batch_017:576,6345.631816998119,6151.266026976652,5777.437556969973,5355.684089469224
batch_017:577,6343.505390190005,6145.520078362647,5770.290278917016,5348.945259584982
batch_017:578,7421.7123953382825,7236.298770249831,7072.330672109864,6802.878373756848
batch_017:579,7427.111936987866,7249.864198182948,7087.629183277733,6823.216543593227
batch_017:580,3151.3720230168533,3036.0556093472787,2938.121381017826,2940.2705356159126
batch_017:581,6340.771354989564,6144.282426147107,5769.657834327441,5345.806006880573
batch_017:582,3151.3720230168533,3036.0556093472787,2938.121381017826,2940.2705356159126
batch_017:583,7405.230081878433,7227.237671482766,7060.312577762073,6788.209748172688
batch_017:584,6343.988029046324,6141.352060530339,5764.016417243095,5341.425074640208
batch_017:585,13977.497530106253,13394.683337154247,12429.382131633856,11314.319051957651
batch_017:586,3151.3720230168533,3036.0556093472787,2938.121381017826,2940.2705356159126
batch_017:587,4609.5463337146375,4412.703989992549,4102.726465317437,3898.1963430041073
batch_017:588,6333.030773244579,6133.981737001654,5760.461544605854,5338.3780537201055
batch_017:589,6335.65311362817,6134.93479686894,5764.213671644027,5340.623600587728
batch_017:590,4636.1845988448495,4435.04023586696,4122.885752815221,3913.3728806255863
batch_017:591,4607.787249908764,4415.775218579804,4109.21736810779,3906.363963995741
batch_017:592,7452.862178860694,7264.793208305741,7099.575464046949,6827.937956588373
batch_017:593,3151.3720230168533,3036.0556093472787,2938.121381017826,2940.2705356159126
batch_017:594,3151.3720230168533,3036.0556093472787,2938.121381017826,2940.2705356159126
batch_017:595,3151.3720230168533,3036.0556093472787,2938.121381017826,2940.2705356159126
batch_017:596,4646.787261363108,4442.906123873478,4134.5623131485,3920.853398694316
batch_017:597,3151.3720230168533,3036.0556093472787,2938.121381017826,2940.2705356159126
batch_017:598,10249.865766678953,10048.06308777688,9814.85979465124,9482.507448954411
batch_017:599,10259.54951072781,10059.110919107148,9823.846397974918,9488.859893505229
batch_017:600,3151.3720230168533,3036.0556093472787,2938.121381017826,2940.2705356159126
batch_017:601,3151.3720230168533,3036.0556093472787,2938.121381017826,2940.2705356159126
batch_017:602,14995.78334739636,14175.711429052291,13238.043787891536,11919.518447779381
batch_017:603,13975.219415558546,13392.651114885211,12425.117694306819,11309.797911208374
batch_017:604,4604.796953869827,4414.863487609741,4108.291442787835,3903.199310419027
batch_017:605,3151.3720230168533,3036.0556093472787,2938.121381017826,2940.2705356159126
batch_017:606,3151.3720230168533,3036.0556093472787,2938.121381017826,2940.2705356159126
batch_017:607,3151.3720230168533,3036.0556093472787,2938.121381017826,2940.2705356159126
batch_017:608,10259.877530164877,10062.879127291348,9834.53119200553,9499.351708124213
batch_017:609,3151.3720230168533,3036.0556093472787,2938.121381017826,2940.2705356159126
batch_017:610,7426.4990253540645,7236.403600642774,7060.738175281136,6785.776684175572
batch_017:611,14986.708339574952,14171.024226265072,13229.500478706355,11909.228143393633
batch_017:612,3151.3720230168533,3036.0556093472787,2938.121381017826,2940.2705356159126
batch_017:613,15003.350928512333,14179.225267961701,13239.656177818448,11919.181460109627
batch_017:614,7401.273093526796,7222.156941473846,7061.8049050774425,6796.599810955365
batch_017:615,15002.630597562402,14182.459506428506,13242.578509378462,11920.5025136845
batch_017:616,15006.281050784633,14181.183095517383,13240.35321729202,11918.749527152995
batch_017:617,10252.826160957295,10053.888760312888,9817.277987259877,9482.488707749066
batch_017:618,3151.3720230168533,3036.0556093472787,2938.121381017826,2940.2705356159126
batch_017:619,3151.3720230168533,3036.0556093472787,2938.121381017826,2940.2705356159126
batch_017:620,3151.3720230168533,3036.0556093472787,2938.121381017826,2940.2705356159126
batch_017:621,3151.3720230168533,3036.0556093472787,2938.121381017826,2940.2705356159126
batch_017:622,4696.724811134149,4488.153748340374,4175.0196920032895,3953.7610265375524
batch_017:623,7418.943956099021,7241.40321491896,7073.904207169231,6801.965531060963
batch_017:624,7407.900315926194,7232.267298179583,7067.496020014718,6796.77216660035
batch_017:625,3151.3720230168533,3036.0556093472787,2938.121381017826,2940.2705356159126
batch_017:626,10257.668241384,10056.319236974117,9817.173236509256,9484.241156800224
batch_017:627,3151.3720230168533,3036.0556093472787,2938.121381017826,2940.2705356159126
batch_017:628,13963.170064741817,13384.733447850249,12427.614297978424,11314.716626390893
batch_017:629,10240.96897492669,10040.143304584462,9810.055376223436,9481.670641594455
batch_017:630,7420.807285451278,7243.94999647842,7085.768358790593,6828.097303421036
batch_017:631,15006.761155034876,14183.446808502742,13239.676360056175,11915.458685671107
batch_017:632,3151.3720230168533,3036.0556093472787,2938.121381017826,2940.2705356159126
batch_017:633,6348.877413267956,6146.972992907825,5770.586098921258,5348.034752844692
batch_017:634,10248.18772473869,10048.978106903354,9819.047708483302,9487.566663637688
batch_017:635,6341.883478256529,6139.585611340518,5763.945309654367,5340.88500881033
batch_017:636,13966.121488507835,13382.810105882643,12415.604825316219,11301.8375577951
batch_017:637,10257.225918646121,10056.139116704362,9824.305585983611,9489.913024997915
batch_017:638,3151.3720230168533,3036.0556093472787,2938.121381017826,2940.2705356159126
batch_017:639,3151.3720230168533,3036.0556093472787,2938.121381017826,2940.2705356159126
batch_017:640,7405.316476401025,7228.722733229965,7067.819325854333,6807.703481032847
batch_017:641,3151.3720230168533,3036.0556093472787,2938.121381017826,2940.2705356159126
batch_017:642,3151.3720230168533,3036.0556093472787,2938.121381017826,2940.2705356159126
batch_017:643,13969.180452659639,13390.080090609077,12431.824897100403,11314.815170914437
batch_017:644,3151.3720230168533,3036.0556093472787,2938.121381017826,2940.2705356159126
batch_017:645,15009.366230929132,14188.021879096212,13242.169437624538,11921.805182043157
batch_017:646,3151.3720230168533,3036.0556093472787,2938.121381017826,2940.2705356159126
batch_017:647,3151.3720230168533,3036.0556093472787,2938.121381017826,2940.2705356159126
batch_017:648,3151.3720230168533,3036.0556093472787,2938.121381017826,2940.2705356159126
batch_017:649,3151.3720230168533,3036.0556093472787,2938.121381017826,2940.2705356159126
batch_017:650,3151.3720230168533,3036.0556093472787,2938.121381017826,2940.2705356159126
batch_017:651,7398.575342708728,7222.031411473136,7056.262856257719,6786.026833606244
batch_017:652,3151.3720230168533,3036.0556093472787,2938.121381017826,2940.2705356159126
batch_017:653,3151.3720230168533,3036.0556093472787,2938.121381017826,2940.2705356159126
batch_017:654,6342.905998884415,6144.258348365639,5771.254675909577,5348.515225899471
batch_017:655,7407.559687240469,7231.754839425894,7068.822908344419,6800.315177366145
batch_017:656,3151.3720230168533,3036.0556093472787,2938.121381017826,2940.2705356159126
batch_017:657,10248.328100321753,10046.399738070748,9812.646974671678,9480.755729092358
batch_017:658,14989.415600527791,14173.710838966452,13231.337185962884,11911.894148001924
batch_017:659,7396.439586306571,7221.5042710049165,7055.116900331347,6788.28286712078
batch_017:660,10256.512362566567,10054.132731661786,9814.64475278565,9477.987428761575
batch_017:661,3151.3720230168533,3036.0556093472787,2938.121381017826,2940.2705356159126
batch_017:662,10248.007077017053,10045.95385727177,9814.781410767417,9484.329261802515
batch_017:663,10250.357858335188,10048.553305927224,9820.819743834983,9492.50397812229
batch_017:664,3151.3720230168533,3036.0556093472787,2938.121381017826,2940.2705356159126
batch_017:665,6353.766260020071,6153.168606586426,5777.459913478853,5350.027203999529
batch_017:666,3151.3720230168533,3036.0556093472787,2938.121381017826,2940.2705356159126
batch_017:667,3151.3720230168533,3036.0556093472787,2938.121381017826,2940.2705356159126
batch_017:668,3151.3720230168533,3036.0556093472787,2938.121381017826,2940.2705356159126
batch_017:669,3151.3720230168533,3036.0556093472787,2938.121381017826,2940.2705356159126
batch_017:670,3151.3720230168533,3036.0556093472787,2938.121381017826,2940.2705356159126
batch_017:671,3151.3720230168533,3036.0556093472787,2938.121381017826,2940.2705356159126
batch_017:672,3151.3720230168533,3036.0556093472787,2938.121381017826,2940.2705356159126
batch_017:673,3151.3720230168533,3036.0556093472787,2938.121381017826,2940.2705356159126
batch_017:674,15001.909758010619,14180.9359420105,13239.929332441381,11916.218798224196
batch_017:675,13958.168959471343,13377.42847724696,12412.062193346384,11300.086692340796
batch_017:676,3151.3720230168533,3036.0556093472787,2938.121381017826,2940.2705356159126
batch_017:677,4627.364494940357,4428.784376045523,4117.240679091138,3909.6587091252454
batch_017:678,3151.3720230168533,3036.0556093472787,2938.121381017826,2940.2705356159126
batch_017:679,13954.88663582814,13374.767848677811,12422.496115751053,11309.236061988824
batch_017:680,13970.214850275781,13392.887623292114,12433.85605282664,11319.02578991352
batch_017:681,3151.3720230168533,3036.0556093472787,2938.121381017826,2940.2705356159126
batch_017:682,3151.3720230168533,3036.0556093472787,2938.121381017826,2940.2705356159126
batch_017:683,15011.779008749818,14187.346739779085,13245.334407962484,11923.822731254271
batch_017:684,3151.3720230168533,3036.0556093472787,2938.121381017826,2940.2705356159126
batch_017:685,3151.3720230168533,3036.0556093472787,2938.121381017826,2940.2705356159126
batch_017:686,14988.961348169258,14174.642190437822,13232.800745493148,11912.075580642955
batch_017:687,3151.3720230168533,3036.0556093472787,2938.121381017826,2940.2705356159126
batch_017:688,3151.3720230168533,3036.0556093472787,2938.121381017826,2940.2705356159126
batch_017:689,13940.804933272735,13360.824643223197,12404.021155759447,11293.135735256004
batch_017:690,10246.462785736152,10049.013618633604,9818.400666165884,9486.845764232341
batch_017:691,3151.3720230168533,3036.0556093472787,2938.121381017826,2940.2705356159126
batch_017:692,6341.1502474553845,6139.299284133831,5763.052681873434,5340.615938083544
batch_017:693,3151.3720230168533,3036.0556093472787,2938.121381017826,2940.2705356159126
batch_017:694,10261.421766959711,10059.247627704412,9818.268969939678,9481.161103982471
batch_017:695,3151.3720230168533,3036.0556093472787,2938.121381017826,2940.2705356159126
batch_017:696,7427.8374662273045,7243.68456589411,7077.398375521003,6805.729442476715
batch_017:697,7437.292247269992,7243.709980682144,7072.35886205476,6799.716961287466
batch_017:698,10244.75971854086,10042.278092300898,9810.199029783374,9479.96518902365
batch_017:699,3151.3720230168533,3036.0556093472787,2938.121381017826,2940.2705356159126
batch_017:700,3151.3720230168533,3036.0556093472787,2938.121381017826,2940.2705356159126
batch_017:701,4632.9979594980405,4433.989453871669,4126.4428366733955,3917.095279778382
batch_017:702,7423.2027947054785,7239.823921952772,7075.452852452771,6802.423816286749
batch_017:703,10256.412607140302,10053.65247460809,9816.366706211937,9484.15088355693
batch_017:704,13957.02680212745,13374.318820928434,12416.781103848061,11304.166075226942
batch_017:705,3151.3720230168533,3036.0556093472787,2938.121381017826,2940.2705356159126
batch_017:706,3151.3720230168533,3036.0556093472787,2938.121381017826,2940.2705356159126
batch_017:707,13961.95506576867,13380.843188866154,12420.013794670733,11304.894533810633
batch_017:708,3151.3720230168533,3036.0556093472787,2938.121381017826,2940.2705356159126
batch_017:709,3151.3720230168533,3036.0556093472787,2938.121381017826,2940.2705356159126
batch_017:710,3151.3720230168533,3036.0556093472787,2938.121381017826,2940.2705356159126
batch_017:711,7457.6729250543285,7264.222746349286,7098.699271161056,6823.655072825964
batch_017:712,6344.224794887201,6147.458306333746,5773.070145913942,5350.397501492486
batch_017:713,3151.3720230168533,3036.0556093472787,2938.121381017826,2940.2705356159126
batch_017:714,3151.3720230168533,3036.0556093472787,2938.121381017826,2940.2705356159126
batch_017:715,3151.3720230168533,3036.0556093472787,2938.121381017826,2940.2705356159126
batch_017:716,3151.3720230168533,3036.0556093472787,2938.121381017826,2940.2705356159126
batch_017:717,13953.48041035351,13372.07142099711,12409.341320146315,11294.981847310712
batch_017:718,7429.0422600602815,7245.468868234806,7077.261313141944,6804.095371665259
batch_017:719,6351.507879336434,6148.157159766795,5770.327047858984,5346.665764601155
batch_017:720,3151.3720230168533,3036.0556093472787,2938.121381017826,2940.2705356159126
batch_017:721,6346.950692927213,6145.121443315613,5769.501075154157,5345.47546793739
batch_017:722,14995.78334739636,14175.711429052291,13238.043787891536,11919.518447779381
batch_017:723,3151.3720230168533,3036.0556093472787,2938.121381017826,2940.2705356159126
batch_017:724,3151.3720230168533,3036.0556093472787,2938.121381017826,2940.2705356159126
batch_017:725,13958.363290261774,13379.924368366597,12423.140456768211,11308.79715013187
batch_017:726,10241.779738597834,10040.325207241018,9805.047767186166,9475.120809374968
batch_017:727,3151.3720230168533,3036.0556093472787,2938.121381017826,2940.2705356159126
batch_017:728,3151.3720230168533,3036.0556093472787,2938.121381017826,2940.2705356159126
batch_017:729,14997.007773966621,14177.57226775196,13235.508849539117,11916.34391289266
batch_017:730,3151.3720230168533,3036.0556093472787,2938.121381017826,2940.2705356159126
batch_017:731,10251.305994859658,10051.541432141415,9818.060986501092,9484.640537978292
batch_017:732,10261.39318715535,10057.480191114892,9822.568921771246,9488.144689659857
batch_017:733,10249.57927884386,10050.686897951582,9819.197081437072,9489.718155035014
batch_017:734,3151.3720230168533,3036.0556093472787,2938.121381017826,2940.2705356159126
batch_017:735,3151.3720230168533,3036.0556093472787,2938.121381017826,2940.2705356159126
batch_017:736,10235.183054304898,10038.300026489454,9805.002157443028,9475.979802850481
batch_017:737,10244.394172919783,10044.440337725015,9817.663279282198,9486.11805209414
batch_017:738,3151.3720230168533,3036.0556093472787,2938.121381017826,2940.2705356159126
batch_017:739,10256.835353595825,10057.075159656179,9819.52018070014,9485.649889151187
batch_017:740,4660.1969529558855,4454.448221822844,4141.635794353903,3927.2923507415535
batch_017:741,7413.900478576027,7234.269417338214,7070.655795882212,6800.479080169338
batch_017:742,13957.970049477566,13382.321872098277,12422.298722916521,11308.605177358211
batch_017:743,3151.3720230168533,3036.0556093472787,2938.121381017826,2940.2705356159126
batch_017:744,3151.3720230168533,3036.0556093472787,2938.121381017826,2940.2705356159126
batch_017:745,3151.3720230168533,3036.0556093472787,2938.121381017826,2940.2705356159126
batch_017:746,7408.205778852485,7229.462125974576,7066.022398290494,6800.037761873359
batch_017:747,3151.3720230168533,3036.0556093472787,2938.121381017826,2940.2705356159126
batch_017:748,4610.72221135676,4419.5061024705465,4114.486664008566,3909.019434857395
batch_017:749,3151.3720230168533,3036.0556093472787,2938.121381017826,2940.2705356159126
batch_017:750,10249.245957453651,10047.607695547733,9817.13854980902,9486.49682200803
batch_017:751,3151.3720230168533,3036.0556093472787,2938.121381017826,2940.2705356159126
batch_017:752,3151.3720230168533,3036.0556093472787,2938.121381017826,2940.2705356159126
batch_017:753,3151.3720230168533,3036.0556093472787,2938.121381017826,2940.2705356159126
batch_017:754,10255.564257501195,10055.457950629901,9828.127566956466,9496.227556903656
batch_017:755,3151.3720230168533,3036.0556093472787,2938.121381017826,2940.2705356159126
batch_017:756,6341.846567283481,6143.148115563443,5766.338092870183,5344.979131742025
batch_017:757,3151.3720230168533,3036.0556093472787,2938.121381017826,2940.2705356159126
batch_017:758,10257.91235475078,10058.682789907034,9827.392867351784,9495.846951084379
batch_017:759,14992.618880267633,14176.030688646102,13230.819087478185,11910.537495686749
batch_017:760,3151.3720230168533,3036.0556093472787,2938.121381017826,2940.2705356159126
batch_017:761,3151.3720230168533,3036.0556093472787,2938.121381017826,2940.2705356159126
batch_017:762,3151.3720230168533,3036.0556093472787,2938.121381017826,2940.2705356159126
batch_017:763,10263.205132201667,10063.677696646062,9831.646758923238,9495.21847235506
batch_017:764,3151.3720230168533,3036.0556093472787,2938.121381017826,2940.2705356159126
batch_017:765,3151.3720230168533,3036.0556093472787,2938.121381017826,2940.2705356159126
batch_017:766,7419.955902558596,7238.443408612606,7073.435079048486,6796.884440058406
batch_017:767,13981.325653271442,13400.07339156144,12434.35129973736,11320.110467512082
batch_017:768,13963.062170301493,13379.51078779781,12420.473720279117,11307.495944980494
batch_017:769,3151.3720230168533,3036.0556093472787,2938.121381017826,2940.2705356159126
batch_017:770,13955.15176235983,13374.187534935541,12414.477562147302,11301.644150410571
batch_017:771,7422.257351038837,7242.320015633966,7074.912757338114,6804.794037349259
batch_017:772,7394.435978560195,7217.985312645787,7055.856287336466,6789.66499954324
batch_017:773,3151.3720230168533,3036.0556093472787,2938.121381017826,2940.2705356159126
batch_017:774,3151.3720230168533,3036.0556093472787,2938.121381017826,2940.2705356159126
batch_017:775,7444.554936274017,7256.002245892553,7091.116723234702,6819.17314579035
batch_017:776,3151.3720230168533,3036.0556093472787,2938.121381017826,2940.2705356159126
batch_017:777,3151.3720230168533,3036.0556093472787,2938.121381017826,2940.2705356159126
batch_017:778,4606.457390824028,4417.615740435898,4104.62170760319,3896.0584520107263
batch_017:779,14995.76777786625,14179.603975450524,13238.757801665675,11916.717693015235
batch_017:780,6346.131374625705,6149.661706113886,5775.987416104711,5352.838637791273
batch_017:781,7401.073512448541,7221.6438119201175,7058.147312148731,6788.440555640567
batch_017:782,3151.3720230168533,3036.0556093472787,2938.121381017826,2940.2705356159126
batch_017:783,15000.30278628656,14180.558101212937,13239.723243467362,11920.64088609727
batch_017:784,3151.3720230168533,3036.0556093472787,2938.121381017826,2940.2705356159126
batch_017:785,10257.686500912345,10057.85427159077,9822.072441335458,9487.401229788951
batch_017:786,3151.3720230168533,3036.0556093472787,2938.121381017826,2940.2705356159126
batch_017:787,6343.453137767791,6141.048554595083,5765.588915661818,5343.49169341446
batch_017:788,3151.3720230168533,3036.0556093472787,2938.121381017826,2940.2705356159126
batch_017:789,7418.943956099021,7241.40321491896,7073.904207169231,6801.965531060963
batch_017:790,13960.534184358456,13380.340413868149,12426.961230805631,11314.642675026567
batch_017:791,6341.217711094689,6138.478890389062,5763.94046366735,5343.07013989573
batch_017:792,3151.3720230168533,3036.0556093472787,2938.121381017826,2940.2705356159126
batch_017:793,14998.093840951113,14180.755611393433,13241.646233744897,11919.087413155075
batch_017:794,3151.3720230168533,3036.0556093472787,2938.121381017826,2940.2705356159126
batch_017:795,13962.390059402935,13381.899273517789,12423.55490893127,11309.562010539474
batch_017:796,3151.3720230168533,3036.0556093472787,2938.121381017826,2940.2705356159126
batch_017:797,7431.879872612575,7244.224477239516,7075.580995384818,6798.293120021216
batch_017:798,13967.749340106533,13386.892919957783,12433.686701096976,11319.266331423154
batch_017:799,3151.3720230168533,3036.0556093472787,2938.121381017826,2940.2705356159126
batch_017:800,15002.562159670546,14182.008018138004,13239.022585741179,11916.580498582369
batch_017:801,10256.512362566567,10054.132731661786,9814.64475278565,9477.987428761575
batch_017:802,4650.91923262411,4448.60314681041,4134.76643450389,3922.7229701748365
batch_017:803,3151.3720230168533,3036.0556093472787,2938.121381017826,2940.2705356159126
batch_017:804,3151.3720230168533,3036.0556093472787,2938.121381017826,2940.2705356159126
batch_017:805,3151.3720230168533,3036.0556093472787,2938.121381017826,2940.2705356159126
batch_017:806,13961.21989432978,13379.796197960535,12417.618615814321,11307.692744411594
batch_017:807,3151.3720230168533,3036.0556093472787,2938.121381017826,2940.2705356159126
batch_017:808,3151.3720230168533,3036.0556093472787,2938.121381017826,2940.2705356159126
batch_017:809,14997.007773966621,14177.57226775196,13235.508849539117,11916.34391289266
batch_017:810,13966.121488507835,13382.810105882643,12415.604825316219,11301.8375577951
batch_017:811,3151.3720230168533,3036.0556093472787,2938.121381017826,2940.2705356159126
batch_017:812,4664.213551606882,4459.885701828231,4144.751328205301,3928.1076200548905
batch_017:813,3151.3720230168533,3036.0556093472787,2938.121381017826,2940.2705356159126
batch_017:814,6352.925138899368,6153.016094695498,5777.628356596352,5352.350226782277
batch_017:815,7392.840321655627,7215.192393640099,7048.571357165785,6777.707586100968
batch_017:816,3151.3720230168533,3036.0556093472787,2938.121381017826,2940.2705356159126
batch_017:817,3151.3720230168533,3036.0556093472787,2938.121381017826,2940.2705356159126
batch_017:818,3151.3720230168533,3036.0556093472787,2938.121381017826,2940.2705356159126
batch_017:819,4603.1060696656095,4412.091954588039,4106.699311502263,3900.4300426321965
batch_017:820,3151.3720230168533,3036.0556093472787,2938.121381017826,2940.2705356159126
batch_017:821,3151.3720230168533,3036.0556093472787,2938.121381017826,2940.2705356159126
batch_017:822,3151.3720230168533,3036.0556093472787,2938.121381017826,2940.2705356159126
batch_017:823,10250.928324646333,10052.837961586994,9819.21595961925,9487.307531143242
batch_017:824,13958.371221634892,13375.926358480108,12416.485313678797,11303.133992322779
batch_017:825,3151.3720230168533,3036.0556093472787,2938.121381017826,2940.2705356159126
batch_017:826,3151.3720230168533,3036.0556093472787,2938.121381017826,2940.2705356159126
batch_017:827,15000.70210069934,14179.488374440929,13239.283012884243,11917.93682009057
batch_017:828,3151.3720230168533,3036.0556093472787,2938.121381017826,2940.2705356159126
batch_017:829,13946.131499785004,13365.772068684375,12408.729324971606,11294.9193183342
batch_017:830,3151.3720230168533,3036.0556093472787,2938.121381017826,2940.2705356159126
batch_017:831,3151.3720230168533,3036.0556093472787,2938.121381017826,2940.2705356159126
batch_017:832,6334.8451960786215,6137.750717611258,5764.197673240622,5343.4690630288205
batch_017:833,7415.574561239252,7239.743664933514,7076.112931950477,6804.109619520197
batch_017:834,6334.762488602466,6137.03541615273,5764.141801037909,5342.702048227913
batch_017:835,3151.3720230168533,3036.0556093472787,2938.121381017826,2940.2705356159126
batch_017:836,4606.813302752935,4412.984467475822,4103.105498286428,3898.6056455330313
batch_017:837,13966.98434653712,13391.090771670984,12432.436537114361,11320.084100292657
batch_017:838,3151.3720230168533,3036.0556093472787,2938.121381017826,2940.2705356159126
batch_017:839,3151.3720230168533,3036.0556093472787,2938.121381017826,2940.2705356159126
batch_017:840,3151.3720230168533,3036.0556093472787,2938.121381017826,2940.2705356159126
batch_017:841,3151.3720230168533,3036.0556093472787,2938.121381017826,2940.2705356159126
batch_017:842,3151.3720230168533,3036.0556093472787,2938.121381017826,2940.2705356159126
batch_017:843,15005.442975844764,14183.362198064766,13248.251407421752,11928.087249572864
batch_017:844,6344.029226817041,6142.007471635548,5766.709452312169,5342.352868366143
batch_017:845,15006.35187094932,14183.34033765155,13239.16870166106,11918.128867314119
batch_017:846,3151.3720230168533,3036.0556093472787,2938.121381017826,2940.2705356159126
batch_017:847,4661.664546987416,4451.236774185893,4137.34936351338,3925.5443377716115
batch_017:848,14999.925370693461,14180.654121493284,13243.885576670757,11922.528142784126
batch_017:849,3151.3720230168533,3036.0556093472787,2938.121381017826,2940.2705356159126
batch_017:850,3151.3720230168533,3036.0556093472787,2938.121381017826,2940.2705356159126
batch_017:851,3151.3720230168533,3036.0556093472787,2938.121381017826,2940.2705356159126
batch_017:852,3151.3720230168533,3036.0556093472787,2938.121381017826,2940.2705356159126
batch_017:853,15003.633452138249,14182.730959929118,13238.207676521022,11916.153014900945
batch_017:854,3151.3720230168533,3036.0556093472787,2938.121381017826,2940.2705356159126
batch_017:855,3151.3720230168533,3036.0556093472787,2938.121381017826,2940.2705356159126
batch_017:856,14997.223719257729,14175.781778369172,13228.665649106582,11910.285904919316
batch_017:857,3151.3720230168533,3036.0556093472787,2938.121381017826,2940.2705356159126
batch_017:858,3151.3720230168533,3036.0556093472787,2938.121381017826,2940.2705356159126
batch_017:859,3151.3720230168533,3036.0556093472787,2938.121381017826,2940.2705356159126
batch_017:860,6341.4222319765895,6145.072679056394,5769.33843905988,5349.525253765402
batch_017:861,3151.3720230168533,3036.0556093472787,2938.121381017826,2940.2705356159126
batch_017:862,3151.3720230168533,3036.0556093472787,2938.121381017826,2940.2705356159126
batch_017:863,7413.062380350714,7229.035946964132,7060.4256222364065,6793.980684159593
batch_017:864,3151.3720230168533,3036.0556093472787,2938.121381017826,2940.2705356159126
batch_017:865,3151.3720230168533,3036.0556093472787,2938.121381017826,2940.2705356159126
batch_017:866,3151.3720230168533,3036.0556093472787,2938.121381017826,2940.2705356159126
batch_017:867,3151.3720230168533,3036.0556093472787,2938.121381017826,2940.2705356159126
batch_017:868,4631.958157654083,4430.819368754603,4120.813761497591,3914.404271443464
batch_017:869,6333.374565432703,6134.967036888543,5763.022829353081,5341.7846818812
batch_017:870,3151.3720230168533,3036.0556093472787,2938.121381017826,2940.2705356159126
batch_017:871,10257.554806016287,10057.136161546052,9822.509061216238,9492.028479496508
batch_017:872,3151.3720230168533,3036.0556093472787,2938.121381017826,2940.2705356159126
batch_017:873,3151.3720230168533,3036.0556093472787,2938.121381017826,2940.2705356159126
batch_017:874,3151.3720230168533,3036.0556093472787,2938.121381017826,2940.2705356159126
batch_017:875,3151.3720230168533,3036.0556093472787,2938.121381017826,2940.2705356159126
batch_017:876,4613.252691824717,4410.981221793647,4102.38078940704,3900.1708493541814
batch_017:877,13965.028250250962,13385.656684535905,12425.302609157805,11311.559623966967
batch_017:878,3151.3720230168533,3036.0556093472787,2938.121381017826,2940.2705356159126
batch_017:879,4622.141408931217,4426.734229983807,4118.137899443615,3908.4526842005394
batch_017:880,3151.3720230168533,3036.0556093472787,2938.121381017826,2940.2705356159126
batch_017:881,13958.602264954006,13379.968177121102,12418.366091326792,11305.378375847491
batch_017:882,3151.3720230168533,3036.0556093472787,2938.121381017826,2940.2705356159126
batch_017:883,6338.786657159756,6138.128964144251,5763.2333899558525,5339.781315025513
batch_017:884,3151.3720230168533,3036.0556093472787,2938.121381017826,2940.2705356159126
batch_017:885,13960.006214190911,13380.169646210812,12423.155619221969,11309.770185528912
batch_017:886,3151.3720230168533,3036.0556093472787,2938.121381017826,2940.2705356159126
batch_017:887,13962.205848074713,13382.966550892921,12428.55471070555,11314.35068052492
batch_017:888,3151.3720230168533,3036.0556093472787,2938.121381017826,2940.2705356159126
batch_017:889,10248.948418133617,10047.270545492249,9807.372718251336,9475.228399995214
batch_017:890,3151.3720230168533,3036.0556093472787,2938.121381017826,2940.2705356159126
batch_017:891,3151.3720230168533,3036.0556093472787,2938.121381017826,2940.2705356159126
batch_017:892,3151.3720230168533,3036.0556093472787,2938.121381017826,2940.2705356159126
batch_017:893,7419.955902558596,7238.443408612606,7073.435079048486,6796.884440058406
batch_017:894,3151.3720230168533,3036.0556093472787,2938.121381017826,2940.2705356159126
batch_017:895,14999.563659787496,14180.431386321794,13240.060760352017,11919.257517763626
batch_017:896,3151.3720230168533,3036.0556093472787,2938.121381017826,2940.2705356159126
batch_017:897,10237.773508154294,10040.350490305058,9807.206222637036,9475.973780955166
batch_017:898,3151.3720230168533,3036.0556093472787,2938.121381017826,2940.2705356159126
batch_017:899,3151.3720230168533,3036.0556093472787,2938.121381017826,2940.2705356159126
batch_017:900,4614.909716451529,4418.394300322989,4107.675514445259,3903.020499654858
batch_017:901,3151.3720230168533,3036.0556093472787,2938.121381017826,2940.2705356159126
batch_017:902,3151.3720230168533,3036.0556093472787,2938.121381017826,2940.2705356159126
batch_017:903,3151.3720230168533,3036.0556093472787,2938.121381017826,2940.2705356159126
batch_017:904,4657.702763314717,4454.0799231567835,4146.940629307737,3932.7515013801317
batch_017:905,3151.3720230168533,3036.0556093472787,2938.121381017826,2940.2705356159126
batch_017:906,13964.952040200638,13386.634883364706,12429.541210044188,11315.35783381702
batch_017:907,3151.3720230168533,3036.0556093472787,2938.121381017826,2940.2705356159126
batch_017:908,7414.123735668237,7235.123605330111,7072.501745045522,6804.214672249502
batch_017:909,3151.3720230168533,3036.0556093472787,2938.121381017826,2940.2705356159126
batch_017:910,3151.3720230168533,3036.0556093472787,2938.121381017826,2940.2705356159126
batch_017:911,7416.488666188864,7235.379996399405,7069.391411311328,6797.546459736577
batch_017:912,3151.3720230168533,3036.0556093472787,2938.121381017826,2940.2705356159126
batch_017:913,15004.16228093633,14180.819637148401,13238.819856514265,11917.193006259373
batch_017:914,3151.3720230168533,3036.0556093472787,2938.121381017826,2940.2705356159126
batch_017:915,4620.533911968594,4421.068951175735,4107.229831340972,3902.708327011337
batch_017:916,4588.017717110799,4397.674454147502,4097.858502759469,3897.7038452620827
batch_017:917,3151.3720230168533,3036.0556093472787,2938.121381017826,2940.2705356159126
batch_017:918,3151.3720230168533,3036.0556093472787,2938.121381017826,2940.2705356159126
batch_017:919,14999.389940760082,14179.934290867795,13238.029335844802,11917.799900152226
batch_017:920,3151.3720230168533,3036.0556093472787,2938.121381017826,2940.2705356159126
batch_017:921,14997.743845726374,14177.126451187774,13239.187740452086,11918.190848960598
batch_017:922,3151.3720230168533,3036.0556093472787,2938.121381017826,2940.2705356159126
batch_017:923,3151.3720230168533,3036.0556093472787,2938.121381017826,2940.2705356159126
batch_017:924,6337.2391075640435,6137.627506763878,5765.633348974234,5344.42998931558
batch_017:925,3151.3720230168533,3036.0556093472787,2938.121381017826,2940.2705356159126
batch_017:926,13966.422556470041,13385.041260811518,12424.284326669565,11311.600208146832
batch_017:927,4651.40188876418,4449.046462339506,4133.964963880931,3919.8997812489015
batch_017:928,3151.3720230168533,3036.0556093472787,2938.121381017826,2940.2705356159126
batch_017:929,3151.3720230168533,3036.0556093472787,2938.121381017826,2940.2705356159126
batch_017:930,3151.3720230168533,3036.0556093472787,2938.121381017826,2940.2705356159126
batch_017:931,3151.3720230168533,3036.0556093472787,2938.121381017826,2940.2705356159126
batch_017:932,3151.3720230168533,3036.0556093472787,2938.121381017826,2940.2705356159126
batch_017:933,3151.3720230168533,3036.0556093472787,2938.121381017826,2940.2705356159126
batch_017:934,3151.3720230168533,3036.0556093472787,2938.121381017826,2940.2705356159126
batch_017:935,3151.3720230168533,3036.0556093472787,2938.121381017826,2940.2705356159126
batch_017:936,3151.3720230168533,3036.0556093472787,2938.121381017826,2940.2705356159126
batch_017:937,3151.3720230168533,3036.0556093472787,2938.121381017826,2940.2705356159126
batch_017:938,3151.3720230168533,3036.0556093472787,2938.121381017826,2940.2705356159126
batch_017:939,3151.3720230168533,3036.0556093472787,2938.121381017826,2940.2705356159126
batch_017:940,3151.3720230168533,3036.0556093472787,2938.121381017826,2940.2705356159126
batch_017:941,3151.3720230168533,3036.0556093472787,2938.121381017826,2940.2705356159126
batch_017:942,10256.57866364899,10057.546290200204,9822.220470591632,9491.400379990404
batch_017:943,3151.3720230168533,3036.0556093472787,2938.121381017826,2940.2705356159126
batch_017:944,3151.3720230168533,3036.0556093472787,2938.121381017826,2940.2705356159126
batch_017:945,3151.3720230168533,3036.0556093472787,2938.121381017826,2940.2705356159126
batch_017:946,3151.3720230168533,3036.0556093472787,2938.121381017826,2940.2705356159126
batch_017:947,6338.976244329886,6140.562748582392,5761.989341257409,5343.362906560675
batch_017:948,3151.3720230168533,3036.0556093472787,2938.121381017826,2940.2705356159126
batch_017:949,14999.389940760082,14179.934290867795,13238.029335844802,11917.799900152226
batch_017:950,3151.3720230168533,3036.0556093472787,2938.121381017826,2940.2705356159126
batch_017:951,15005.018444841426,14182.183052784416,13240.807115759735,11919.356140476115
batch_017:952,4593.275973676766,4397.467350462866,4092.7781739621482,3893.7604578022583
batch_017:953,3151.3720230168533,3036.0556093472787,2938.121381017826,2940.2705356159126
batch_017:954,3151.3720230168533,3036.0556093472787,2938.121381017826,2940.2705356159126
batch_017:955,13969.250898954311,13383.553332514937,12418.63759924136,11303.725886120721
batch_017:956,7403.921924461071,7227.4432213213,7057.989010864392,6785.170843109133
batch_017:957,3151.3720230168533,3036.0556093472787,2938.121381017826,2940.2705356159126
batch_017:958,10257.91235475078,10058.682789907034,9827.392867351784,9495.846951084379
batch_017:959,3151.3720230168533,3036.0556093472787,2938.121381017826,2940.2705356159126
batch_017:960,15017.374082645714,14190.89277664786,13252.319068988867,11929.332783470323
batch_017:961,4632.765767934682,4430.218105694768,4127.147597573987,3916.0116562355
batch_017:962,10261.080073432195,10061.058397557099,9827.329990543889,9495.030726629655
batch_017:963,3151.3720230168533,3036.0556093472787,2938.121381017826,2940.2705356159126
batch_017:964,15003.089886804419,14181.37415891783,13240.74577145982,11920.026548854556
batch_017:965,7421.059974025886,7241.05901237702,7074.280706823867,6802.17615519318
batch_017:966,10256.412607140302,10053.65247460809,9816.366706211937,9484.15088355693
batch_017:967,14998.486648106396,14178.64981404567,13241.785816775908,11923.303572575984
batch_017:968,3151.3720230168533,3036.0556093472787,2938.121381017826,2940.2705356159126
batch_017:969,3151.3720230168533,3036.0556093472787,2938.121381017826,2940.2705356159126
batch_017:970,3151.3720230168533,3036.0556093472787,2938.121381017826,2940.2705356159126
batch_017:971,10249.755009234234,10050.007643554087,9816.389286780868,9482.791720743171
batch_017:972,10258.236216457944,10057.310300493795,9820.333168493305,9486.930553809949
batch_017:973,3151.3720230168533,3036.0556093472787,2938.121381017826,2940.2705356159126
batch_017:974,13955.44335451119,13375.45659773317,12415.479348388395,11302.612553997398
batch_017:975,6342.649060069216,6145.880929474949,5769.953752085212,5347.248917331802
batch_017:976,3151.3720230168533,3036.0556093472787,2938.121381017826,2940.2705356159126
batch_017:977,4655.060425008754,4452.303613750568,4140.71898774868,3926.1815135847646
batch_017:978,3151.3720230168533,3036.0556093472787,2938.121381017826,2940.2705356159126
batch_017:979,14991.028930527593,14172.98269243717,13231.967880108394,11912.365599123259
batch_017:980,4627.95584905996,4428.399721153573,4117.014703149971,3912.6471057772333
batch_017:981,3151.3720230168533,3036.0556093472787,2938.121381017826,2940.2705356159126
batch_017:982,3151.3720230168533,3036.0556093472787,2938.121381017826,2940.2705356159126
batch_017:983,3151.3720230168533,3036.0556093472787,2938.121381017826,2940.2705356159126
batch_017:984,3151.3720230168533,3036.0556093472787,2938.121381017826,2940.2705356159126
batch_017:985,7407.549526098566,7227.269357450746,7062.537779197459,6789.61659271307
batch_017:986,3151.3720230168533,3036.0556093472787,2938.121381017826,2940.2705356159126
batch_017:987,3151.3720230168533,3036.0556093472787,2938.121381017826,2940.2705356159126
batch_017:988,10273.388675683089,10075.03119681378,9838.6518293692,9500.44478889643
batch_017:989,13957.345009263348,13376.972976047726,12418.088918771493,11303.86038756282
batch_017:990,14998.544442385983,14179.207660889686,13238.418849714944,11918.97074526246
batch_017:991,3151.3720230168533,3036.0556093472787,2938.121381017826,2940.2705356159126
batch_017:992,3151.3720230168533,3036.0556093472787,2938.121381017826,2940.2705356159126
batch_017:993,7398.584682588707,7221.837861006663,7060.2737480553815,6788.867504841525
batch_017:994,7420.250996342488,7236.2203199376545,7069.718665190165,6798.6013755195145
batch_017:995,13947.451386729836,13370.515043390453,12415.620679927448,11304.890278086557
batch_017:996,10254.44032439263,10050.48843144918,9811.67095669718,9480.96198890623
batch_017:997,4621.7642545162935,4426.440277949062,4116.180294180224,3907.8954348474995
batch_017:998,7416.750557073013,7233.662026009265,7066.1602002397485,6794.682838370626
batch_017:999,3151.3720230168533,3036.0556093472787,2938.121381017826,2940.2705356159126
batch_017:1000,10259.779206285868,10055.692099545988,9820.60280777132,9486.60002793192
batch_018:1,13954.524867630498,13376.221741315741,12419.298883782001,11305.457322498407
batch_018:2,7404.6255069322315,7221.53531702387,7050.371658497188,6781.594353241149
batch_018:3,3151.3720230168533,3036.0556093472787,2938.121381017826,2940.2705356159126
batch_018:4,3151.3720230168533,3036.0556093472787,2938.121381017826,2940.2705356159126
batch_018:5,13969.180452659639,13390.080090609077,12431.824897100403,11314.815170914437
batch_018:6,14998.944649761203,14177.798632389937,13239.431144794045,11917.252172978651
batch_018:7,6346.409134309572,6146.863541834859,5770.732792465029,5346.88175897199
batch_018:8,3151.3720230168533,3036.0556093472787,2938.121381017826,2940.2705356159126
batch_018:9,4607.787249908764,4415.775218579804,4109.21736810779,3906.363963995741
batch_018:10,3151.3720230168533,3036.0556093472787,2938.121381017826,2940.2705356159126
batch_018:11,15012.112345574433,14189.571842548263,13247.928427066252,11923.50906452844
batch_018:12,3151.3720230168533,3036.0556093472787,2938.121381017826,2940.2705356159126
batch_018:13,4758.453545904469,4560.334266186314,4528.14233969016,4353.962550089595
batch_018:14,4636.46348134808,4440.4356252342905,4127.1886539416,3912.406496766438
batch_018:15,3151.3720230168533,3036.0556093472787,2938.121381017826,2940.2705356159126
batch_018:16,3151.3720230168533,3036.0556093472787,2938.121381017826,2940.2705356159126
batch_018:17,6345.85483691317,6142.462152325297,5767.893499339554,5347.157155823801
batch_018:18,3151.3720230168533,3036.0556093472787,2938.121381017826,2940.2705356159126
batch_018:19,13955.148838294414,13376.614077423663,12415.050373830687,11299.930615142688
batch_018:20,15011.327050767992,14186.650152308066,13249.306249775827,11928.076154164379
batch_018:21,4681.3919852817035,4480.894840702025,4164.412637407242,3940.3372625930447
batch_018:22,3151.3720230168533,3036.0556093472787,2938.121381017826,2940.2705356159126
batch_018:23,7411.264849812,7235.406532921797,7072.047500192097,6802.995826509916
batch_018:24,3151.3720230168533,3036.0556093472787,2938.121381017826,2940.2705356159126
batch_018:25,3151.3720230168533,3036.0556093472787,2938.121381017826,2940.2705356159126
batch_018:26,3151.3720230168533,3036.0556093472787,2938.121381017826,2940.2705356159126
batch_018:27,7406.0542433724695,7228.034483030972,7058.84665548695,6786.161063604076
batch_018:28,10250.966513040321,10050.372900886407,9817.999624016484,9486.327785353995
batch_018:29,3151.3720230168533,3036.0556093472787,2938.121381017826,2940.2705356159126
batch_018:30,7435.800032025295,7247.154815490455,7081.420655444916,6812.724922679393
batch_018:31,4641.4897320674745,4441.130726346604,4136.368379869809,3926.266787553812
batch_018:32,6342.147576421654,6140.1860739130025,5763.828094030066,5342.467932272897
batch_018:33,6336.574129760765,6137.56668549026,5764.3887305823155,5339.005685326554
batch_018:34,3151.3720230168533,3036.0556093472787,2938.121381017826,2940.2705356159126
batch_018:35,14993.283952043912,14175.419567342391,13231.641185622724,11910.089606003705
batch_018:36,3151.3720230168533,3036.0556093472787,2938.121381017826,2940.2705356159126
batch_018:37,14996.597228079187,14179.337091700398,13239.040182149205,11917.323606322474
batch_018:38,3151.3720230168533,3036.0556093472787,2938.121381017826,2940.2705356159126
batch_018:39,3151.3720230168533,3036.0556093472787,2938.121381017826,2940.2705356159126
batch_018:40,3151.3720230168533,3036.0556093472787,2938.121381017826,2940.2705356159126
batch_018:41,3151.3720230168533,3036.0556093472787,2938.121381017826,2940.2705356159126
batch_018:42,3151.3720230168533,3036.0556093472787,2938.121381017826,2940.2705356159126
batch_018:43,3151.3720230168533,3036.0556093472787,2938.121381017826,2940.2705356159126
batch_018:44,3151.3720230168533,3036.0556093472787,2938.121381017826,2940.2705356159126
batch_018:45,10251.8765876541,10051.936349754847,9818.216467015127,9484.303386505142
batch_018:46,4622.141408931217,4426.734229983807,4118.137899443615,3908.4526842005394
batch_018:47,10254.898005715784,10051.648931687652,9818.016859935733,9487.191211946381
batch_018:48,3151.3720230168533,3036.0556093472787,2938.121381017826,2940.2705356159126
batch_018:49,3151.3720230168533,3036.0556093472787,2938.121381017826,2940.2705356159126
batch_018:50,4616.871172894723,4419.626790375897,4116.385201067917,3908.9913253258615
batch_018:51,10238.84236352239,10043.141101062243,9810.60428295812,9479.33828542643
batch_018:52,10245.387055207806,10046.13407549759,9812.598606072332,9479.994918926792
batch_018:53,4620.183471787424,4421.191007904135,4109.22158129246,3900.6214724219362
batch_018:54,10254.898005715784,10051.648931687652,9818.016859935733,9487.191211946381
batch_018:55,3151.3720230168533,3036.0556093472787,2938.121381017826,2940.2705356159126
batch_018:56,3151.3720230168533,3036.0556093472787,2938.121381017826,2940.2705356159126
batch_018:57,3151.3720230168533,3036.0556093472787,2938.121381017826,2940.2705356159126
batch_018:58,3151.3720230168533,3036.0556093472787,2938.121381017826,2940.2705356159126
batch_018:59,7419.2686214844525,7235.170893467737,7072.584457102963,6810.95813129481
batch_018:60,6325.291403242178,6126.728797754657,5752.65555711911,5334.204108622118
batch_018:61,14999.563659787496,14180.431386321794,13240.060760352017,11919.257517763626
batch_018:62,10241.183667699639,10043.239792580283,9814.369070377128,9484.352689083888
batch_018:63,7407.631673296699,7228.793454139077,7056.026212575595,6786.426982779046
batch_018:64,3151.3720230168533,3036.0556093472787,2938.121381017826,2940.2705356159126
batch_018:65,13974.471219750027,13389.565620944008,12435.107352791105,11319.93329046774
batch_018:66,4634.628680297584,4437.63346263458,4127.577492031935,3914.1536748421404
batch_018:67,3151.3720230168533,3036.0556093472787,2938.121381017826,2940.2705356159126
batch_018:68,10251.89209523247,10053.034023975462,9823.194290535495,9488.754750191922
batch_018:69,3151.3720230168533,3036.0556093472787,2938.121381017826,2940.2705356159126
batch_018:70,3151.3720230168533,3036.0556093472787,2938.121381017826,2940.2705356159126
batch_018:71,3151.3720230168533,3036.0556093472787,2938.121381017826,2940.2705356159126
batch_018:72,3151.3720230168533,3036.0556093472787,2938.121381017826,2940.2705356159126
batch_018:73,4653.3585686108,4449.9362814861415,4138.14917307651,3919.4302747625006
batch_018:74,3151.3720230168533,3036.0556093472787,2938.121381017826,2940.2705356159126
batch_018:75,6340.38902303047,6143.409738995174,5769.392176921771,5348.08581411391
batch_018:76,3151.3720230168533,3036.0556093472787,2938.121381017826,2940.2705356159126
batch_018:77,3151.3720230168533,3036.0556093472787,2938.121381017826,2940.2705356159126
batch_018:78,3151.3720230168533,3036.0556093472787,2938.121381017826,2940.2705356159126
batch_018:79,13953.276485531076,13377.212502501226,12421.212940031588,11307.444503339795
batch_018:80,3151.3720230168533,3036.0556093472787,2938.121381017826,2940.2705356159126
batch_018:81,7439.823630765019,7259.452152453477,7096.060773061145,6826.359931080135
batch_018:82,3151.3720230168533,3036.0556093472787,2938.121381017826,2940.2705356159126
batch_018:83,6349.010003295644,6154.665184562728,5779.40006914078,5355.793209584736
batch_018:84,10253.812512581286,10056.913676131271,9824.470078359389,9492.48563882853
batch_018:85,3151.3720230168533,3036.0556093472787,2938.121381017826,2940.2705356159126
batch_018:86,4650.91923262411,4448.60314681041,4134.76643450389,3922.7229701748365
batch_018:87,6334.762488602466,6137.03541615273,5764.141801037909,5342.702048227913
batch_018:88,3151.3720230168533,3036.0556093472787,2938.121381017826,2940.2705356159126
batch_018:89,6338.864952482571,6138.1923457119265,5764.95343282723,5343.917182816758
batch_018:90,13959.068976244496,13382.206009494399,12422.717996801408,11310.68588203787
batch_018:91,3151.3720230168533,3036.0556093472787,2938.121381017826,2940.2705356159126
batch_018:92,3151.3720230168533,3036.0556093472787,2938.121381017826,2940.2705356159126
batch_018:93,7406.410036130893,7222.25029642793,7049.812448015945,6781.131689231279
batch_018:94,3151.3720230168533,3036.0556093472787,2938.121381017826,2940.2705356159126
batch_018:95,4632.713452867377,4438.474920406463,4125.092744366053,3911.7010122594647
batch_018:96,3151.3720230168533,3036.0556093472787,2938.121381017826,2940.2705356159126
batch_018:97,10263.205132201667,10063.677696646062,9831.646758923238,9495.21847235506
batch_018:98,6343.402062240846,6144.709467116341,5768.378153913345,5346.746574272476
batch_018:99,6327.20251054708,6127.4200231042805,5752.935081622782,5333.3529036075615
batch_018:100,3151.3720230168533,3036.0556093472787,2938.121381017826,2940.2705356159126
batch_018:101,3151.3720230168533,3036.0556093472787,2938.121381017826,2940.2705356159126
batch_018:102,3151.3720230168533,3036.0556093472787,2938.121381017826,2940.2705356159126
batch_018:103,3151.3720230168533,3036.0556093472787,2938.121381017826,2940.2705356159126
batch_018:104,13958.857203949801,13379.402387999451,12418.849077116069,11305.91358129374
batch_018:105,13946.082005731423,13368.143603177887,12405.111972208393,11291.168518781678
batch_018:106,3151.3720230168533,3036.0556093472787,2938.121381017826,2940.2705356159126
batch_018:107,13963.744921217422,13379.98275981449,12423.693385377239,11308.659185978053
batch_018:108,7407.549526098566,7227.269357450746,7062.537779197459,6789.61659271307
batch_018:109,7412.285518933239,7235.184309543909,7068.179141503031,6799.5404070712975
batch_018:110,3151.3720230168533,3036.0556093472787,2938.121381017826,2940.2705356159126
batch_018:111,3151.3720230168533,3036.0556093472787,2938.121381017826,2940.2705356159126
batch_018:112,14996.409828496724,14175.464403143753,13236.560455828516,11914.908735258265
batch_018:113,10249.024985171132,10047.960171603092,9811.92845682756,9481.198592460134
batch_018:114,14994.189690651468,14175.298895958698,13237.38922721371,11917.159326753013
batch_018:115,3151.3720230168533,3036.0556093472787,2938.121381017826,2940.2705356159126
batch_018:116,7405.720577575408,7231.438437618345,7070.469685035449,6798.700075352151
batch_018:117,7451.812366801684,7259.860979674513,7094.812196010361,6824.273280684432
batch_018:118,7448.5724045808665,7267.177149994595,7103.316771511917,6832.22738300923
batch_018:119,10257.423399248066,10056.430944450432,9821.113435876416,9486.617932780768
batch_018:120,3151.3720230168533,3036.0556093472787,2938.121381017826,2940.2705356159126
batch_018:121,7414.389245751759,7233.882188625531,7067.816013899166,6798.233862936691
batch_018:122,6350.010310284115,6148.656263719746,5773.902543618394,5348.9382252631685
batch_018:123,13972.127020953536,13391.059119520007,12430.669033096721,11316.735717218138
batch_018:124,3151.3720230168533,3036.0556093472787,2938.121381017826,2940.2705356159126
batch_018:125,3151.3720230168533,3036.0556093472787,2938.121381017826,2940.2705356159126
batch_018:126,4643.607627069282,4451.131268868631,4141.746490728131,3929.065791494329
batch_018:127,3151.3720230168533,3036.0556093472787,2938.121381017826,2940.2705356159126
batch_018:128,13959.386497558176,13375.74030030228,12419.404277052234,11305.188836852863
batch_018:129,3151.3720230168533,3036.0556093472787,2938.121381017826,2940.2705356159126
batch_018:130,3151.3720230168533,3036.0556093472787,2938.121381017826,2940.2705356159126
batch_018:131,4638.390679098164,4437.83562106072,4128.853910018999,3919.358267737435
batch_018:132,10254.779502039644,10055.06437783104,9822.94460267568,9491.958535121737
batch_018:133,3151.3720230168533,3036.0556093472787,2938.121381017826,2940.2705356159126
batch_018:134,4640.855689806662,4442.639426498562,4129.4438359153355,3918.656482105996
batch_018:135,3151.3720230168533,3036.0556093472787,2938.121381017826,2940.2705356159126
batch_018:136,3151.3720230168533,3036.0556093472787,2938.121381017826,2940.2705356159126
batch_018:137,6339.113303854362,6139.909728552245,5765.079610246562,5343.191384009459
batch_018:138,3151.3720230168533,3036.0556093472787,2938.121381017826,2940.2705356159126
batch_018:139,15011.44925549059,14188.111462334698,13251.855545924678,11928.474207636595
batch_018:140,13975.219415558546,13392.651114885211,12425.117694306819,11309.797911208374
batch_018:141,7401.273093526796,7222.156941473846,7061.8049050774425,6796.599810955365
batch_018:142,3151.3720230168533,3036.0556093472787,2938.121381017826,2940.2705356159126
batch_018:143,3151.3720230168533,3036.0556093472787,2938.121381017826,2940.2705356159126
batch_018:144,4676.581223247223,4466.0830114617775,4156.614610779312,3938.058186566658
batch_018:145,7402.135514173912,7224.181237811799,7055.441896598391,6785.78801002862
batch_018:146,6334.830556813177,6134.308547887664,5760.9373094045,5339.596784823197
batch_018:147,3151.3720230168533,3036.0556093472787,2938.121381017826,2940.2705356159126
batch_018:148,10256.835353595825,10057.075159656179,9819.52018070014,9485.649889151187
batch_018:149,14997.128232971447,14173.598721186292,13234.017675979372,11911.016675217552
batch_018:150,3151.3720230168533,3036.0556093472787,2938.121381017826,2940.2705356159126
batch_018:151,10243.316541000613,10044.713746112822,9810.42922933981,9478.149642998085
batch_018:152,6330.841060223169,6128.633511255803,5755.144955925425,5337.268411585654
batch_018:153,3151.3720230168533,3036.0556093472787,2938.121381017826,2940.2705356159126
batch_018:154,3151.3720230168533,3036.0556093472787,2938.121381017826,2940.2705356159126
batch_018:155,3151.3720230168533,3036.0556093472787,2938.121381017826,2940.2705356159126
batch_018:156,3151.3720230168533,3036.0556093472787,2938.121381017826,2940.2705356159126
batch_018:157,10248.524739068103,10046.596487049152,9811.60046578686,9479.831789860054
batch_018:158,6359.087075720983,6161.389006865462,5785.233916513918,5359.500987930382
batch_018:159,3151.3720230168533,3036.0556093472787,2938.121381017826,2940.2705356159126
batch_018:160,13955.70715235975,13375.79988136948,12416.579571903263,11306.42246929776
batch_018:161,6352.6785524226125,6153.233851315013,5776.055904975714,5353.145646810251
batch_018:162,4608.692818543372,4418.688390189608,4112.3605606417195,3905.3261658235087
batch_018:163,3151.3720230168533,3036.0556093472787,2938.121381017826,2940.2705356159126
batch_018:164,3151.3720230168533,3036.0556093472787,2938.121381017826,2940.2705356159126
batch_018:165,3151.3720230168533,3036.0556093472787,2938.121381017826,2940.2705356159126
batch_018:166,4640.027701039465,4442.625457959288,4134.126663091903,3923.1281001054745
batch_018:167,6346.645390099819,6146.401915579371,5769.545476849128,5347.399247125003
batch_018:168,3151.3720230168533,3036.0556093472787,2938.121381017826,2940.2705356159126
batch_018:169,14997.940668078249,14175.671322120503,13231.540362029651,11910.208320431962
batch_018:170,10250.966513040321,10050.372900886407,9817.999624016484,9486.327785353995
batch_018:171,15018.446390115327,14196.363462622365,13253.11937209254,11930.729542948744
batch_018:172,6350.752191284689,6153.182243590665,5775.444834963776,5354.052581008582
batch_018:173,3151.3720230168533,3036.0556093472787,2938.121381017826,2940.2705356159126
batch_018:174,3151.3720230168533,3036.0556093472787,2938.121381017826,2940.2705356159126
batch_018:175,13967.444523871829,13383.485474311845,12429.168733217046,11315.533522647998
batch_018:176,3151.3720230168533,3036.0556093472787,2938.121381017826,2940.2705356159126
batch_018:177,3151.3720230168533,3036.0556093472787,2938.121381017826,2940.2705356159126
batch_018:178,10238.580406366937,10042.083941299723,9811.630765455175,9481.982707273724
batch_018:179,15002.578181021208,14181.397472985467,13243.626230070338,11919.294144371663
batch_018:180,10259.96943377616,10060.692960181928,9827.528479672348,9492.804420888779
batch_018:181,3151.3720230168533,3036.0556093472787,2938.121381017826,2940.2705356159126
batch_018:182,14996.087487597128,14176.438646667864,13237.059386648994,11915.502824559073
batch_018:183,7435.800032025295,7247.154815490455,7081.420655444916,6812.724922679393
batch_018:184,3151.3720230168533,3036.0556093472787,2938.121381017826,2940.2705356159126
batch_018:185,7412.695993171682,7233.597442634677,7068.396484679867,6800.525221488799
batch_018:186,10251.879091402123,10053.902766101017,9823.328091347488,9488.486469031657
batch_018:187,3151.3720230168533,3036.0556093472787,2938.121381017826,2940.2705356159126
batch_018:188,13970.517239487588,13391.296492938176,12433.882444985149,11316.440822046672
batch_018:189,3151.3720230168533,3036.0556093472787,2938.121381017826,2940.2705356159126
batch_018:190,3151.3720230168533,3036.0556093472787,2938.121381017826,2940.2705356159126
batch_018:191,7394.933893286723,7219.168862832925,7051.890954274558,6783.280725905334
batch_018:192,3151.3720230168533,3036.0556093472787,2938.121381017826,2940.2705356159126
batch_018:193,3151.3720230168533,3036.0556093472787,2938.121381017826,2940.2705356159126
batch_018:194,3151.3720230168533,3036.0556093472787,2938.121381017826,2940.2705356159126
batch_018:195,3151.3720230168533,3036.0556093472787,2938.121381017826,2940.2705356159126
batch_018:196,3151.3720230168533,3036.0556093472787,2938.121381017826,2940.2705356159126
batch_018:197,3151.3720230168533,3036.0556093472787,2938.121381017826,2940.2705356159126
batch_018:198,10244.394172919783,10044.440337725015,9817.663279282198,9486.11805209414
batch_018:199,10246.719318008294,10046.395513826723,9818.688183339382,9486.257453765702
batch_018:200,10246.134725250538,10042.895712807524,9808.044766744357,9477.748992252044
batch_018:201,3151.3720230168533,3036.0556093472787,2938.121381017826,2940.2705356159126
batch_018:202,3151.3720230168533,3036.0556093472787,2938.121381017826,2940.2705356159126
batch_018:203,6348.260290479261,6146.576622513059,5769.402870248216,5345.218304706124
batch_018:204,13960.250831341213,13382.52235459088,12425.344972533017,11311.311244256778
batch_018:205,15004.843032853141,14182.070571534061,13243.431570805482,11922.454962826516
batch_018:206,3151.3720230168533,3036.0556093472787,2938.121381017826,2940.2705356159126
batch_018:207,3151.3720230168533,3036.0556093472787,2938.121381017826,2940.2705356159126
batch_018:208,3151.3720230168533,3036.0556093472787,2938.121381017826,2940.2705356159126
batch_018:209,3151.3720230168533,3036.0556093472787,2938.121381017826,2940.2705356159126
batch_018:210,3151.3720230168533,3036.0556093472787,2938.121381017826,2940.2705356159126
batch_018:211,6339.06980357578,6141.715669085229,5767.3510808292385,5346.449862660521
batch_018:212,3151.3720230168533,3036.0556093472787,2938.121381017826,2940.2705356159126
batch_018:213,3151.3720230168533,3036.0556093472787,2938.121381017826,2940.2705356159126
batch_018:214,10251.383894462388,10050.50645871111,9816.8870798769,9484.455904197133
batch_018:215,4584.638763890536,4392.036170266941,4091.272814548104,3892.6063400329203
batch_018:216,6352.890670912555,6149.907636041464,5774.116501008176,5351.388247416567
batch_018:217,6348.717408379779,6150.310875709072,5774.164630188654,5349.849010112747
batch_018:218,3151.3720230168533,3036.0556093472787,2938.121381017826,2940.2705356159126
batch_018:219,3151.3720230168533,3036.0556093472787,2938.121381017826,2940.2705356159126
batch_018:220,6341.849946732153,6141.201407653912,5764.979865396575,5342.434235258174
batch_018:221,14988.400572190169,14173.483089980466,13232.67711503773,11911.270172568358
batch_018:222,3151.3720230168533,3036.0556093472787,2938.121381017826,2940.2705356159126
batch_018:223,4644.762949536574,4446.9815946143335,4138.8471242747055,3924.305074764847
batch_018:224,3151.3720230168533,3036.0556093472787,2938.121381017826,2940.2705356159126
batch_018:225,3151.3720230168533,3036.0556093472787,2938.121381017826,2940.2705356159126
batch_018:226,4659.264076964104,4456.394119644378,4310.546868542536,4146.196878098116
batch_018:227,13955.679888031156,13374.759604720937,12415.142605473917,11302.380843161243
batch_018:228,3151.3720230168533,3036.0556093472787,2938.121381017826,2940.2705356159126
batch_018:229,6344.401575798242,6141.650798545847,5764.482316213773,5343.585882925679
batch_018:230,6360.581036952096,6158.624334158441,5782.7557041405435,5358.321985290023
batch_018:231,15011.44925549059,14188.111462334698,13251.855545924678,11928.474207636595
batch_018:232,13957.310618282147,13372.737157779313,12410.392418281093,11296.356245285271
batch_018:233,3151.3720230168533,3036.0556093472787,2938.121381017826,2940.2705356159126
batch_018:234,7423.361366754976,7240.878887441935,7079.412633456172,6806.198405924619
batch_018:235,15003.892542524503,14181.404358604239,13237.039022846435,11915.255236879762
batch_018:236,4597.631045359786,4404.61150208435,4101.239523310507,3900.349849209159
batch_018:237,3151.3720230168533,3036.0556093472787,2938.121381017826,2940.2705356159126
batch_018:238,3151.3720230168533,3036.0556093472787,2938.121381017826,2940.2705356159126
batch_018:239,3151.3720230168533,3036.0556093472787,2938.121381017826,2940.2705356159126
batch_018:240,3151.3720230168533,3036.0556093472787,2938.121381017826,2940.2705356159126
batch_018:241,3151.3720230168533,3036.0556093472787,2938.121381017826,2940.2705356159126
batch_018:242,3151.3720230168533,3036.0556093472787,2938.121381017826,2940.2705356159126
batch_018:243,3151.3720230168533,3036.0556093472787,2938.121381017826,2940.2705356159126
batch_018:244,3151.3720230168533,3036.0556093472787,2938.121381017826,2940.2705356159126
batch_018:245,3151.3720230168533,3036.0556093472787,2938.121381017826,2940.2705356159126
batch_018:246,10251.300122764922,10050.65479265562,9817.52209964591,9484.668010577263
batch_018:247,7445.188486830127,7252.859206548473,7087.069999436801,6814.729817232814
batch_018:248,6354.989046574563,6159.221756788149,5779.624313750122,5355.471720649372
batch_018:249,4597.631045359786,4404.61150208435,4101.239523310507,3900.349849209159
batch_018:250,3151.3720230168533,3036.0556093472787,2938.121381017826,2940.2705356159126
batch_018:251,7412.122946847391,7232.032557550667,7067.601821107902,6798.603411661897
batch_018:252,3151.3720230168533,3036.0556093472787,2938.121381017826,2940.2705356159126
batch_018:253,3151.3720230168533,3036.0556093472787,2938.121381017826,2940.2705356159126
batch_018:254,4585.974579131287,4392.686097468626,4091.7612534790555,3893.0158630200485
batch_018:255,10237.635204454202,10037.330542245858,9808.593054068615,9479.309423510498
batch_018:256,15003.758006665088,14181.297895620548,13242.644892509623,11921.337632760846
batch_018:257,13964.466897716124,13382.799154868435,12420.994488302747,11307.04953797451
batch_018:258,3151.3720230168533,3036.0556093472787,2938.121381017826,2940.2705356159126
batch_018:259,7402.588872784676,7225.384310225047,7064.704261200239,6801.577693857041
batch_018:260,3151.3720230168533,3036.0556093472787,2938.121381017826,2940.2705356159126
batch_018:261,3151.3720230168533,3036.0556093472787,2938.121381017826,2940.2705356159126
batch_018:262,3151.3720230168533,3036.0556093472787,2938.121381017826,2940.2705356159126
batch_018:263,6348.205645762269,6148.619983103652,5771.784039607559,5351.5964948239125
batch_018:264,14985.281002919995,14170.657515858898,13227.146212712027,11906.006698555213
batch_018:265,7444.554936274017,7256.002245892553,7090.834175081589,6815.658405339235
batch_018:266,3151.3720230168533,3036.0556093472787,2938.121381017826,2940.2705356159126
batch_018:267,3151.3720230168533,3036.0556093472787,2938.121381017826,2940.2705356159126
batch_018:268,13970.608529411085,13389.646057853737,12431.044860386306,11315.500370588903
batch_018:269,3151.3720230168533,3036.0556093472787,2938.121381017826,2940.2705356159126
batch_018:270,3151.3720230168533,3036.0556093472787,2938.121381017826,2940.2705356159126
batch_018:271,3151.3720230168533,3036.0556093472787,2938.121381017826,2940.2705356159126
batch_018:272,3151.3720230168533,3036.0556093472787,2938.121381017826,2940.2705356159126
batch_018:273,13957.502145288567,13380.805997832853,12420.402210704804,11308.4991673141
batch_018:274,6364.878167895227,6161.879773400658,5784.692841026621,5360.115968911763
batch_018:275,3151.3720230168533,3036.0556093472787,2938.121381017826,2940.2705356159126
batch_018:276,10243.067541595576,10043.937719662168,9809.954250294912,9478.973722819324
batch_018:277,6345.3711816060695,6141.225242995215,5765.676264340723,5341.249452742937
batch_018:278,6333.174218077375,6130.181196104171,5757.20202402196,5336.235471165662
batch_018:279,14997.128232971447,14173.598721186292,13234.017675979372,11911.016675217552
batch_018:280,3151.3720230168533,3036.0556093472787,2938.121381017826,2940.2705356159126
batch_018:281,15003.37112832604,14183.440484006325,13243.707061289226,11922.742690914154
batch_018:282,3151.3720230168533,3036.0556093472787,2938.121381017826,2940.2705356159126
batch_018:283,3151.3720230168533,3036.0556093472787,2938.121381017826,2940.2705356159126
batch_018:284,4644.036576029764,4445.654763005978,4136.449250070228,3923.1832041219513
batch_018:285,3151.3720230168533,3036.0556093472787,2938.121381017826,2940.2705356159126
batch_018:286,3151.3720230168533,3036.0556093472787,2938.121381017826,2940.2705356159126
batch_018:287,3151.3720230168533,3036.0556093472787,2938.121381017826,2940.2705356159126
batch_018:288,15006.320971230783,14183.046989151217,13242.267792900075,11921.479158306487
batch_018:289,3151.3720230168533,3036.0556093472787,2938.121381017826,2940.2705356159126
batch_018:290,13972.254643111852,13393.041657162907,12430.79907647047,11315.887252058274
batch_018:291,15008.959602539304,14189.460339442341,13248.85336334086,11929.611758304123
batch_018:292,7416.058068545053,7237.935229438075,7072.956519516822,6798.814350471972
batch_018:293,3151.3720230168533,3036.0556093472787,2938.121381017826,2940.2705356159126
batch_018:294,3151.3720230168533,3036.0556093472787,2938.121381017826,2940.2705356159126
batch_018:295,3151.3720230168533,3036.0556093472787,2938.121381017826,2940.2705356159126
batch_018:296,13966.98434653712,13391.090771670984,12432.436537114361,11320.084100292657
batch_018:297,3151.3720230168533,3036.0556093472787,2938.121381017826,2940.2705356159126
batch_018:298,6343.551587576625,6146.19422597065,5772.134860440382,5349.998231049881
batch_018:299,3151.3720230168533,3036.0556093472787,2938.121381017826,2940.2705356159126
batch_018:300,7416.497800359529,7238.132117501804,7070.45228472072,6799.270079922973
batch_018:301,3151.3720230168533,3036.0556093472787,2938.121381017826,2940.2705356159126
batch_018:302,10247.72756679624,10050.480912476061,9823.704278421568,9493.096119225389
batch_018:303,3151.3720230168533,3036.0556093472787,2938.121381017826,2940.2705356159126
batch_018:304,3151.3720230168533,3036.0556093472787,2938.121381017826,2940.2705356159126
batch_018:305,6352.823972160344,6153.385972984392,5774.3565695580955,5352.627634245481
batch_018:306,4681.816338951547,4473.165376358669,4158.897840604043,3938.5004960142614
batch_018:307,3151.3720230168533,3036.0556093472787,2938.121381017826,2940.2705356159126
batch_018:308,7412.3006876883555,7234.350533649365,7070.945743416469,6800.24814096352
batch_018:309,3151.3720230168533,3036.0556093472787,2938.121381017826,2940.2705356159126
batch_018:310,3151.3720230168533,3036.0556093472787,2938.121381017826,2940.2705356159126
batch_018:311,3151.3720230168533,3036.0556093472787,2938.121381017826,2940.2705356159126
batch_018:312,6337.410668010162,6137.990673690078,5763.895704639867,5342.150436788412
batch_018:313,4611.239225252831,4415.079884931971,4109.225893777578,3904.958755734907
batch_018:314,14995.366408854663,14174.26784276868,13235.150717423194,11913.280314181575
batch_018:315,14991.003077907144,14173.172100887441,13233.375725156355,11910.989491403227
batch_018:316,3151.3720230168533,3036.0556093472787,2938.121381017826,2940.2705356159126
batch_018:317,3151.3720230168533,3036.0556093472787,2938.121381017826,2940.2705356159126
batch_018:318,6335.945899171722,6134.365657147822,5760.108801269392,5338.242058499791
batch_018:319,3151.3720230168533,3036.0556093472787,2938.121381017826,2940.2705356159126
batch_018:320,3151.3720230168533,3036.0556093472787,2938.121381017826,2940.2705356159126
batch_018:321,3151.3720230168533,3036.0556093472787,2938.121381017826,2940.2705356159126
batch_018:322,10258.210552155497,10060.444638523906,9832.837055136304,9496.936384635856
batch_018:323,7411.005723449194,7233.983315252642,7062.080323421685,6787.31767252865
batch_018:324,7419.955902558596,7238.443408612606,7073.435079048486,6796.884440058406
batch_018:325,3151.3720230168533,3036.0556093472787,2938.121381017826,2940.2705356159126
batch_018:326,3151.3720230168533,3036.0556093472787,2938.121381017826,2940.2705356159126
batch_018:327,4638.022288511945,4436.908058320689,4125.094360085585,3913.720019694597
batch_018:328,10248.505167157953,10047.07186369744,9819.92168584538,9489.158578934637
batch_018:329,3151.3720230168533,3036.0556093472787,2938.121381017826,2940.2705356159126
batch_018:330,3151.3720230168533,3036.0556093472787,2938.121381017826,2940.2705356159126
batch_018:331,3151.3720230168533,3036.0556093472787,2938.121381017826,2940.2705356159126
batch_018:332,13971.539888546387,13384.2231660516,12419.981623359974,11304.205961204194
batch_018:333,6331.606133316851,6128.15481817506,5753.445443353926,5332.9621906089205
batch_018:334,3151.3720230168533,3036.0556093472787,2938.121381017826,2940.2705356159126
batch_018:335,3151.3720230168533,3036.0556093472787,2938.121381017826,2940.2705356159126
batch_018:336,7427.111936987866,7249.864198182948,7087.629183277733,6823.216543593227
batch_018:337,3151.3720230168533,3036.0556093472787,2938.121381017826,2940.2705356159126
batch_018:338,3151.3720230168533,3036.0556093472787,2938.121381017826,2940.2705356159126
batch_018:339,3151.3720230168533,3036.0556093472787,2938.121381017826,2940.2705356159126
batch_018:340,3151.3720230168533,3036.0556093472787,2938.121381017826,2940.2705356159126
batch_018:341,3151.3720230168533,3036.0556093472787,2938.121381017826,2940.2705356159126
batch_018:342,14996.10218871293,14179.031224178312,13239.326709630828,11918.606044976024
batch_018:343,13965.316896600545,13382.286998924272,12422.175021074225,11308.829804091209
batch_018:344,3151.3720230168533,3036.0556093472787,2938.121381017826,2940.2705356159126
batch_018:345,3151.3720230168533,3036.0556093472787,2938.121381017826,2940.2705356159126
batch_018:346,6344.51287537607,6146.8359458523955,5772.004395198637,5348.236556048395
batch_018:347,10249.479209512687,10049.807364026541,9811.08765769672,9475.843437846048
batch_018:348,7420.090101092669,7234.2622228778255,7059.07192641968,6787.075997001668
batch_018:349,6339.013746268526,6139.986104695608,5765.040373633697,5342.945584083171
batch_018:350,13952.131811615036,13373.286470008574,12416.95672264574,11305.193126890967
batch_018:351,3151.3720230168533,3036.0556093472787,2938.121381017826,2940.2705356159126
batch_018:352,14996.187395563993,14177.31064608182,13232.164417515123,11911.6664550761
batch_018:353,7417.914690896665,7237.99543328822,7071.846387197411,6801.9760411165
batch_018:354,4629.186212121909,4428.849449702291,4123.641541043444,3917.8437118278416
batch_018:355,10257.686500912345,10057.85427159077,9822.072441335458,9487.401229788951
batch_018:356,3151.3720230168533,3036.0556093472787,2938.121381017826,2940.2705356159126
batch_018:357,6327.568670256756,6125.266940234342,5751.766021533679,5333.56601023298
batch_018:358,3151.3720230168533,3036.0556093472787,2938.121381017826,2940.2705356159126
batch_018:359,4615.360252564304,4414.746029677903,4105.407825962848,3902.2110769045953
batch_018:360,3151.3720230168533,3036.0556093472787,2938.121381017826,2940.2705356159126
batch_018:361,4636.250357320237,4436.548156198495,4131.111329876834,3920.3986781582453
batch_018:362,3151.3720230168533,3036.0556093472787,2938.121381017826,2940.2705356159126
batch_018:363,3151.3720230168533,3036.0556093472787,2938.121381017826,2940.2705356159126
batch_018:364,7401.816224458893,7223.285659137083,7057.074355650668,6785.779338285886
batch_018:365,4647.914877284017,4449.34114100894,4135.71842064875,3924.7378062580065
batch_018:366,7410.619063419029,7227.150870041003,7056.1005349148045,6787.700409413577
batch_018:367,15000.672982780648,14183.33951767673,13239.547303572992,11917.518921733794
batch_018:368,10248.088060324802,10045.456545322619,9805.371863521139,9474.06865464917
batch_018:369,7400.266506167443,7225.798087075071,7065.816183974527,6801.46199293356
batch_018:370,10256.61140476866,10055.881643438122,9819.701162495634,9487.596057387342
batch_018:371,13938.366294079275,13360.82073758873,12408.392686381261,11296.554003859756
batch_018:372,15005.69946452763,14185.76499548891,13244.986458695517,11921.387138474387
batch_018:373,3151.3720230168533,3036.0556093472787,2938.121381017826,2940.2705356159126
batch_018:374,13967.659385156367,13385.960992685445,12423.338712491957,11310.62219116191
batch_018:375,13966.307793239666,13386.185365201734,12424.683520470104,11311.952098399126
batch_018:376,6345.631816998119,6151.266026976652,5777.437556969973,5355.684089469224
batch_018:377,7413.020141708305,7236.16364965361,7068.732369682795,6795.8867910382605
batch_018:378,7432.229316289768,7246.778879102663,7075.539435053169,6801.271230513568
batch_018:379,3151.3720230168533,3036.0556093472787,2938.121381017826,2940.2705356159126
batch_018:380,3151.3720230168533,3036.0556093472787,2938.121381017826,2940.2705356159126
batch_018:381,3151.3720230168533,3036.0556093472787,2938.121381017826,2940.2705356159126
batch_018:382,3151.3720230168533,3036.0556093472787,2938.121381017826,2940.2705356159126
batch_018:383,10255.26772646371,10055.09843627507,9821.909598445189,9486.68620526084
batch_018:384,3151.3720230168533,3036.0556093472787,2938.121381017826,2940.2705356159126
batch_018:385,3151.3720230168533,3036.0556093472787,2938.121381017826,2940.2705356159126
batch_018:386,3151.3720230168533,3036.0556093472787,2938.121381017826,2940.2705356159126
batch_018:387,15003.943780945292,14181.541715643325,13242.702928461602,11921.51064695756
batch_018:388,6345.401149697238,6147.771487128969,5773.723759115554,5347.560037869148
batch_018:389,10259.432963468029,10058.491120726027,9824.722462220623,9490.220158259552
batch_018:390,3151.3720230168533,3036.0556093472787,2938.121381017826,2940.2705356159126
batch_018:391,3151.3720230168533,3036.0556093472787,2938.121381017826,2940.2705356159126
batch_018:392,3151.3720230168533,3036.0556093472787,2938.121381017826,2940.2705356159126
batch_018:393,3151.3720230168533,3036.0556093472787,2938.121381017826,2940.2705356159126
batch_018:394,3151.3720230168533,3036.0556093472787,2938.121381017826,2940.2705356159126
batch_018:395,3151.3720230168533,3036.0556093472787,2938.121381017826,2940.2705356159126
batch_018:396,6346.641544595277,6146.492066795712,5772.5581735117075,5348.15013401424
batch_018:397,7413.020141708305,7236.16364965361,7068.732369682795,6795.8867910382605
batch_018:398,15007.941208370747,14183.283332664925,13240.397149066277,11918.905089471873
batch_018:399,13971.848485536038,13392.58718231882,12433.080421644678,11319.003220580229
batch_018:400,3151.3720230168533,3036.0556093472787,2938.121381017826,2940.2705356159126
batch_018:401,4638.390679098164,4437.83562106072,4128.853910018999,3919.358267737435
batch_018:402,15000.292177412357,14181.588014073392,13243.414471765676,11923.788436493043
batch_018:403,10246.633806827807,10044.826593715035,9814.045971753787,9482.653435722812
batch_018:404,3151.3720230168533,3036.0556093472787,2938.121381017826,2940.2705356159126
batch_018:405,7440.911018422763,7251.538879094721,7084.185972084851,6813.699205641517
batch_018:406,3151.3720230168533,3036.0556093472787,2938.121381017826,2940.2705356159126
batch_018:407,7408.205778852485,7229.462125974576,7066.022398290494,6800.037761873359
batch_018:408,14998.944649761203,14177.798632389937,13239.431144794045,11917.252172978651
batch_018:409,3151.3720230168533,3036.0556093472787,2938.121381017826,2940.2705356159126
batch_018:410,3151.3720230168533,3036.0556093472787,2938.121381017826,2940.2705356159126
batch_018:411,3151.3720230168533,3036.0556093472787,2938.121381017826,2940.2705356159126
batch_018:412,3151.3720230168533,3036.0556093472787,2938.121381017826,2940.2705356159126
batch_018:413,14996.087487597128,14176.438646667864,13237.059386648994,11915.502824559073
batch_018:414,13957.310618282147,13372.737157779313,12410.392418281093,11296.356245285271
batch_018:415,13957.791021172083,13377.61661942828,12420.60769017025,11307.909435600512
batch_018:416,4607.119887177864,4411.56204826172,4106.278427301102,3903.001149551515
batch_018:417,3151.3720230168533,3036.0556093472787,2938.121381017826,2940.2705356159126
batch_018:418,6329.090280973783,6125.840952173209,5753.108262088111,5332.032079278735
batch_018:419,7440.85073130979,7249.777596100656,7085.064743774923,6810.030235319471
batch_018:420,3151.3720230168533,3036.0556093472787,2938.121381017826,2940.2705356159126
batch_018:421,14997.88645554645,14180.52125346215,13235.775328120517,11916.555857666946
batch_018:422,10260.558680350989,10061.244056479783,9832.205123267051,9496.981016026046
batch_018:423,13949.291426543303,13372.55354563857,12416.79473977863,11305.201747549423
batch_018:424,3151.3720230168533,3036.0556093472787,2938.121381017826,2940.2705356159126
batch_018:425,3151.3720230168533,3036.0556093472787,2938.121381017826,2940.2705356159126
batch_018:426,15008.473215362867,14185.514232005673,13245.93592745395,11924.517191062743
batch_018:427,3151.3720230168533,3036.0556093472787,2938.121381017826,2940.2705356159126
batch_018:428,13973.952946900412,13391.691810045471,12430.628805754375,11318.051707917984
batch_018:429,10250.810585597463,10051.061596142388,9817.234551561354,9484.166141738122
batch_018:430,3151.3720230168533,3036.0556093472787,2938.121381017826,2940.2705356159126
batch_018:431,3151.3720230168533,3036.0556093472787,2938.121381017826,2940.2705356159126
batch_018:432,3151.3720230168533,3036.0556093472787,2938.121381017826,2940.2705356159126
batch_018:433,13945.444971083325,13367.485445766246,12404.376068137142,11291.150643892908
batch_018:434,3151.3720230168533,3036.0556093472787,2938.121381017826,2940.2705356159126
batch_018:435,3151.3720230168533,3036.0556093472787,2938.121381017826,2940.2705356159126
batch_018:436,3151.3720230168533,3036.0556093472787,2938.121381017826,2940.2705356159126
batch_018:437,4618.366033984118,4423.558940620679,4112.640203083696,3907.30827878588
batch_018:438,14999.033994785828,14177.256928446524,13237.186164581966,11915.962964408513
batch_018:439,4642.929068897151,4439.6373409037005,4129.299041596991,3919.787886890821
batch_018:440,7452.862178860694,7264.793208305741,7099.575464046949,6827.937956588373
batch_018:441,7454.764110131021,7259.4634079866,7093.746166716157,6819.5625536496855
batch_018:442,3151.3720230168533,3036.0556093472787,2938.121381017826,2940.2705356159126
batch_018:443,3151.3720230168533,3036.0556093472787,2938.121381017826,2940.2705356159126
batch_018:444,3151.3720230168533,3036.0556093472787,2938.121381017826,2940.2705356159126
batch_018:445,14999.906947617068,14178.89100065692,13239.046997373447,11915.125091565145
batch_018:446,3151.3720230168533,3036.0556093472787,2938.121381017826,2940.2705356159126
batch_018:447,10256.451429979345,10056.069996001437,9822.217210223573,9486.749330436096
batch_018:448,3151.3720230168533,3036.0556093472787,2938.121381017826,2940.2705356159126
batch_018:449,3151.3720230168533,3036.0556093472787,2938.121381017826,2940.2705356159126
batch_018:450,3151.3720230168533,3036.0556093472787,2938.121381017826,2940.2705356159126
batch_018:451,15001.73824248072,14183.134449000723,13241.488234818707,11919.609814284287
batch_018:452,4613.430847304681,4415.390399705656,4108.523731179287,3907.1270334480205
batch_018:453,3151.3720230168533,3036.0556093472787,2938.121381017826,2940.2705356159126
batch_018:454,3151.3720230168533,3036.0556093472787,2938.121381017826,2940.2705356159126
batch_018:455,10259.66733042245,10058.308841544085,9826.20280546668,9493.27211626323
batch_018:456,3151.3720230168533,3036.0556093472787,2938.121381017826,2940.2705356159126
batch_018:457,3151.3720230168533,3036.0556093472787,2938.121381017826,2940.2705356159126
batch_018:458,3151.3720230168533,3036.0556093472787,2938.121381017826,2940.2705356159126
batch_018:459,3151.3720230168533,3036.0556093472787,2938.121381017826,2940.2705356159126
batch_018:460,3151.3720230168533,3036.0556093472787,2938.121381017826,2940.2705356159126
batch_018:461,3151.3720230168533,3036.0556093472787,2938.121381017826,2940.2705356159126
batch_018:462,3151.3720230168533,3036.0556093472787,2938.121381017826,2940.2705356159126
batch_018:463,3151.3720230168533,3036.0556093472787,2938.121381017826,2940.2705356159126
batch_018:464,3151.3720230168533,3036.0556093472787,2938.121381017826,2940.2705356159126
batch_018:465,14985.371671666617,14169.559032093832,13230.219321095152,11910.756842857374
batch_018:466,13981.01000569023,13397.913058207547,12433.659877495222,11316.315477021395
batch_018:467,10242.700981731467,10041.906425617422,9807.439297991106,9477.199644784585
batch_018:468,3151.3720230168533,3036.0556093472787,2938.121381017826,2940.2705356159126
batch_018:469,3151.3720230168533,3036.0556093472787,2938.121381017826,2940.2705356159126
batch_018:470,4702.473030623043,4490.521834554129,4170.054641347106,3948.1244012793154
batch_018:471,3151.3720230168533,3036.0556093472787,2938.121381017826,2940.2705356159126
batch_018:472,14986.727377298577,14173.080585675301,13227.842114585339,11908.094483986768
batch_018:473,3151.3720230168533,3036.0556093472787,2938.121381017826,2940.2705356159126
batch_018:474,3151.3720230168533,3036.0556093472787,2938.121381017826,2940.2705356159126
batch_018:475,15008.927242031601,14188.033472539257,13244.458927231986,11922.881767589886
batch_018:476,3151.3720230168533,3036.0556093472787,2938.121381017826,2940.2705356159126
batch_018:477,4629.109138874286,4431.221831448713,4115.608037368439,3910.183552462428
batch_018:478,14988.36840006512,14171.056399476613,13232.63595745099,11910.802767905694
batch_018:479,14992.465446834774,14176.3396583361,13230.875321592604,11909.068703392688
batch_018:480,4654.562975395147,4453.92700692594,4144.143218669263,3930.3166993851914
batch_018:481,7400.266506167443,7225.798087075071,7065.816183974527,6801.46199293356
batch_018:482,14997.817098280442,14178.16948927409,13236.85953129721,11917.043049564887
batch_018:483,3151.3720230168533,3036.0556093472787,2938.121381017826,2940.2705356159126
batch_018:484,10245.764585144661,10043.997481300234,9812.585104845684,9482.858964917008
batch_018:485,6346.41581071433,6148.768214679614,5772.326845535012,5348.116304744086
batch_018:486,3151.3720230168533,3036.0556093472787,2938.121381017826,2940.2705356159126
batch_018:487,3151.3720230168533,3036.0556093472787,2938.121381017826,2940.2705356159126
batch_018:488,3151.3720230168533,3036.0556093472787,2938.121381017826,2940.2705356159126
batch_018:489,13973.447633699525,13393.094200213105,12437.012292202118,11323.548374424063
batch_018:490,3151.3720230168533,3036.0556093472787,2938.121381017826,2940.2705356159126
batch_018:491,10239.04077441352,10039.087407528943,9801.435341467919,9469.105846779446
batch_018:492,10242.780138812333,10042.06042543681,9807.921193149225,9477.061955055857
batch_018:493,3151.3720230168533,3036.0556093472787,2938.121381017826,2940.2705356159126
batch_018:494,4620.985453993196,4419.90648801373,4114.640823136106,3909.133356231607
batch_018:495,3151.3720230168533,3036.0556093472787,2938.121381017826,2940.2705356159126
batch_018:496,3151.3720230168533,3036.0556093472787,2938.121381017826,2940.2705356159126
batch_018:497,10255.744265718447,10054.358589864929,9816.460075620931,9483.942144031256
batch_018:498,3151.3720230168533,3036.0556093472787,2938.121381017826,2940.2705356159126
batch_018:499,3151.3720230168533,3036.0556093472787,2938.121381017826,2940.2705356159126
batch_018:500,10252.254850706458,10050.514189453812,9818.496684345173,9487.012151069419
batch_018:501,3151.3720230168533,3036.0556093472787,2938.121381017826,2940.2705356159126
batch_018:502,6350.176762540018,6147.1650423009305,5769.89091056488,5345.678687448565
batch_018:503,3151.3720230168533,3036.0556093472787,2938.121381017826,2940.2705356159126
batch_018:504,13958.747139824243,13379.478041679118,12423.477879749586,11308.828110522985
batch_018:505,3151.3720230168533,3036.0556093472787,2938.121381017826,2940.2705356159126
batch_018:506,13960.421191057016,13380.255310689252,12422.716096384764,11306.038152122312
batch_018:507,3151.3720230168533,3036.0556093472787,2938.121381017826,2940.2705356159126
batch_018:508,3151.3720230168533,3036.0556093472787,2938.121381017826,2940.2705356159126
batch_018:509,3151.3720230168533,3036.0556093472787,2938.121381017826,2940.2705356159126
batch_018:510,3151.3720230168533,3036.0556093472787,2938.121381017826,2940.2705356159126
batch_018:511,6344.408506884116,6149.975072091994,5776.187533983215,5353.562913171611
batch_018:512,4596.292651673373,4404.17607571907,4097.344929946401,3896.3456782183907
batch_018:513,14998.154934119466,14176.71459307852,13237.018745677284,11915.946719000802
batch_018:514,3151.3720230168533,3036.0556093472787,2938.121381017826,2940.2705356159126
batch_018:515,3151.3720230168533,3036.0556093472787,2938.121381017826,2940.2705356159126
batch_018:516,15000.466772829664,14180.62491222937,13241.554529362002,11918.780633645265
batch_018:517,10244.609771856618,10040.36207769829,9801.406652979833,9469.667229620925
batch_018:518,3151.3720230168533,3036.0556093472787,2938.121381017826,2940.2705356159126
batch_018:519,3151.3720230168533,3036.0556093472787,2938.121381017826,2940.2705356159126
batch_018:520,4715.159270694156,4502.3380548764435,4193.914855182728,4129.961042680048
batch_018:521,3151.3720230168533,3036.0556093472787,2938.121381017826,2940.2705356159126
batch_018:522,14998.355770344431,14179.815442488165,13233.895576197925,11912.891574223038
batch_018:523,3151.3720230168533,3036.0556093472787,2938.121381017826,2940.2705356159126
batch_018:524,4596.668248118257,4403.000760994985,4098.166417625529,3898.5286623347893
batch_018:525,3151.3720230168533,3036.0556093472787,2938.121381017826,2940.2705356159126
batch_018:526,3151.3720230168533,3036.0556093472787,2938.121381017826,2940.2705356159126
batch_018:527,3151.3720230168533,3036.0556093472787,2938.121381017826,2940.2705356159126
batch_018:528,7410.59741171938,7238.0425423552715,7077.653265226225,6808.8021637819165
batch_018:529,7404.831415441289,7225.582563425727,7058.899633361954,6791.802327047209
batch_018:530,15001.716974861754,14181.54108698195,13240.391698916097,11919.713145902262
batch_018:531,3151.3720230168533,3036.0556093472787,2938.121381017826,2940.2705356159126
batch_018:532,4644.093953209125,4437.471381710996,4128.461825998289,3919.8855474465827
batch_018:533,3151.3720230168533,3036.0556093472787,2938.121381017826,2940.2705356159126
batch_018:534,3151.3720230168533,3036.0556093472787,2938.121381017826,2940.2705356159126
batch_018:535,7421.059974025886,7241.05901237702,7074.280706823867,6802.17615519318
batch_018:536,6348.763331982321,6152.0322308711275,5776.127859317623,5353.996910359607
batch_018:537,3151.3720230168533,3036.0556093472787,2938.121381017826,2940.2705356159126
batch_018:538,15022.548960265,14194.858619734534,13256.111504013305,11933.592172150584
batch_018:539,3151.3720230168533,3036.0556093472787,2938.121381017826,2940.2705356159126
batch_018:540,13979.613094968883,13396.002537393211,12430.394173300052,11315.066419846418
batch_018:541,14988.051788458211,14170.79834128442,13230.330266455427,11908.021094043685
batch_018:542,10262.960590368359,10060.681262588743,9823.627473489645,9488.32803921344
batch_018:543,3151.3720230168533,3036.0556093472787,2938.121381017826,2940.2705356159126
batch_018:544,3151.3720230168533,3036.0556093472787,2938.121381017826,2940.2705356159126
batch_018:545,3151.3720230168533,3036.0556093472787,2938.121381017826,2940.2705356159126
batch_018:546,13965.59309976535,13387.735771407053,12429.999217899614,11316.459110895166
batch_018:547,3151.3720230168533,3036.0556093472787,2938.121381017826,2940.2705356159126
batch_018:548,13967.983911739899,13385.703156331103,12428.652701282674,11315.582721770392
batch_018:549,7416.058068545053,7237.935229438075,7072.956519516822,6798.814350471972
batch_018:550,10246.89357963012,10043.82412469373,9809.57954227725,9480.242060955245
batch_018:551,3151.3720230168533,3036.0556093472787,2938.121381017826,2940.2705356159126
batch_018:552,15023.285297638362,14199.027495039249,13257.991459658788,11935.595451876488
batch_018:553,4620.533911968594,4421.068951175735,4107.229831340972,3902.708327011337
batch_018:554,13963.544553025456,13384.267062286292,12432.126140294571,11315.964042252805
batch_018:555,3151.3720230168533,3036.0556093472787,2938.121381017826,2940.2705356159126
batch_018:556,10259.54951072781,10059.110919107148,9823.572565593951,9488.508957728409
batch_018:557,3151.3720230168533,3036.0556093472787,2938.121381017826,2940.2705356159126
batch_018:558,10253.808131173118,10054.877669588219,9823.851128098218,9492.124227044696
batch_018:559,13961.2493735547,13383.281649822393,12424.365255430548,11312.191076248426
batch_018:560,3151.3720230168533,3036.0556093472787,2938.121381017826,2940.2705356159126
batch_018:561,15003.8426476087,14178.583148514488,13234.861235009528,11912.413495022614
batch_018:562,3151.3720230168533,3036.0556093472787,2938.121381017826,2940.2705356159126
batch_018:563,3151.3720230168533,3036.0556093472787,2938.121381017826,2940.2705356159126
batch_018:564,3151.3720230168533,3036.0556093472787,2938.121381017826,2940.2705356159126
batch_018:565,6334.467743164256,6131.998789296788,5759.566217349062,5340.698166987776
batch_018:566,3151.3720230168533,3036.0556093472787,2938.121381017826,2940.2705356159126
batch_018:567,6342.79666520509,6145.041363805538,5770.416419119382,5349.660060358794
batch_018:568,10264.363836690676,10063.087518577333,9828.723088086588,9495.098897156688
batch_018:569,3151.3720230168533,3036.0556093472787,2938.121381017826,2940.2705356159126
batch_018:570,13962.205848074713,13382.966550892921,12428.55471070555,11314.35068052492
batch_018:571,6348.625449524909,6143.992675019686,5768.966748217346,5351.62304031965
batch_018:572,3151.3720230168533,3036.0556093472787,2938.121381017826,2940.2705356159126
batch_018:573,3151.3720230168533,3036.0556093472787,2938.121381017826,2940.2705356159126
batch_018:574,3151.3720230168533,3036.0556093472787,2938.121381017826,2940.2705356159126
batch_018:575,3151.3720230168533,3036.0556093472787,2938.121381017826,2940.2705356159126
batch_018:576,4650.547246856092,4442.897962134857,4129.002000301509,3919.578777688039
batch_018:577,3151.3720230168533,3036.0556093472787,2938.121381017826,2940.2705356159126
batch_018:578,6338.127535654411,6138.750789968222,5763.789685581412,5342.204706075243
batch_018:579,15003.350928512333,14179.225267961701,13239.656177818448,11919.181460109627
batch_018:580,6353.368665578258,6149.386407006285,5772.231209620633,5351.603722015514
batch_018:581,3151.3720230168533,3036.0556093472787,2938.121381017826,2940.2705356159126
batch_018:582,15001.987951537594,14179.350932143338,13237.030024471187,11917.213425658947
batch_018:583,3151.3720230168533,3036.0556093472787,2938.121381017826,2940.2705356159126
batch_018:584,13944.649772553877,13365.998862672763,12400.938864698874,11288.275896182591
batch_018:585,10243.843516129757,10045.728836271965,9814.578456558042,9481.26520939995
batch_018:586,3151.3720230168533,3036.0556093472787,2938.121381017826,2940.2705356159126
batch_018:587,3151.3720230168533,3036.0556093472787,2938.121381017826,2940.2705356159126
batch_018:588,3151.3720230168533,3036.0556093472787,2938.121381017826,2940.2705356159126
batch_018:589,6336.042986202746,6135.045122440588,5762.031819916791,5338.397959514316
batch_018:590,3151.3720230168533,3036.0556093472787,2938.121381017826,2940.2705356159126
batch_018:591,15008.418450172214,14186.437375430938,13246.390632357003,11926.593560330628
batch_018:592,13962.92378586809,13381.142087155546,12419.873672220334,11307.56853600356
batch_018:593,7413.247862897291,7233.7884430734775,7063.809477293896,6791.79602749718
batch_018:594,7410.530677359746,7228.348953981329,7066.856211556889,6802.187355609487
batch_018:595,7414.89961305291,7236.670449194413,7071.196599907247,6799.884288511711
batch_018:596,6341.74427889957,6141.22756032442,5767.170648987023,5346.036476198162
batch_018:597,3151.3720230168533,3036.0556093472787,2938.121381017826,2940.2705356159126
batch_018:598,6353.267089969278,6152.726835300593,5776.809493364255,5352.478420487242
batch_018:599,3151.3720230168533,3036.0556093472787,2938.121381017826,2940.2705356159126
batch_018:600,3151.3720230168533,3036.0556093472787,2938.121381017826,2940.2705356159126
batch_018:601,3151.3720230168533,3036.0556093472787,2938.121381017826,2940.2705356159126
batch_018:602,3151.3720230168533,3036.0556093472787,2938.121381017826,2940.2705356159126
batch_018:603,3151.3720230168533,3036.0556093472787,2938.121381017826,2940.2705356159126
batch_018:604,3151.3720230168533,3036.0556093472787,2938.121381017826,2940.2705356159126
batch_018:605,10251.452504260582,10050.599591726472,9812.068271558453,9478.066050091013
batch_018:606,3151.3720230168533,3036.0556093472787,2938.121381017826,2940.2705356159126
batch_018:607,7418.060700280363,7240.572677910136,7071.230942293796,6798.972629160694
batch_018:608,3151.3720230168533,3036.0556093472787,2938.121381017826,2940.2705356159126
batch_018:609,7429.832236783404,7243.657610288181,7076.523500380088,6805.4895922933265
batch_018:610,4605.946097606295,4411.4271921702675,4105.539037131903,3900.809915111161
batch_018:611,4651.40188876418,4449.046462339506,4133.964963880931,3919.8997812489015
batch_018:612,14984.676054788784,14167.58957529069,13228.817731826693,11906.70559276395
batch_018:613,10254.898005715784,10051.648931687652,9818.016859935733,9487.191211946381
batch_018:614,3151.3720230168533,3036.0556093472787,2938.121381017826,2940.2705356159126
batch_018:615,10251.444704650065,10047.908957473082,9809.962858534189,9478.4634286978
batch_018:616,3151.3720230168533,3036.0556093472787,2938.121381017826,2940.2705356159126
batch_018:617,3151.3720230168533,3036.0556093472787,2938.121381017826,2940.2705356159126
batch_018:618,3151.3720230168533,3036.0556093472787,2938.121381017826,2940.2705356159126
batch_018:619,10244.609771856618,10040.36207769829,9801.406652979833,9469.667229620925
batch_018:620,13962.92378586809,13381.142087155546,12419.873672220334,11307.56853600356
batch_018:621,3151.3720230168533,3036.0556093472787,2938.121381017826,2940.2705356159126
batch_018:622,4636.606573287362,4438.829255544372,4125.701161665452,3914.44689552474
batch_018:623,14999.914915200428,14179.327862062803,13240.784633965777,11920.852736140769
batch_018:624,15002.578181021208,14181.397472985467,13243.626230070338,11919.294144371663
batch_018:625,3151.3720230168533,3036.0556093472787,2938.121381017826,2940.2705356159126
batch_018:626,3151.3720230168533,3036.0556093472787,2938.121381017826,2940.2705356159126
batch_018:627,4624.287531416072,4425.266604283158,4111.759492448093,3902.5755480453454
batch_018:628,6345.000567521544,6145.088896713905,5769.706757645457,5346.581071294341
batch_018:629,14986.374868182891,14170.228684655385,13227.676891005172,11905.322360234435
batch_018:630,3151.3720230168533,3036.0556093472787,2938.121381017826,2940.2705356159126
batch_018:631,13959.95598086978,13374.825017709245,12418.39757271135,11302.831766793006
batch_018:632,15003.511554271941,14183.306654895347,13246.113633854746,11924.42163164014
batch_018:633,3151.3720230168533,3036.0556093472787,2938.121381017826,2940.2705356159126
batch_018:634,3151.3720230168533,3036.0556093472787,2938.121381017826,2940.2705356159126
batch_018:635,3151.3720230168533,3036.0556093472787,2938.121381017826,2940.2705356159126
batch_018:636,3151.3720230168533,3036.0556093472787,2938.121381017826,2940.2705356159126
batch_018:637,4660.1969529558855,4454.448221822844,4141.635794353903,3927.2923507415535
batch_018:638,10245.25356182392,10043.137485205918,9807.344572883561,9478.329830901075
batch_018:639,3151.3720230168533,3036.0556093472787,2938.121381017826,2940.2705356159126
batch_018:640,3151.3720230168533,3036.0556093472787,2938.121381017826,2940.2705356159126
batch_018:641,3151.3720230168533,3036.0556093472787,2938.121381017826,2940.2705356159126
batch_018:642,13954.515411161465,13377.557698469996,12418.515896243078,11306.694490510556
batch_018:643,3151.3720230168533,3036.0556093472787,2938.121381017826,2940.2705356159126
batch_018:644,3151.3720230168533,3036.0556093472787,2938.121381017826,2940.2705356159126
batch_018:645,3151.3720230168533,3036.0556093472787,2938.121381017826,2940.2705356159126
batch_018:646,3151.3720230168533,3036.0556093472787,2938.121381017826,2940.2705356159126
batch_018:647,3151.3720230168533,3036.0556093472787,2938.121381017826,2940.2705356159126
batch_018:648,10240.22002874208,10042.015550312277,9816.415459285692,9489.175059935465
batch_018:649,4632.713452867377,4438.474920406463,4125.092744366053,3911.7010122594647
batch_018:650,3151.3720230168533,3036.0556093472787,2938.121381017826,2940.2705356159126
batch_018:651,6340.184433757055,6139.589272616068,5763.387164168851,5341.032876552399
batch_018:652,3151.3720230168533,3036.0556093472787,2938.121381017826,2940.2705356159126
batch_018:653,3151.3720230168533,3036.0556093472787,2938.121381017826,2940.2705356159126
batch_018:654,3151.3720230168533,3036.0556093472787,2938.121381017826,2940.2705356159126
batch_018:655,3151.3720230168533,3036.0556093472787,2938.121381017826,2940.2705356159126
batch_018:656,6333.867154533685,6133.456151249175,5759.619824491643,5337.566366103358
batch_018:657,10253.159503136098,10053.359313910607,9819.01332046979,9485.60022881899
batch_018:658,7416.35536387986,7232.681140654507,7067.792578272158,6804.4993354856015
batch_018:659,3151.3720230168533,3036.0556093472787,2938.121381017826,2940.2705356159126
batch_018:660,3151.3720230168533,3036.0556093472787,2938.121381017826,2940.2705356159126
batch_018:661,10261.380670894314,10060.607518260462,9823.197161558768,9487.679915950785
batch_018:662,14990.999178323584,14174.824675290793,13233.123281134449,11913.196017037257
batch_018:663,10240.192188742774,10039.59043311044,9806.605949895758,9476.190500402037
batch_018:664,7398.3010579486945,7220.731614994261,7055.851257316508,6785.206545485368
batch_018:665,3151.3720230168533,3036.0556093472787,2938.121381017826,2940.2705356159126
batch_018:666,10245.106652168904,10044.30213585882,9815.155213995673,9485.080153569925
batch_018:667,4618.366033984118,4423.558940620679,4112.640203083696,3907.30827878588
batch_018:668,6344.35206975383,6141.760651402428,5764.766835193961,5343.827357049157
batch_018:669,3151.3720230168533,3036.0556093472787,2938.121381017826,2940.2705356159126
batch_018:670,3151.3720230168533,3036.0556093472787,2938.121381017826,2940.2705356159126
batch_018:671,14988.317222754478,14171.311788225445,13227.673021000854,11906.937799387299
batch_018:672,3151.3720230168533,3036.0556093472787,2938.121381017826,2940.2705356159126
batch_018:673,3151.3720230168533,3036.0556093472787,2938.121381017826,2940.2705356159126
batch_018:674,7417.584312683226,7237.678063377006,7071.67027985379,6802.039824347854
batch_018:675,14995.64529031382,14177.609971826834,13231.731264867338,11913.317162373982
batch_018:676,6333.174218077375,6130.181196104171,5757.20202402196,5336.235471165662
batch_018:677,10253.68045668715,10053.986460960445,9817.685035581155,9484.171791085893
batch_018:678,3151.3720230168533,3036.0556093472787,2938.121381017826,2940.2705356159126
batch_018:679,14999.152168251567,14179.17098012539,13238.115313522709,11915.328251539482
batch_018:680,7436.240501257141,7250.33500987389,7084.739468741396,6813.789342565097
batch_018:681,14992.7037778582,14175.424339095925,13237.211984492084,11915.06006441445
batch_018:682,3151.3720230168533,3036.0556093472787,2938.121381017826,2940.2705356159126
batch_018:683,3151.3720230168533,3036.0556093472787,2938.121381017826,2940.2705356159126
batch_018:684,15017.287707465706,14196.259253331116,13253.327780259708,11930.637608325562
batch_018:685,3151.3720230168533,3036.0556093472787,2938.121381017826,2940.2705356159126
batch_018:686,3151.3720230168533,3036.0556093472787,2938.121381017826,2940.2705356159126
batch_018:687,7427.8374662273045,7243.68456589411,7077.398375521003,6805.729442476715
batch_018:688,6343.008449331673,6143.143428684885,5766.387617332269,5344.677874805901
batch_018:689,3151.3720230168533,3036.0556093472787,2938.121381017826,2940.2705356159126
batch_018:690,15011.694530868655,14188.629601635868,13246.789944922943,11925.199964485804
batch_018:691,3151.3720230168533,3036.0556093472787,2938.121381017826,2940.2705356159126
batch_018:692,6345.7334777033375,6144.973905563822,5767.658015007796,5346.334245114873
batch_018:693,3151.3720230168533,3036.0556093472787,2938.121381017826,2940.2705356159126
batch_018:694,14985.281002919995,14170.657515858898,13227.146212712027,11906.006698555213
batch_018:695,6358.40249452247,6161.404425061828,5785.352553054165,5360.157760078349
batch_018:696,4611.529327008525,4417.333079755179,4110.819904947267,3906.398922877701
batch_018:697,3151.3720230168533,3036.0556093472787,2938.121381017826,2940.2705356159126
batch_018:698,3151.3720230168533,3036.0556093472787,2938.121381017826,2940.2705356159126
batch_018:699,3151.3720230168533,3036.0556093472787,2938.121381017826,2940.2705356159126
batch_018:700,3151.3720230168533,3036.0556093472787,2938.121381017826,2940.2705356159126
batch_018:701,7415.051633462269,7238.085632046706,7072.796633867525,6801.065355969321
batch_018:702,3151.3720230168533,3036.0556093472787,2938.121381017826,2940.2705356159126
batch_018:703,3151.3720230168533,3036.0556093472787,2938.121381017826,2940.2705356159126
batch_018:704,3151.3720230168533,3036.0556093472787,2938.121381017826,2940.2705356159126
batch_018:705,6344.974941551694,6149.084912458123,5771.242569574984,5348.318934033255
batch_018:706,7424.420871615664,7242.047171844866,7080.977914255456,6809.7495293240045
batch_018:707,3151.3720230168533,3036.0556093472787,2938.121381017826,2940.2705356159126
batch_018:708,3151.3720230168533,3036.0556093472787,2938.121381017826,2940.2705356159126
batch_018:709,7403.711377674398,7228.866314313841,7068.060386286208,6800.393394631311
batch_018:710,3151.3720230168533,3036.0556093472787,2938.121381017826,2940.2705356159126
batch_018:711,3151.3720230168533,3036.0556093472787,2938.121381017826,2940.2705356159126
batch_018:712,3151.3720230168533,3036.0556093472787,2938.121381017826,2940.2705356159126
batch_018:713,13970.669404041268,13388.071448634553,12429.984942872885,11314.965390417245
batch_018:714,15000.666927082264,14179.687987777681,13240.170557003355,11920.960615499083
batch_018:715,3151.3720230168533,3036.0556093472787,2938.121381017826,2940.2705356159126
batch_018:716,10264.366925260827,10064.509534266184,9833.655873619513,9497.22173878894
batch_018:717,7402.303716443534,7224.786948202172,7065.295071537346,6799.251804951646
batch_018:718,6337.2391075640435,6137.627506763878,5765.633348974234,5344.42998931558
batch_018:719,3151.3720230168533,3036.0556093472787,2938.121381017826,2940.2705356159126
batch_018:720,15001.810099190032,14180.575988464127,13242.352606622328,11921.037295113814
batch_018:721,3151.3720230168533,3036.0556093472787,2938.121381017826,2940.2705356159126
batch_018:722,6325.63326028159,6129.784422117837,5758.988501424861,5337.921890313706
batch_018:723,15008.714098603132,14186.873647153037,13240.729445216395,11918.167744709688
batch_018:724,3151.3720230168533,3036.0556093472787,2938.121381017826,2940.2705356159126
batch_018:725,10251.879091402123,10053.902766101017,9823.328091347488,9488.486469031657
batch_018:726,3151.3720230168533,3036.0556093472787,2938.121381017826,2940.2705356159126
batch_018:727,3151.3720230168533,3036.0556093472787,2938.121381017826,2940.2705356159126
batch_018:728,3151.3720230168533,3036.0556093472787,2938.121381017826,2940.2705356159126
batch_018:729,3151.3720230168533,3036.0556093472787,2938.121381017826,2940.2705356159126
batch_018:730,7405.230081878433,7227.237671482766,7060.312577762073,6788.209748172688
batch_018:731,3151.3720230168533,3036.0556093472787,2938.121381017826,2940.2705356159126
batch_018:732,3151.3720230168533,3036.0556093472787,2938.121381017826,2940.2705356159126
batch_018:733,3151.3720230168533,3036.0556093472787,2938.121381017826,2940.2705356159126
batch_018:734,4648.712612259999,4445.800905728757,4132.499179559434,3921.1223604014967
batch_018:735,3151.3720230168533,3036.0556093472787,2938.121381017826,2940.2705356159126
batch_018:736,3151.3720230168533,3036.0556093472787,2938.121381017826,2940.2705356159126
batch_018:737,3151.3720230168533,3036.0556093472787,2938.121381017826,2940.2705356159126
batch_018:738,3151.3720230168533,3036.0556093472787,2938.121381017826,2940.2705356159126
batch_018:739,4685.386310709528,4476.914620780751,4158.852969797895,3935.9638369410573
batch_018:740,14985.045216697907,14167.964273081925,13225.405060957077,11905.074384409883
batch_018:741,14985.045216697907,14167.964273081925,13225.405060957077,11905.074384409883
batch_018:742,13970.217151761068,13391.72220381145,12427.891725278369,11314.754075297642
batch_018:743,6346.409134309572,6146.863541834859,5770.732792465029,5346.88175897199
batch_018:744,13972.254643111852,13393.041657162907,12430.79907647047,11315.887252058274
batch_018:745,3151.3720230168533,3036.0556093472787,2938.121381017826,2940.2705356159126
batch_018:746,4651.40188876418,4449.046462339506,4133.964963880931,3919.8997812489015
batch_018:747,3151.3720230168533,3036.0556093472787,2938.121381017826,2940.2705356159126
batch_018:748,3151.3720230168533,3036.0556093472787,2938.121381017826,2940.2705356159126
batch_018:749,6341.069750373064,6144.785623883285,5767.3711960358305,5345.217186960458
batch_018:750,3151.3720230168533,3036.0556093472787,2938.121381017826,2940.2705356159126
batch_018:751,3151.3720230168533,3036.0556093472787,2938.121381017826,2940.2705356159126
batch_018:752,3151.3720230168533,3036.0556093472787,2938.121381017826,2940.2705356159126
batch_018:753,13981.376161392904,13396.835764067653,12434.7591326295,11317.845601251882
batch_018:754,3151.3720230168533,3036.0556093472787,2938.121381017826,2940.2705356159126
batch_018:755,13967.187201332803,13385.820004635512,12424.533203982968,11310.180667853949
batch_018:756,7398.072961959709,7221.657474572458,7055.785194050848,6786.377106385012
batch_018:757,3151.3720230168533,3036.0556093472787,2938.121381017826,2940.2705356159126
batch_018:758,3151.3720230168533,3036.0556093472787,2938.121381017826,2940.2705356159126
batch_018:759,3151.3720230168533,3036.0556093472787,2938.121381017826,2940.2705356159126
batch_018:760,3151.3720230168533,3036.0556093472787,2938.121381017826,2940.2705356159126
batch_018:761,3151.3720230168533,3036.0556093472787,2938.121381017826,2940.2705356159126
batch_018:762,4621.310869261841,4422.952921442276,4113.990605416114,3909.896720502082
batch_018:763,3151.3720230168533,3036.0556093472787,2938.121381017826,2940.2705356159126
batch_018:764,10251.868117566086,10050.461156534639,9814.65085970044,9482.958521484665
batch_018:765,14987.805953544339,14171.125118361404,13229.23979895052,11909.143626305588
batch_018:766,3151.3720230168533,3036.0556093472787,2938.121381017826,2940.2705356159126
batch_018:767,3151.3720230168533,3036.0556093472787,2938.121381017826,2940.2705356159126
batch_018:768,15006.485624202784,14181.37512316848,13245.278144019423,11923.213378771938
batch_018:769,3151.3720230168533,3036.0556093472787,2938.121381017826,2940.2705356159126
batch_018:770,13968.663747306939,13386.902833919543,12428.56050473851,11312.859443833893
batch_018:771,4668.6506794322695,4462.1223681459,4147.506086870575,3931.0304273800575
batch_018:772,4607.819094852804,4417.034079618006,4105.983004222246,3900.2781440885356
batch_018:773,10259.877530164877,10062.879127291348,9834.53119200553,9499.369011663988
batch_018:774,10246.928958368266,10045.673856049236,9811.235906749027,9478.795212883086
batch_018:775,4643.871406221016,4443.734914879682,4126.444446488911,3911.6854170683164
batch_018:776,13973.668267416497,13392.658399481126,12431.9836957847,11313.861718978405
batch_018:777,4618.608064911106,4424.071561943596,4117.236167756568,3911.078195145669
batch_018:778,3151.3720230168533,3036.0556093472787,2938.121381017826,2940.2705356159126
batch_018:779,3151.3720230168533,3036.0556093472787,2938.121381017826,2940.2705356159126
batch_018:780,6344.7745981197895,6143.499572625554,5766.616138380296,5344.027858084391
batch_018:781,3151.3720230168533,3036.0556093472787,2938.121381017826,2940.2705356159126
batch_018:782,3151.3720230168533,3036.0556093472787,2938.121381017826,2940.2705356159126
batch_018:783,7420.140111144979,7235.049209131801,7071.37074301554,6800.407636141026
batch_018:784,3151.3720230168533,3036.0556093472787,2938.121381017826,2940.2705356159126
batch_018:785,10253.548044746889,10055.839929455244,9830.43745208603,9498.404178427605
batch_018:786,3151.3720230168533,3036.0556093472787,2938.121381017826,2940.2705356159126
batch_018:787,10256.57866364899,10057.546290200204,9822.220470591632,9491.400379990404
batch_018:788,3151.3720230168533,3036.0556093472787,2938.121381017826,2940.2705356159126
batch_018:789,4611.0208483778415,4417.415581724836,4117.472938592594,3912.2232771803165
batch_018:790,3151.3720230168533,3036.0556093472787,2938.121381017826,2940.2705356159126
batch_018:791,14990.74123288887,14174.905704277422,13230.809310274935,11910.208075797344
batch_018:792,3151.3720230168533,3036.0556093472787,2938.121381017826,2940.2705356159126
batch_018:793,6341.466017787047,6139.104478021946,5761.945349437069,5339.377628014177
batch_018:794,15015.780956409097,14194.374454562247,13252.16211537743,11929.772570511022
batch_018:795,7403.711377674398,7228.866314313841,7068.060386286208,6800.393394631311
batch_018:796,3151.3720230168533,3036.0556093472787,2938.121381017826,2940.2705356159126
batch_018:797,7434.906892267776,7247.921737475828,7084.137634463178,6813.346791594154
batch_018:798,10251.305994859658,10051.541432141415,9818.060986501092,9484.640537978292
batch_018:799,3151.3720230168533,3036.0556093472787,2938.121381017826,2940.2705356159126
batch_018:800,3151.3720230168533,3036.0556093472787,2938.121381017826,2940.2705356159126
batch_018:801,3151.3720230168533,3036.0556093472787,2938.121381017826,2940.2705356159126
batch_018:802,6344.35206975383,6141.760651402428,5764.766835193961,5343.827357049157
batch_018:803,3151.3720230168533,3036.0556093472787,2938.121381017826,2940.2705356159126
batch_018:804,15003.406413347102,14184.183815755057,13242.419827704136,11920.056147975609
batch_018:805,3151.3720230168533,3036.0556093472787,2938.121381017826,2940.2705356159126
batch_018:806,3151.3720230168533,3036.0556093472787,2938.121381017826,2940.2705356159126
batch_018:807,3151.3720230168533,3036.0556093472787,2938.121381017826,2940.2705356159126
batch_018:808,3151.3720230168533,3036.0556093472787,2938.121381017826,2940.2705356159126
batch_018:809,3151.3720230168533,3036.0556093472787,2938.121381017826,2940.2705356159126
batch_018:810,13966.706609086841,13386.2918184247,12422.833353536005,11307.171810951042
batch_018:811,3151.3720230168533,3036.0556093472787,2938.121381017826,2940.2705356159126
batch_018:812,3151.3720230168533,3036.0556093472787,2938.121381017826,2940.2705356159126
batch_018:813,15001.650967923675,14181.480230794848,13240.355185203833,11919.736514308592
batch_018:814,13958.363290261774,13379.924368366597,12423.140456768211,11308.79715013187
batch_018:815,4624.287531416072,4425.266604283158,4111.759492448093,3902.5755480453454
batch_018:816,3151.3720230168533,3036.0556093472787,2938.121381017826,2940.2705356159126
batch_018:817,3151.3720230168533,3036.0556093472787,2938.121381017826,2940.2705356159126
batch_018:818,3151.3720230168533,3036.0556093472787,2938.121381017826,2940.2705356159126
batch_018:819,3151.3720230168533,3036.0556093472787,2938.121381017826,2940.2705356159126
batch_018:820,3151.3720230168533,3036.0556093472787,2938.121381017826,2940.2705356159126
batch_018:821,3151.3720230168533,3036.0556093472787,2938.121381017826,2940.2705356159126
batch_018:822,3151.3720230168533,3036.0556093472787,2938.121381017826,2940.2705356159126
batch_018:823,15000.702803921939,14181.06760503315,13238.873041180464,11916.246212241866
batch_018:824,3151.3720230168533,3036.0556093472787,2938.121381017826,2940.2705356159126
batch_018:825,3151.3720230168533,3036.0556093472787,2938.121381017826,2940.2705356159126
batch_018:826,7421.424019966849,7239.740645252117,7073.230613390592,6799.635758833605
batch_018:827,10254.740913862077,10052.883617658139,9820.215828402881,9487.183572213813
batch_018:828,4643.071402606468,4441.893390938639,4149.858215246455,3933.8301859286303
batch_018:829,7407.7395283675105,7229.998504362096,7069.195877764135,6801.396179795348
batch_018:830,15022.493950169413,14195.8263517482,13258.63720426022,11934.224314159297
batch_018:831,14988.216747972037,14172.056039681967,13227.659185019007,11907.650620309141
batch_018:832,3151.3720230168533,3036.0556093472787,2938.121381017826,2940.2705356159126
batch_018:833,7422.439227156368,7242.995158839785,7077.47875581359,6804.090947743492
batch_018:834,3151.3720230168533,3036.0556093472787,2938.121381017826,2940.2705356159126
batch_018:835,13952.08139672601,13374.068798506396,12416.046206861552,11302.992185772255
batch_018:836,4640.843546103365,4444.283271959405,4139.786227467158,3927.555735087722
batch_018:837,3151.3720230168533,3036.0556093472787,2938.121381017826,2940.2705356159126
batch_018:838,3151.3720230168533,3036.0556093472787,2938.121381017826,2940.2705356159126
batch_018:839,4617.619737559518,4417.191353942335,4111.524087034006,3908.526441461684
batch_018:840,3151.3720230168533,3036.0556093472787,2938.121381017826,2940.2705356159126
batch_018:841,3151.3720230168533,3036.0556093472787,2938.121381017826,2940.2705356159126
batch_018:842,4615.6025333722355,4422.4468027254825,4113.201182206332,3903.2507466374723
batch_018:843,3151.3720230168533,3036.0556093472787,2938.121381017826,2940.2705356159126
batch_018:844,3151.3720230168533,3036.0556093472787,2938.121381017826,2940.2705356159126
batch_018:845,3151.3720230168533,3036.0556093472787,2938.121381017826,2940.2705356159126
batch_018:846,3151.3720230168533,3036.0556093472787,2938.121381017826,2940.2705356159126
batch_018:847,3151.3720230168533,3036.0556093472787,2938.121381017826,2940.2705356159126
batch_018:848,3151.3720230168533,3036.0556093472787,2938.121381017826,2940.2705356159126
batch_018:849,14997.155503385773,14175.740942568524,13231.382266711069,11911.615045369674
batch_018:850,3151.3720230168533,3036.0556093472787,2938.121381017826,2940.2705356159126
batch_018:851,3151.3720230168533,3036.0556093472787,2938.121381017826,2940.2705356159126
batch_018:852,3151.3720230168533,3036.0556093472787,2938.121381017826,2940.2705356159126
batch_018:853,6345.340396434029,6148.0274937606555,5773.193229374483,5352.428982305791
batch_018:854,3151.3720230168533,3036.0556093472787,2938.121381017826,2940.2705356159126
batch_018:855,3151.3720230168533,3036.0556093472787,2938.121381017826,2940.2705356159126
batch_018:856,10248.156441366777,10048.399470674922,9816.25944141703,9483.491627317686
batch_018:857,10244.769782523037,10045.269283315109,9810.252388083598,9475.91718548839
batch_018:858,3151.3720230168533,3036.0556093472787,2938.121381017826,2940.2705356159126
batch_018:859,15011.694530868655,14188.629601635868,13246.789944922943,11925.199964485804
batch_018:860,13980.991303315786,13398.657954405155,12433.227771918315,11316.784348710815
batch_018:861,7416.058068545053,7237.935229438075,7072.956519516822,6798.814350471972
batch_018:862,10252.473163740973,10055.26733664569,9825.614080799514,9492.499546021501
batch_018:863,3151.3720230168533,3036.0556093472787,2938.121381017826,2940.2705356159126
batch_018:864,4647.826518717422,4449.100074815242,4143.133012313817,3924.504548021088
batch_018:865,3151.3720230168533,3036.0556093472787,2938.121381017826,2940.2705356159126
batch_018:866,4632.812140237199,4435.823108272523,4117.634541253647,3907.9168229006145
batch_018:867,3151.3720230168533,3036.0556093472787,2938.121381017826,2940.2705356159126
batch_018:868,3151.3720230168533,3036.0556093472787,2938.121381017826,2940.2705356159126
batch_018:869,3151.3720230168533,3036.0556093472787,2938.121381017826,2940.2705356159126
batch_018:870,7406.857349797178,7227.504862249078,7054.966034462244,6781.99602166852
batch_018:871,3151.3720230168533,3036.0556093472787,2938.121381017826,2940.2705356159126
batch_018:872,6346.133736113718,6145.375381656115,5769.126459691734,5346.764575198633
batch_018:873,7416.331437866274,7240.8421172312055,7071.075469143642,6796.98929581527
batch_018:874,6341.626625879808,6149.704988581712,5776.024491167163,5350.722164875064
batch_018:875,10241.382296584054,10041.097180821034,9806.483464092022,9475.960814464426
batch_018:876,3151.3720230168533,3036.0556093472787,2938.121381017826,2940.2705356159126
batch_018:877,14997.155503385773,14175.740942568524,13231.382266711069,11911.615045369674
batch_018:878,3151.3720230168533,3036.0556093472787,2938.121381017826,2940.2705356159126
batch_018:879,13964.466897716124,13382.799154868435,12420.994488302747,11307.04953797451
batch_018:880,3151.3720230168533,3036.0556093472787,2938.121381017826,2940.2705356159126
batch_018:881,3151.3720230168533,3036.0556093472787,2938.121381017826,2940.2705356159126
batch_018:882,4621.277105781104,4423.86012881173,4113.766805338151,3909.1431275280347
batch_018:883,10248.13086858476,10048.788217177287,9811.34045505575,9479.340346250621
batch_018:884,4638.251263537504,4436.643950509895,4123.62775523809,3913.468905362318
batch_018:885,3151.3720230168533,3036.0556093472787,2938.121381017826,2940.2705356159126
batch_018:886,3151.3720230168533,3036.0556093472787,2938.121381017826,2940.2705356159126
batch_018:887,7417.150241226964,7240.534410538227,7080.218788537181,6818.526579847935
batch_018:888,3151.3720230168533,3036.0556093472787,2938.121381017826,2940.2705356159126
batch_018:889,3151.3720230168533,3036.0556093472787,2938.121381017826,2940.2705356159126
batch_018:890,6338.82391527957,6144.102391200933,5768.946953560812,5347.321408884357
batch_018:891,3151.3720230168533,3036.0556093472787,2938.121381017826,2940.2705356159126
batch_018:892,4611.606200967643,4411.8667591054345,4104.638577873704,3902.4327280206726
batch_018:893,15004.535541819516,14182.62595914225,13240.680441053131,11918.636490752497
batch_018:894,10247.66466904981,10044.622080469053,9812.77971790468,9483.824182538585
batch_018:895,3151.3720230168533,3036.0556093472787,2938.121381017826,2940.2705356159126
batch_018:896,7412.618400203324,7231.674337018767,7057.859445563523,6786.937520979415
batch_018:897,3151.3720230168533,3036.0556093472787,2938.121381017826,2940.2705356159126
batch_018:898,6337.690848396801,6136.751335630159,5761.969368229869,5342.070996367885
batch_018:899,14986.708339574952,14171.024226265072,13229.500478706355,11909.228143393633
batch_018:900,6353.963195298137,6155.439387501567,5779.2630198052575,5354.154461394781
batch_018:901,10256.57866364899,10057.546290200204,9822.220470591632,9491.400379990404
batch_018:902,3151.3720230168533,3036.0556093472787,2938.121381017826,2940.2705356159126
batch_018:903,3151.3720230168533,3036.0556093472787,2938.121381017826,2940.2705356159126
batch_018:904,3151.3720230168533,3036.0556093472787,2938.121381017826,2940.2705356159126
batch_018:905,3151.3720230168533,3036.0556093472787,2938.121381017826,2940.2705356159126
batch_018:906,10247.440672789951,10048.995686590293,9820.793301527629,9487.571783875303
batch_018:907,3151.3720230168533,3036.0556093472787,2938.121381017826,2940.2705356159126
batch_018:908,3151.3720230168533,3036.0556093472787,2938.121381017826,2940.2705356159126
batch_018:909,4629.109138874286,4431.221831448713,4115.608037368439,3910.183552462428
batch_018:910,4649.9538089390335,4447.831921018802,4136.933849194286,3923.394756030122
batch_018:911,10248.955889427514,10050.691317024193,9820.21089758512,9489.129899071888
batch_018:912,3151.3720230168533,3036.0556093472787,2938.121381017826,2940.2705356159126
batch_018:913,3151.3720230168533,3036.0556093472787,2938.121381017826,2940.2705356159126
batch_018:914,7418.511749546122,7237.720854491788,7069.623056887867,6797.258269715287
batch_018:915,4585.974579131287,4392.686097468626,4091.7612534790555,3893.0158630200485
batch_018:916,4599.666124451344,4407.041958306339,4101.8766253290605,3900.9782239466135
batch_018:917,15004.795885593474,14182.50024633089,13246.185740459538,11923.688922379419
batch_018:918,3151.3720230168533,3036.0556093472787,2938.121381017826,2940.2705356159126
batch_018:919,3151.3720230168533,3036.0556093472787,2938.121381017826,2940.2705356159126
batch_018:920,4642.824122497265,4440.247666514262,4132.297929622354,3921.678990276418
batch_018:921,3151.3720230168533,3036.0556093472787,2938.121381017826,2940.2705356159126
batch_018:922,3151.3720230168533,3036.0556093472787,2938.121381017826,2940.2705356159126
batch_018:923,3151.3720230168533,3036.0556093472787,2938.121381017826,2940.2705356159126
batch_018:924,6348.703991912215,6149.977215935753,5774.035922599076,5350.891808768618
batch_018:925,3151.3720230168533,3036.0556093472787,2938.121381017826,2940.2705356159126
batch_018:926,4634.628680297584,4437.63346263458,4127.577492031935,3914.1536748421404
batch_018:927,13958.363290261774,13379.924368366597,12423.140456768211,11308.79715013187
batch_018:928,3151.3720230168533,3036.0556093472787,2938.121381017826,2940.2705356159126
batch_018:929,3151.3720230168533,3036.0556093472787,2938.121381017826,2940.2705356159126
batch_018:930,3151.3720230168533,3036.0556093472787,2938.121381017826,2940.2705356159126
batch_018:931,3151.3720230168533,3036.0556093472787,2938.121381017826,2940.2705356159126
batch_018:932,3151.3720230168533,3036.0556093472787,2938.121381017826,2940.2705356159126
batch_018:933,13962.135591769784,13382.98697491737,12423.816708866854,11312.248031479281
batch_018:934,4620.044513421903,4419.765573786872,4123.075793433732,3917.226439440726
batch_018:935,6350.553151231295,6146.586115926694,5770.815574291165,5350.895970492597
batch_018:936,6339.7146184026715,6139.436630735194,5764.263699511475,5342.306255623957
batch_018:937,6350.7275707553135,6148.652206909053,5771.4934198400715,5346.557613378378
batch_018:938,10249.197780450335,10050.330935385733,9825.366527947212,9492.520738761023
batch_018:939,3151.3720230168533,3036.0556093472787,2938.121381017826,2940.2705356159126
batch_018:940,10261.771113511015,10058.19813809121,9820.758666076628,9485.963417866838
batch_018:941,6343.475939665268,6140.914427181368,5765.160985912367,5343.452201650119
batch_018:942,3151.3720230168533,3036.0556093472787,2938.121381017826,2940.2705356159126
batch_018:943,4597.231539189691,4405.557816198023,4098.3273335462,3898.215770650899
batch_018:944,13968.799702158969,13386.162890379399,12429.682317388495,11316.311330829009
batch_018:945,3151.3720230168533,3036.0556093472787,2938.121381017826,2940.2705356159126
batch_018:946,3151.3720230168533,3036.0556093472787,2938.121381017826,2940.2705356159126
batch_018:947,3151.3720230168533,3036.0556093472787,2938.121381017826,2940.2705356159126
batch_018:948,6343.769152836637,6139.050424432664,5760.351880232358,5338.69395384037
batch_018:949,3151.3720230168533,3036.0556093472787,2938.121381017826,2940.2705356159126
batch_018:950,10248.351044372712,10046.321032378492,9813.264078614253,9480.796900204681
batch_018:951,3151.3720230168533,3036.0556093472787,2938.121381017826,2940.2705356159126
batch_018:952,4663.273510197763,4458.883288819352,4151.903792877928,3936.1403087847493
batch_018:953,3151.3720230168533,3036.0556093472787,2938.121381017826,2940.2705356159126
batch_018:954,3151.3720230168533,3036.0556093472787,2938.121381017826,2940.2705356159126
batch_018:955,15013.076543445763,14188.406027055067,13249.968131101623,11926.947730900756
batch_018:956,6338.934011944592,6140.92145995416,5765.319970414139,5344.432468301546
batch_018:957,3151.3720230168533,3036.0556093472787,2938.121381017826,2940.2705356159126
batch_018:958,7432.229316289768,7246.778879102663,7075.539435053169,6801.271230513568
batch_018:959,4645.010905736369,4441.090972292694,4127.8688146982195,3917.4907150520585
batch_018:960,6352.58456745303,6158.174633517654,5783.123756668315,5360.6782546476425
batch_018:961,14978.067377548334,14168.586950823872,13228.381211124277,11911.721631979039
batch_018:962,10253.812512581286,10056.913676131271,9824.470078359389,9492.48563882853
batch_018:963,6343.475939665268,6140.914427181368,5765.160985912367,5343.452201650119
batch_018:964,10265.138370552431,10061.719345293111,9822.662996854086,9488.92018481389
batch_018:965,3151.3720230168533,3036.0556093472787,2938.121381017826,2940.2705356159126
batch_018:966,3151.3720230168533,3036.0556093472787,2938.121381017826,2940.2705356159126
batch_018:967,3151.3720230168533,3036.0556093472787,2938.121381017826,2940.2705356159126
batch_018:968,3151.3720230168533,3036.0556093472787,2938.121381017826,2940.2705356159126
batch_018:969,3151.3720230168533,3036.0556093472787,2938.121381017826,2940.2705356159126
batch_018:970,3151.3720230168533,3036.0556093472787,2938.121381017826,2940.2705356159126
batch_018:971,3151.3720230168533,3036.0556093472787,2938.121381017826,2940.2705356159126
batch_018:972,6344.35206975383,6141.760651402428,5764.766835193961,5343.827357049157
batch_018:973,15012.334563691893,14186.690170665326,13248.827051651362,11926.273931879086
batch_018:974,3151.3720230168533,3036.0556093472787,2938.121381017826,2940.2705356159126
batch_018:975,15012.334563691893,14186.690170665326,13248.827051651362,11926.273931879086
batch_018:976,13959.131171643878,13377.069531104175,12420.431423937438,11306.13970384387
batch_018:977,3151.3720230168533,3036.0556093472787,2938.121381017826,2940.2705356159126
batch_018:978,3151.3720230168533,3036.0556093472787,2938.121381017826,2940.2705356159126
batch_018:979,3151.3720230168533,3036.0556093472787,2938.121381017826,2940.2705356159126
batch_018:980,6345.7334777033375,6144.973905563822,5767.658015007796,5346.334245114873
batch_018:981,4601.295927178015,4412.083373582932,4109.157272548182,3905.212726671407
batch_018:982,3151.3720230168533,3036.0556093472787,2938.121381017826,2940.2705356159126
batch_018:983,3151.3720230168533,3036.0556093472787,2938.121381017826,2940.2705356159126
batch_018:984,10256.56091921137,10055.437806587131,9822.75876022214,9487.29268104127
batch_018:985,3151.3720230168533,3036.0556093472787,2938.121381017826,2940.2705356159126
batch_018:986,3151.3720230168533,3036.0556093472787,2938.121381017826,2940.2705356159126
batch_018:987,3151.3720230168533,3036.0556093472787,2938.121381017826,2940.2705356159126
batch_018:988,7444.396759624502,7253.175587932154,7086.338662477564,6810.565933605801
batch_018:989,3151.3720230168533,3036.0556093472787,2938.121381017826,2940.2705356159126
batch_018:990,13968.162891252527,13387.82011164141,12427.966051120642,11310.838994245049
batch_018:991,7417.898931135351,7241.3987706937505,7083.610024048432,6821.185629804648
batch_018:992,7432.107880482348,7247.8620049280635,7083.971173078136,6810.238463201922
batch_018:993,15002.578181021208,14181.397472985467,13243.626230070338,11919.294144371663
batch_018:994,3151.3720230168533,3036.0556093472787,2938.121381017826,2940.2705356159126
batch_018:995,14988.961348169258,14174.642190437822,13232.800745493148,11912.075580642955
batch_018:996,15005.230491241806,14183.918119573847,13248.534518374585,11927.718383796511
batch_018:997,13958.363290261774,13379.924368366597,12423.140456768211,11308.79715013187
batch_018:998,3151.3720230168533,3036.0556093472787,2938.121381017826,2940.2705356159126
batch_018:999,7421.7123953382825,7236.298770249831,7072.330672109864,6802.878373756848
batch_018:1000,3151.3720230168533,3036.0556093472787,2938.121381017826,2940.2705356159126
batch_019:1,3151.3720230168533,3036.0556093472787,2938.121381017826,2940.2705356159126
batch_019:2,3151.3720230168533,3036.0556093472787,2938.121381017826,2940.2705356159126
batch_019:3,3151.3720230168533,3036.0556093472787,2938.121381017826,2940.2705356159126
batch_019:4,10249.022629687115,10050.206037869177,9822.18118959911,9488.755094311804
batch_019:5,3151.3720230168533,3036.0556093472787,2938.121381017826,2940.2705356159126
batch_019:6,3151.3720230168533,3036.0556093472787,2938.121381017826,2940.2705356159126
batch_019:7,3151.3720230168533,3036.0556093472787,2938.121381017826,2940.2705356159126
batch_019:8,13959.415177738674,13381.55065393425,12422.536686770118,11308.467029013396
batch_019:9,3151.3720230168533,3036.0556093472787,2938.121381017826,2940.2705356159126
batch_019:10,6334.290773327676,6135.399343822208,5760.65701597527,5338.907004661183
batch_019:11,3151.3720230168533,3036.0556093472787,2938.121381017826,2940.2705356159126
batch_019:12,10250.3557012671,10051.436056916149,9822.412917848767,9487.988153701623
batch_019:13,4614.909716451529,4418.394300322989,4107.675514445259,3903.020499654858
batch_019:14,10253.898667117972,10052.428523506405,9816.581745188327,9483.906262783896
batch_019:15,3151.3720230168533,3036.0556093472787,2938.121381017826,2940.2705356159126
batch_019:16,3151.3720230168533,3036.0556093472787,2938.121381017826,2940.2705356159126
batch_019:17,3151.3720230168533,3036.0556093472787,2938.121381017826,2940.2705356159126
batch_019:18,10244.769782523037,10045.269283315109,9810.252388083598,9475.91718548839
batch_019:19,3151.3720230168533,3036.0556093472787,2938.121381017826,2940.2705356159126
batch_019:20,3151.3720230168533,3036.0556093472787,2938.121381017826,2940.2705356159126
batch_019:21,3151.3720230168533,3036.0556093472787,2938.121381017826,2940.2705356159126
batch_019:22,3151.3720230168533,3036.0556093472787,2938.121381017826,2940.2705356159126
batch_019:23,15000.666927082264,14179.687987777681,13240.170557003355,11920.960615499083
batch_019:24,7415.131498124907,7236.432769313898,7072.930823889186,6803.50707835459
batch_019:25,3151.3720230168533,3036.0556093472787,2938.121381017826,2940.2705356159126
batch_019:26,15005.257783455392,14184.76977965719,13240.378016329221,11917.360901490098
batch_019:27,14988.380414066993,14170.26136480637,13232.169263324522,11909.771130589977
batch_019:28,3151.3720230168533,3036.0556093472787,2938.121381017826,2940.2705356159126
batch_019:29,7414.352592163469,7225.502082644466,7053.268494373378,6780.8692172932415
batch_019:30,6354.71057603477,6149.645110884507,5774.2324169676995,5350.962196414958
batch_019:31,3151.3720230168533,3036.0556093472787,2938.121381017826,2940.2705356159126
batch_019:32,3151.3720230168533,3036.0556093472787,2938.121381017826,2940.2705356159126
batch_019:33,3151.3720230168533,3036.0556093472787,2938.121381017826,2940.2705356159126
batch_019:34,3151.3720230168533,3036.0556093472787,2938.121381017826,2940.2705356159126
batch_019:35,3151.3720230168533,3036.0556093472787,2938.121381017826,2940.2705356159126
batch_019:36,3151.3720230168533,3036.0556093472787,2938.121381017826,2940.2705356159126
batch_019:37,13963.740069430416,13384.568265989521,12422.323941866842,11308.6854670577
batch_019:38,3151.3720230168533,3036.0556093472787,2938.121381017826,2940.2705356159126
batch_019:39,7408.683563139935,7231.766820082903,7066.654265910926,6796.038004649325
batch_019:40,4627.969188021832,4427.715149910348,4120.36438545487,3912.791832152
batch_019:41,3151.3720230168533,3036.0556093472787,2938.121381017826,2940.2705356159126
batch_019:42,3151.3720230168533,3036.0556093472787,2938.121381017826,2940.2705356159126
batch_019:43,3151.3720230168533,3036.0556093472787,2938.121381017826,2940.2705356159126
batch_019:44,3151.3720230168533,3036.0556093472787,2938.121381017826,2940.2705356159126
batch_019:45,13969.651729974208,13388.007445303541,12424.852798186877,11309.379238214084
batch_019:46,15004.16228093633,14180.819637148401,13238.819856514265,11917.193006259373
batch_019:47,15015.478830776347,14192.039777674918,13252.423769367642,11931.792243484859
batch_019:48,4613.37912431282,4415.84971602161,4109.25978436542,3907.0129815738824
batch_019:49,3151.3720230168533,3036.0556093472787,2938.121381017826,2940.2705356159126
batch_019:50,7403.711377674398,7228.866314313841,7068.060386286208,6800.393394631311
batch_019:51,13954.515411161465,13377.557698469996,12418.515896243078,11306.694490510556
batch_019:52,3151.3720230168533,3036.0556093472787,2938.121381017826,2940.2705356159126
batch_019:53,3151.3720230168533,3036.0556093472787,2938.121381017826,2940.2705356159126
batch_019:54,6338.786657159756,6138.128964144251,5763.2333899558525,5339.781315025513
batch_019:55,3151.3720230168533,3036.0556093472787,2938.121381017826,2940.2705356159126
batch_019:56,3151.3720230168533,3036.0556093472787,2938.121381017826,2940.2705356159126
batch_019:57,6339.119979056992,6142.872146652189,5768.7040954846325,5345.812357205711
batch_019:58,13964.545795083597,13385.501962182298,12426.557974059448,11314.119792732028
batch_019:59,6339.080407860989,6139.017409060517,5766.122949104639,5343.416777175024
batch_019:60,6336.071426039043,6134.883096481092,5758.539354230773,5338.80926736399
batch_019:61,15021.593397251077,14198.838370846053,13254.41587839126,11932.571414997892
batch_019:62,3151.3720230168533,3036.0556093472787,2938.121381017826,2940.2705356159126
batch_019:63,3151.3720230168533,3036.0556093472787,2938.121381017826,2940.2705356159126
batch_019:64,14986.708339574952,14171.024226265072,13229.500478706355,11909.228143393633
batch_019:65,3151.3720230168533,3036.0556093472787,2938.121381017826,2940.2705356159126
batch_019:66,3151.3720230168533,3036.0556093472787,2938.121381017826,2940.2705356159126
batch_019:67,13964.815017534209,13385.519525210288,12430.388746504224,11315.553194218266
batch_019:68,3151.3720230168533,3036.0556093472787,2938.121381017826,2940.2705356159126
batch_019:69,3151.3720230168533,3036.0556093472787,2938.121381017826,2940.2705356159126
batch_019:70,15009.010057767346,14181.585286182222,13244.46188284714,11923.116964179664
batch_019:71,14990.516681505382,14174.070894456398,13230.591101909196,11909.76058871123
batch_019:72,7408.262027753385,7227.442302727625,7058.927501265443,6787.279763317034
batch_019:73,3151.3720230168533,3036.0556093472787,2938.121381017826,2940.2705356159126
batch_019:74,6354.145975714605,6154.324745660607,5776.916730120322,5354.076082713754
batch_019:75,3151.3720230168533,3036.0556093472787,2938.121381017826,2940.2705356159126
batch_019:76,3151.3720230168533,3036.0556093472787,2938.121381017826,2940.2705356159126
batch_019:77,13965.741799159217,13385.979915292271,12426.322428760408,11313.136721292358
batch_019:78,4602.837637453666,4407.557903564024,4100.943092595132,3901.537954525775
batch_019:79,13969.187546815418,13389.767357045419,12429.764848993753,11312.990628244841
batch_019:80,3151.3720230168533,3036.0556093472787,2938.121381017826,2940.2705356159126
batch_019:81,3151.3720230168533,3036.0556093472787,2938.121381017826,2940.2705356159126
batch_019:82,10247.642315184668,10050.37119590377,9822.030003196318,9489.111860705434
batch_019:83,3151.3720230168533,3036.0556093472787,2938.121381017826,2940.2705356159126
batch_019:84,3151.3720230168533,3036.0556093472787,2938.121381017826,2940.2705356159126
batch_019:85,3151.3720230168533,3036.0556093472787,2938.121381017826,2940.2705356159126
batch_019:86,6341.846567283481,6143.291607489386,5766.350507109242,5344.875005653816
batch_019:87,3151.3720230168533,3036.0556093472787,2938.121381017826,2940.2705356159126
batch_019:88,15005.438076776205,14181.981583925242,13242.244245787075,11919.81449884396
batch_019:89,10255.060390054841,10053.6727127859,9821.358710993274,9487.889975421269
batch_019:90,3151.3720230168533,3036.0556093472787,2938.121381017826,2940.2705356159126
batch_019:91,3151.3720230168533,3036.0556093472787,2938.121381017826,2940.2705356159126
batch_019:92,7415.664518569712,7237.416223960523,7062.530533042711,6788.957666486176
batch_019:93,3151.3720230168533,3036.0556093472787,2938.121381017826,2940.2705356159126
batch_019:94,3151.3720230168533,3036.0556093472787,2938.121381017826,2940.2705356159126
batch_019:95,13967.871419593035,13387.420399642746,12424.376379298234,11310.754454930819
batch_019:96,3151.3720230168533,3036.0556093472787,2938.121381017826,2940.2705356159126
batch_019:97,3151.3720230168533,3036.0556093472787,2938.121381017826,2940.2705356159126
batch_019:98,4635.5599288470885,4436.508449055405,4127.2110532165025,3919.5163259975166
batch_019:99,6338.934011944592,6140.92145995416,5765.319970414139,5344.432468301546
batch_019:100,3151.3720230168533,3036.0556093472787,2938.121381017826,2940.2705356159126
batch_019:101,3151.3720230168533,3036.0556093472787,2938.121381017826,2940.2705356159126
batch_019:102,3151.3720230168533,3036.0556093472787,2938.121381017826,2940.2705356159126
batch_019:103,7444.396759624502,7253.653510203829,7088.71451427527,6814.7243775674115
batch_019:104,3151.3720230168533,3036.0556093472787,2938.121381017826,2940.2705356159126
batch_019:105,3151.3720230168533,3036.0556093472787,2938.121381017826,2940.2705356159126
batch_019:106,4618.99165621248,4432.205740069279,4125.902807807402,3915.94079734144
batch_019:107,3151.3720230168533,3036.0556093472787,2938.121381017826,2940.2705356159126
batch_019:108,15008.473215362867,14185.514232005673,13245.93592745395,11924.517191062743
batch_019:109,3151.3720230168533,3036.0556093472787,2938.121381017826,2940.2705356159126
batch_019:110,3151.3720230168533,3036.0556093472787,2938.121381017826,2940.2705356159126
batch_019:111,3151.3720230168533,3036.0556093472787,2938.121381017826,2940.2705356159126
batch_019:112,6343.731908379908,6139.615355038185,5762.353273291733,5343.24039995743
batch_019:113,7425.971170186347,7241.530868499685,7080.492396309051,6811.885258245041
batch_019:114,3151.3720230168533,3036.0556093472787,2938.121381017826,2940.2705356159126
batch_019:115,3151.3720230168533,3036.0556093472787,2938.121381017826,2940.2705356159126
batch_019:116,3151.3720230168533,3036.0556093472787,2938.121381017826,2940.2705356159126
batch_019:117,3151.3720230168533,3036.0556093472787,2938.121381017826,2940.2705356159126
batch_019:118,6340.071287008937,6142.589709036025,5765.234714829069,5344.633267481071
batch_019:119,3151.3720230168533,3036.0556093472787,2938.121381017826,2940.2705356159126
batch_019:120,13963.390584826206,13386.648346677908,12430.68640379702,11317.00531706241
batch_019:121,14998.944649761203,14177.798632389937,13239.431144794045,11917.252172978651
batch_019:122,13964.495482478775,13385.582582653158,12429.019580429422,11315.376503133964
batch_019:123,3151.3720230168533,3036.0556093472787,2938.121381017826,2940.2705356159126
batch_019:124,3151.3720230168533,3036.0556093472787,2938.121381017826,2940.2705356159126
batch_019:125,6354.114645358992,6156.430325790354,5777.722468166995,5354.28294801708
batch_019:126,15006.378891254364,14182.694043049301,13247.513732754454,11926.891738179136
batch_019:127,15011.188435639986,14186.902142074263,13249.94982122076,11929.275118378231
batch_019:128,3151.3720230168533,3036.0556093472787,2938.121381017826,2940.2705356159126
batch_019:129,4588.017717110799,4397.674454147502,4097.858502759469,3897.7038452620827
batch_019:130,4681.3919852817035,4480.894840702025,4164.412637407242,3940.3372625930447
batch_019:131,3151.3720230168533,3036.0556093472787,2938.121381017826,2940.2705356159126
batch_019:132,13964.063205718512,13381.879408242732,12417.122182027018,11302.333542216822
batch_019:133,7415.546887690582,7235.8952786640275,7064.976547201371,6791.4340332934835
batch_019:134,3151.3720230168533,3036.0556093472787,2938.121381017826,2940.2705356159126
batch_019:135,3151.3720230168533,3036.0556093472787,2938.121381017826,2940.2705356159126
batch_019:136,13968.37775456558,13392.141531564566,12427.835854943345,11315.974654276728
batch_019:137,15015.478830776347,14192.039777674918,13252.423769367642,11931.792243484859
batch_019:138,3151.3720230168533,3036.0556093472787,2938.121381017826,2940.2705356159126
batch_019:139,6344.350364884839,6143.812082673387,5769.808364607681,5347.8318756707895
batch_019:140,3151.3720230168533,3036.0556093472787,2938.121381017826,2940.2705356159126
batch_019:141,6352.80737386801,6153.872014020108,5778.093083288784,5355.731266815355
batch_019:142,13975.604010206423,13391.096464988721,12428.05682971008,11314.52026320234
batch_019:143,3151.3720230168533,3036.0556093472787,2938.121381017826,2940.2705356159126
batch_019:144,7399.832020449748,7219.376984651441,7057.948768995095,6791.881838660136
batch_019:145,3151.3720230168533,3036.0556093472787,2938.121381017826,2940.2705356159126
batch_019:146,3151.3720230168533,3036.0556093472787,2938.121381017826,2940.2705356159126
batch_019:147,13974.198051974627,13392.924222243508,12435.640891754032,11320.291960427781
batch_019:148,10248.057278964192,10048.76644292809,9811.28964336871,9479.283466538242
batch_019:149,3151.3720230168533,3036.0556093472787,2938.121381017826,2940.2705356159126
batch_019:150,3151.3720230168533,3036.0556093472787,2938.121381017826,2940.2705356159126
batch_019:151,15012.632304007468,14192.519919058292,13248.992169894143,11926.901111431736
batch_019:152,6339.622118200066,6138.895087699237,5764.860530607191,5342.941095476611
batch_019:153,7422.125576113408,7233.867809857432,7068.023306182242,6801.209467137594
batch_019:154,15008.182652076517,14188.613870415895,13247.118428838421,11924.48054015087
batch_019:155,14999.585905115806,14183.823005174549,13240.600493798596,11918.941133895405
batch_019:156,3151.3720230168533,3036.0556093472787,2938.121381017826,2940.2705356159126
batch_019:157,4613.430847304681,4415.390399705656,4108.523731179287,3907.1270334480205
batch_019:158,3151.3720230168533,3036.0556093472787,2938.121381017826,2940.2705356159126
batch_019:159,6341.59938591312,6141.249485572748,5765.627229180329,5343.309470514444
batch_019:160,3151.3720230168533,3036.0556093472787,2938.121381017826,2940.2705356159126
batch_019:161,7408.233512681953,7228.981411861541,7059.128579135722,6786.54866576904
batch_019:162,3151.3720230168533,3036.0556093472787,2938.121381017826,2940.2705356159126
batch_019:163,15006.884558774245,14184.846008579285,13244.414063951983,11923.723865915506
batch_019:164,3151.3720230168533,3036.0556093472787,2938.121381017826,2940.2705356159126
batch_019:165,3151.3720230168533,3036.0556093472787,2938.121381017826,2940.2705356159126
batch_019:166,3151.3720230168533,3036.0556093472787,2938.121381017826,2940.2705356159126
batch_019:167,7439.098139702707,7261.487352428615,7099.205658018893,6832.909816793701
batch_019:168,7413.738632269226,7236.23357191324,7077.5936096872865,6820.110659058692
batch_019:169,6351.428974244307,6146.956215950386,5769.810636659513,5346.5957822641585
batch_019:170,3151.3720230168533,3036.0556093472787,2938.121381017826,2940.2705356159126
batch_019:171,3151.3720230168533,3036.0556093472787,2938.121381017826,2940.2705356159126
batch_019:172,6353.54714320552,6149.998972884141,5770.917095950929,5346.534303527591
batch_019:173,3151.3720230168533,3036.0556093472787,2938.121381017826,2940.2705356159126
batch_019:174,3151.3720230168533,3036.0556093472787,2938.121381017826,2940.2705356159126
batch_019:175,10242.515082412769,10041.287303955787,9806.70445123846,9476.43258340836
batch_019:176,3151.3720230168533,3036.0556093472787,2938.121381017826,2940.2705356159126
batch_019:177,3151.3720230168533,3036.0556093472787,2938.121381017826,2940.2705356159126
batch_019:178,3151.3720230168533,3036.0556093472787,2938.121381017826,2940.2705356159126
batch_019:179,4595.067523629541,4402.6144091452825,4102.115918115952,3903.3386975627845
batch_019:180,14988.380414066993,14170.26136480637,13232.169263324522,11909.771130589977
batch_019:181,6337.934784450102,6139.779773180681,5765.876026749817,5343.858659290981
batch_019:182,13967.878154178481,13385.033672048607,12431.179093214516,11317.14864097728
batch_019:183,3151.3720230168533,3036.0556093472787,2938.121381017826,2940.2705356159126
batch_019:184,3151.3720230168533,3036.0556093472787,2938.121381017826,2940.2705356159126
batch_019:185,4649.287642301144,4442.757894529246,4130.48643380561,3918.7005014337788
batch_019:186,13968.799702158969,13386.162890379399,12429.682317388495,11316.311330829009
batch_019:187,4638.390679098164,4437.83562106072,4128.853910018999,3919.358267737435
batch_019:188,3151.3720230168533,3036.0556093472787,2938.121381017826,2940.2705356159126
batch_019:189,3151.3720230168533,3036.0556093472787,2938.121381017826,2940.2705356159126
batch_019:190,3151.3720230168533,3036.0556093472787,2938.121381017826,2940.2705356159126
batch_019:191,3151.3720230168533,3036.0556093472787,2938.121381017826,2940.2705356159126
batch_019:192,3151.3720230168533,3036.0556093472787,2938.121381017826,2940.2705356159126
batch_019:193,3151.3720230168533,3036.0556093472787,2938.121381017826,2940.2705356159126
batch_019:194,7416.488666188864,7235.379996399405,7069.391411311328,6797.546459736577
batch_019:195,10240.838605328041,10043.117777446501,9807.4600806369,9475.27696321603
batch_019:196,7450.149976575517,7256.85538460182,7091.778311719418,6820.205643031869
batch_019:197,14997.197959188492,14173.910067926041,13234.618596388069,11912.888995679192
batch_019:198,13966.680620939333,13391.40344131424,12436.754904238558,11321.778761214217
batch_019:199,13976.25590683632,13393.799762384499,12438.648476550276,11324.185325892355
batch_019:200,15010.051980209022,14187.38822882703,13246.391584547197,11925.134776042245
batch_019:201,13970.517239487588,13391.296492938176,12433.882444985149,11316.440822046672
batch_019:202,4604.116283403582,4409.720956807916,4105.950962270292,3905.8012656767655
batch_019:203,7413.7665682989555,7237.311373226982,7071.072338377568,6800.4420408636115
batch_019:204,3151.3720230168533,3036.0556093472787,2938.121381017826,2940.2705356159126
batch_019:205,3151.3720230168533,3036.0556093472787,2938.121381017826,2940.2705356159126
batch_019:206,3151.3720230168533,3036.0556093472787,2938.121381017826,2940.2705356159126
batch_019:207,10257.343459954394,10055.40485476112,9820.428213222833,9487.99435538073
batch_019:208,14981.90896735313,14166.14759357192,13227.205127218615,11906.407852988114
batch_019:209,10241.48334813302,10039.985666917479,9806.00270769042,9475.820956568557
batch_019:210,13970.482769659911,13390.43970214719,12430.491141556176,11314.952704761603
batch_019:211,3151.3720230168533,3036.0556093472787,2938.121381017826,2940.2705356159126
batch_019:212,3151.3720230168533,3036.0556093472787,2938.121381017826,2940.2705356159126
batch_019:213,10256.095847079654,10054.8589489468,9818.890808733744,9488.16557748512
batch_019:214,3151.3720230168533,3036.0556093472787,2938.121381017826,2940.2705356159126
batch_019:215,4652.178295983453,4450.017137937412,4139.292831950665,3925.3901852179933
batch_019:216,3151.3720230168533,3036.0556093472787,2938.121381017826,2940.2705356159126
batch_019:217,3151.3720230168533,3036.0556093472787,2938.121381017826,2940.2705356159126
batch_019:218,3151.3720230168533,3036.0556093472787,2938.121381017826,2940.2705356159126
batch_019:219,3151.3720230168533,3036.0556093472787,2938.121381017826,2940.2705356159126
batch_019:220,3151.3720230168533,3036.0556093472787,2938.121381017826,2940.2705356159126
batch_019:221,3151.3720230168533,3036.0556093472787,2938.121381017826,2940.2705356159126
batch_019:222,3151.3720230168533,3036.0556093472787,2938.121381017826,2940.2705356159126
batch_019:223,3151.3720230168533,3036.0556093472787,2938.121381017826,2940.2705356159126
batch_019:224,3151.3720230168533,3036.0556093472787,2938.121381017826,2940.2705356159126
batch_019:225,15009.20711164002,14188.479338763278,13247.956288187906,11925.515121799093
batch_019:226,10248.955889427514,10050.691317024193,9820.21089758512,9489.129899071888
batch_019:227,7432.602073369442,7249.509743088341,7082.310071344997,6808.49125645373
batch_019:228,13958.898627870807,13380.47609598111,12418.481793929504,11303.574499749851
batch_019:229,7406.836138610397,7231.435001597006,7075.089459663422,6815.732067651769
batch_019:230,10251.300122764922,10050.65479265562,9817.52209964591,9484.668010577263
batch_019:231,3151.3720230168533,3036.0556093472787,2938.121381017826,2940.2705356159126
batch_019:232,4585.9838789157375,4394.3383602254835,4093.405958490589,3893.5971375916306
batch_019:233,7403.351128301457,7224.1658926805785,7058.864659732933,6788.175377921008
batch_019:234,3151.3720230168533,3036.0556093472787,2938.121381017826,2940.2705356159126
batch_019:235,13953.923706045423,13376.92106275119,12419.219402609,11306.49722095327
batch_019:236,3151.3720230168533,3036.0556093472787,2938.121381017826,2940.2705356159126
batch_019:237,15023.285297638362,14199.027495039249,13257.991459658788,11935.595451876488
batch_019:238,13963.55291790573,13381.025218459648,12420.991694321296,11307.98327953997
batch_019:239,3151.3720230168533,3036.0556093472787,2938.121381017826,2940.2705356159126
batch_019:240,4663.273510197763,4458.883288819352,4151.903792877928,3936.1403087847493
batch_019:241,6355.197732465561,6152.716446128309,5773.289678888574,5352.3189315107575
batch_019:242,13944.649772553877,13365.998862672763,12400.938864698874,11288.275896182591
batch_019:243,14994.123927339979,14174.284240800009,13234.95880388042,11912.181445908805
batch_019:244,3151.3720230168533,3036.0556093472787,2938.121381017826,2940.2705356159126
batch_019:245,3151.3720230168533,3036.0556093472787,2938.121381017826,2940.2705356159126
batch_019:246,3151.3720230168533,3036.0556093472787,2938.121381017826,2940.2705356159126
batch_019:247,14992.7037778582,14175.424339095925,13237.211984492084,11915.06006441445
batch_019:248,3151.3720230168533,3036.0556093472787,2938.121381017826,2940.2705356159126
batch_019:249,15009.39918829169,14186.726080121756,13245.2906596851,11923.855490643975
batch_019:250,4676.923427911508,4468.71041863965,4162.487582897202,3944.7232668279094
batch_019:251,3151.3720230168533,3036.0556093472787,2938.121381017826,2940.2705356159126
batch_019:252,3151.3720230168533,3036.0556093472787,2938.121381017826,2940.2705356159126
batch_019:253,3151.3720230168533,3036.0556093472787,2938.121381017826,2940.2705356159126
batch_019:254,13962.074804828708,13385.42426481541,12425.970021465904,11313.417852581639
batch_019:255,15003.534117509364,14182.972057863366,13241.496409683501,11921.091874122714
batch_019:256,3151.3720230168533,3036.0556093472787,2938.121381017826,2940.2705356159126
batch_019:257,13955.305867035571,13376.13428145261,12416.89414833525,11303.884100615915
batch_019:258,3151.3720230168533,3036.0556093472787,2938.121381017826,2940.2705356159126
batch_019:259,3151.3720230168533,3036.0556093472787,2938.121381017826,2940.2705356159126
batch_019:260,3151.3720230168533,3036.0556093472787,2938.121381017826,2940.2705356159126
batch_019:261,7410.942943679346,7229.646159115637,7063.086222060791,6795.825090761734
batch_019:262,4589.680252996404,4396.105429023967,4096.161913501795,3898.5748699419996
batch_019:263,10259.73422560636,10059.41518827395,9821.42580467913,9485.741647498431
batch_019:264,3151.3720230168533,3036.0556093472787,2938.121381017826,2940.2705356159126
batch_019:265,3151.3720230168533,3036.0556093472787,2938.121381017826,2940.2705356159126
batch_019:266,3151.3720230168533,3036.0556093472787,2938.121381017826,2940.2705356159126
batch_019:267,3151.3720230168533,3036.0556093472787,2938.121381017826,2940.2705356159126
batch_019:268,10253.187054286906,10054.020896613438,9819.425857809001,9485.292223337876
batch_019:269,3151.3720230168533,3036.0556093472787,2938.121381017826,2940.2705356159126
batch_019:270,3151.3720230168533,3036.0556093472787,2938.121381017826,2940.2705356159126
batch_019:271,3151.3720230168533,3036.0556093472787,2938.121381017826,2940.2705356159126
batch_019:272,6336.838896790015,6136.883509290888,5763.351089896491,5343.2759444776375
batch_019:273,3151.3720230168533,3036.0556093472787,2938.121381017826,2940.2705356159126
batch_019:274,15001.62046182509,14181.485981397196,13235.388160756658,11915.208457622939
batch_019:275,3151.3720230168533,3036.0556093472787,2938.121381017826,2940.2705356159126
batch_019:276,15012.643030730047,14187.293945555162,13248.209673459867,11926.792488729056
batch_019:277,6331.284887656226,6130.082069705814,5754.5956710948085,5333.074146172244
batch_019:278,3151.3720230168533,3036.0556093472787,2938.121381017826,2940.2705356159126
batch_019:279,4640.027701039465,4442.625457959288,4134.126663091903,3923.1281001054745
batch_019:280,3151.3720230168533,3036.0556093472787,2938.121381017826,2940.2705356159126
batch_019:281,3151.3720230168533,3036.0556093472787,2938.121381017826,2940.2705356159126
batch_019:282,7406.120440421427,7228.271689122934,7052.547644415565,6779.6028462036165
batch_019:283,3151.3720230168533,3036.0556093472787,2938.121381017826,2940.2705356159126
batch_019:284,10254.038254717812,10054.458708850116,9817.587922370096,9485.72671587706
batch_019:285,3151.3720230168533,3036.0556093472787,2938.121381017826,2940.2705356159126
batch_019:286,13970.608529411085,13389.646057853737,12431.044860386306,11315.500370588903
batch_019:287,3151.3720230168533,3036.0556093472787,2938.121381017826,2940.2705356159126
batch_019:288,6341.006288676037,6138.665768076989,5763.879467140806,5342.582642409229
batch_019:289,3151.3720230168533,3036.0556093472787,2938.121381017826,2940.2705356159126
batch_019:290,3151.3720230168533,3036.0556093472787,2938.121381017826,2940.2705356159126
batch_019:291,13971.184577692165,13389.591964284959,12430.562183558317,11317.002685772473
batch_019:292,3151.3720230168533,3036.0556093472787,2938.121381017826,2940.2705356159126
batch_019:293,6336.708248281347,6137.510781437383,5762.584313183384,5341.684101743714
batch_019:294,3151.3720230168533,3036.0556093472787,2938.121381017826,2940.2705356159126
batch_019:295,10247.66466904981,10044.622080469053,9812.77971790468,9483.824182538585
batch_019:296,3151.3720230168533,3036.0556093472787,2938.121381017826,2940.2705356159126
batch_019:297,6347.853535434662,6149.139159287959,5775.156110573796,5352.863993772935
batch_019:298,3151.3720230168533,3036.0556093472787,2938.121381017826,2940.2705356159126
batch_019:299,14997.007773966621,14177.57226775196,13235.508849539117,11916.34391289266
batch_019:300,3151.3720230168533,3036.0556093472787,2938.121381017826,2940.2705356159126
batch_019:301,10237.635204454202,10037.330542245858,9808.593054068615,9479.309423510498
batch_019:302,14986.202958134401,14168.443476840745,13229.285178971633,11907.751084191004
batch_019:303,3151.3720230168533,3036.0556093472787,2938.121381017826,2940.2705356159126
batch_019:304,4604.796953869827,4414.863487609741,4108.291442787835,3903.199310419027
batch_019:305,3151.3720230168533,3036.0556093472787,2938.121381017826,2940.2705356159126
batch_019:306,13963.436321602538,13385.672788348082,12425.856055666558,11309.870712469783
batch_019:307,3151.3720230168533,3036.0556093472787,2938.121381017826,2940.2705356159126
batch_019:308,3151.3720230168533,3036.0556093472787,2938.121381017826,2940.2705356159126
batch_019:309,3151.3720230168533,3036.0556093472787,2938.121381017826,2940.2705356159126
batch_019:310,7416.726411333818,7235.198982853219,7071.183712129374,6802.339967842608
batch_019:311,3151.3720230168533,3036.0556093472787,2938.121381017826,2940.2705356159126
batch_019:312,3151.3720230168533,3036.0556093472787,2938.121381017826,2940.2705356159126
batch_019:313,3151.3720230168533,3036.0556093472787,2938.121381017826,2940.2705356159126
batch_019:314,3151.3720230168533,3036.0556093472787,2938.121381017826,2940.2705356159126
batch_019:315,3151.3720230168533,3036.0556093472787,2938.121381017826,2940.2705356159126
batch_019:316,3151.3720230168533,3036.0556093472787,2938.121381017826,2940.2705356159126
batch_019:317,3151.3720230168533,3036.0556093472787,2938.121381017826,2940.2705356159126
batch_019:318,14998.153715624669,14178.799578380462,13234.042255964196,11912.367327991524
batch_019:319,6340.451219266495,6142.630594729752,5768.711240461482,5346.368693178553
batch_019:320,3151.3720230168533,3036.0556093472787,2938.121381017826,2940.2705356159126
batch_019:321,3151.3720230168533,3036.0556093472787,2938.121381017826,2940.2705356159126
batch_019:322,10235.183054304898,10038.300026489454,9805.002157443028,9475.979802850481
batch_019:323,3151.3720230168533,3036.0556093472787,2938.121381017826,2940.2705356159126
batch_019:324,3151.3720230168533,3036.0556093472787,2938.121381017826,2940.2705356159126
batch_019:325,10262.167217052813,10060.054461569962,9823.142126252225,9488.75182986553
batch_019:326,4661.664546987416,4451.236774185893,4137.34936351338,3925.5443377716115
batch_019:327,3151.3720230168533,3036.0556093472787,2938.121381017826,2940.2705356159126
batch_019:328,3151.3720230168533,3036.0556093472787,2938.121381017826,2940.2705356159126
batch_019:329,4594.706103158837,4398.3884921836125,4093.4384465714256,3894.3293733338537
batch_019:330,3151.3720230168533,3036.0556093472787,2938.121381017826,2940.2705356159126
batch_019:331,10247.441677851286,10048.745250333912,9816.514717971004,9485.462543661659
batch_019:332,6343.856149984072,6151.286392191126,5773.802109963943,5353.869040975393
batch_019:333,10251.498293228475,10051.067805540488,9817.527370814632,9485.430951800488
batch_019:334,3151.3720230168533,3036.0556093472787,2938.121381017826,2940.2705356159126
batch_019:335,6344.397969641973,6144.092064241656,5769.151405892118,5346.364547539392
batch_019:336,4589.680252996404,4396.105429023967,4096.161913501795,3898.5748699419996
batch_019:337,3151.3720230168533,3036.0556093472787,2938.121381017826,2940.2705356159126
batch_019:338,3151.3720230168533,3036.0556093472787,2938.121381017826,2940.2705356159126
batch_019:339,3151.3720230168533,3036.0556093472787,2938.121381017826,2940.2705356159126
batch_019:340,13967.14801307423,13386.061715876178,12421.73084123791,11306.894830629535
batch_019:341,13963.954693287731,13379.698419051685,12415.780217456764,11300.191028515914
batch_019:342,3151.3720230168533,3036.0556093472787,2938.121381017826,2940.2705356159126
batch_019:343,3151.3720230168533,3036.0556093472787,2938.121381017826,2940.2705356159126
batch_019:344,4618.608064911106,4424.071561943596,4117.236167756568,3911.078195145669
batch_019:345,13960.653726776718,13379.079889481909,12425.316883518697,11314.291014142984
batch_019:346,3151.3720230168533,3036.0556093472787,2938.121381017826,2940.2705356159126
batch_019:347,3151.3720230168533,3036.0556093472787,2938.121381017826,2940.2705356159126
batch_019:348,15004.07193601635,14180.253909207171,13243.648428566383,11921.14837790253
batch_019:349,7425.971170186347,7241.530868499685,7080.492396309051,6811.885258245041
batch_019:350,3151.3720230168533,3036.0556093472787,2938.121381017826,2940.2705356159126
batch_019:351,3151.3720230168533,3036.0556093472787,2938.121381017826,2940.2705356159126
batch_019:352,3151.3720230168533,3036.0556093472787,2938.121381017826,2940.2705356159126
batch_019:353,7433.86000719771,7251.412000953043,7085.257684704231,6814.932971547197
batch_019:354,13964.952040200638,13386.634883364706,12429.541210044188,11315.35783381702
batch_019:355,13973.194324148253,13391.696713497355,12436.687611071378,11324.112404471158
batch_019:356,3151.3720230168533,3036.0556093472787,2938.121381017826,2940.2705356159126
batch_019:357,4638.650057496807,4437.69776476438,4124.971916872208,3914.930430354253
batch_019:358,15006.320971230783,14183.046989151217,13242.267792900075,11921.479158306487
batch_019:359,13979.613094968883,13396.002537393211,12430.394173300052,11315.066419846418
batch_019:360,7414.314967151951,7236.367773450476,7072.439488838423,6806.961290250562
batch_019:361,6338.976244329886,6140.562748582392,5761.989341257409,5343.362906560675
batch_019:362,3151.3720230168533,3036.0556093472787,2938.121381017826,2940.2705356159126
batch_019:363,3151.3720230168533,3036.0556093472787,2938.121381017826,2940.2705356159126
batch_019:364,13954.075341535065,13374.450176809525,12414.86219445021,11301.644986540414
batch_019:365,3151.3720230168533,3036.0556093472787,2938.121381017826,2940.2705356159126
batch_019:366,10247.441677851286,10048.745250333912,9816.514717971004,9485.462543661659
batch_019:367,3151.3720230168533,3036.0556093472787,2938.121381017826,2940.2705356159126
batch_019:368,4630.905132791914,4432.892662692882,4119.649698057454,3911.520664075839
batch_019:369,13963.436321602538,13385.672788348082,12425.856055666558,11309.870712469783
batch_019:370,3151.3720230168533,3036.0556093472787,2938.121381017826,2940.2705356159126
batch_019:371,3151.3720230168533,3036.0556093472787,2938.121381017826,2940.2705356159126
batch_019:372,3151.3720230168533,3036.0556093472787,2938.121381017826,2940.2705356159126
batch_019:373,7416.331437866274,7240.8421172312055,7071.075469143642,6796.98929581527
batch_019:374,10245.960679753287,10041.873583899805,9807.097053174026,9478.393500163762
batch_019:375,7455.232876869706,7268.189337570122,7101.625131670974,6827.977457272534
batch_019:376,3151.3720230168533,3036.0556093472787,2938.121381017826,2940.2705356159126
batch_019:377,3151.3720230168533,3036.0556093472787,2938.121381017826,2940.2705356159126
batch_019:378,3151.3720230168533,3036.0556093472787,2938.121381017826,2940.2705356159126
batch_019:379,4599.496373396473,4407.628066940553,4102.189416872174,3899.273017559952
batch_019:380,3151.3720230168533,3036.0556093472787,2938.121381017826,2940.2705356159126
batch_019:381,14997.086942356633,14173.37658630463,13238.224051835783,11917.83640386278
batch_019:382,3151.3720230168533,3036.0556093472787,2938.121381017826,2940.2705356159126
batch_019:383,13968.721624995602,13388.779809048356,12433.039709417324,11316.856415964141
batch_019:384,10243.832107115928,10042.934155679106,9808.337923552142,9478.107371749393
batch_019:385,3151.3720230168533,3036.0556093472787,2938.121381017826,2940.2705356159126
batch_019:386,14993.750387470378,14176.72503440292,13231.05665512466,11908.875252733253
batch_019:387,10248.505167157953,10047.07186369744,9819.92168584538,9489.158578934637
batch_019:388,3151.3720230168533,3036.0556093472787,2938.121381017826,2940.2705356159126
batch_019:389,13976.597061541215,13395.182364826214,12437.045139362239,11320.343905267255
batch_019:390,3151.3720230168533,3036.0556093472787,2938.121381017826,2940.2705356159126
batch_019:391,3151.3720230168533,3036.0556093472787,2938.121381017826,2940.2705356159126
batch_019:392,15012.717614310692,14190.496737064064,13247.465590531085,11927.489422625067
batch_019:393,3151.3720230168533,3036.0556093472787,2938.121381017826,2940.2705356159126
batch_019:394,10232.792205348078,10037.148742869282,9812.97456359115,9485.488611616354
batch_019:395,3151.3720230168533,3036.0556093472787,2938.121381017826,2940.2705356159126
batch_019:396,4611.077306432749,4411.829783231902,4101.412633817849,3897.7579860844216
batch_019:397,3151.3720230168533,3036.0556093472787,2938.121381017826,2940.2705356159126
batch_019:398,3151.3720230168533,3036.0556093472787,2938.121381017826,2940.2705356159126
batch_019:399,3151.3720230168533,3036.0556093472787,2938.121381017826,2940.2705356159126
batch_019:400,14997.817098280442,14178.16948927409,13236.618064467584,11916.797388346626
batch_019:401,7405.720577575408,7231.438437618345,7070.469685035449,6798.700075352151
batch_019:402,4661.345012238125,4457.111049395955,4147.220610779523,3931.708955545667
batch_019:403,6348.678062546833,6142.55344840799,5764.579717973957,5340.429364943166
batch_019:404,3151.3720230168533,3036.0556093472787,2938.121381017826,2940.2705356159126
batch_019:405,3151.3720230168533,3036.0556093472787,2938.121381017826,2940.2705356159126
batch_019:406,7409.789971351524,7231.654434412434,7066.870558686315,6799.466404303468
batch_019:407,3151.3720230168533,3036.0556093472787,2938.121381017826,2940.2705356159126
batch_019:408,3151.3720230168533,3036.0556093472787,2938.121381017826,2940.2705356159126
batch_019:409,3151.3720230168533,3036.0556093472787,2938.121381017826,2940.2705356159126
batch_019:410,15000.66805459198,14176.726032013412,13238.017149782432,11918.041734083727
batch_019:411,3151.3720230168533,3036.0556093472787,2938.121381017826,2940.2705356159126
batch_019:412,13959.131171643878,13377.069531104175,12420.431423937438,11306.13970384387
batch_019:413,10243.852826180382,10044.915765096055,9818.012728866428,9488.846827400635
batch_019:414,3151.3720230168533,3036.0556093472787,2938.121381017826,2940.2705356159126
batch_019:415,15003.835314910582,14181.215093971081,13240.100992367818,11919.008661537297
batch_019:416,6338.053884840078,6142.692614292679,5770.155830517404,5351.204562346032
batch_019:417,10249.479209512687,10049.807364026541,9811.08765769672,9475.843437846048
batch_019:418,3151.3720230168533,3036.0556093472787,2938.121381017826,2940.2705356159126
batch_019:419,13967.121324808999,13388.190361905497,12425.576495182157,11312.131379870443
batch_019:420,4646.104194628061,4442.248354728377,4126.548794051923,3913.122693608874
batch_019:421,7426.348403117914,7244.1503419798755,7076.06188122028,6803.126534995815
batch_019:422,10253.728833771978,10054.322694519684,9817.841811612236,9486.075184431615
batch_019:423,3151.3720230168533,3036.0556093472787,2938.121381017826,2940.2705356159126
batch_019:424,3151.3720230168533,3036.0556093472787,2938.121381017826,2940.2705356159126
batch_019:425,13959.418112230856,13380.026254767494,12419.505183853282,11304.353537044777
batch_019:426,3151.3720230168533,3036.0556093472787,2938.121381017826,2940.2705356159126
batch_019:427,3151.3720230168533,3036.0556093472787,2938.121381017826,2940.2705356159126
batch_019:428,3151.3720230168533,3036.0556093472787,2938.121381017826,2940.2705356159126
batch_019:429,13963.544553025456,13384.267062286292,12432.126140294571,11315.964042252805
batch_019:430,3151.3720230168533,3036.0556093472787,2938.121381017826,2940.2705356159126
batch_019:431,10243.852826180382,10044.915765096055,9818.012728866428,9488.846827400635
batch_019:432,3151.3720230168533,3036.0556093472787,2938.121381017826,2940.2705356159126
batch_019:433,3151.3720230168533,3036.0556093472787,2938.121381017826,2940.2705356159126
batch_019:434,7408.140774832641,7227.951229450774,7068.976297391558,6800.969920344861
batch_019:435,7415.359296421131,7237.934148777401,7073.4443834654585,6802.201902367926
batch_019:436,3151.3720230168533,3036.0556093472787,2938.121381017826,2940.2705356159126
batch_019:437,3151.3720230168533,3036.0556093472787,2938.121381017826,2940.2705356159126
batch_019:438,10257.349754962674,10056.326815235701,9823.08608589191,9489.275316973248
batch_019:439,3151.3720230168533,3036.0556093472787,2938.121381017826,2940.2705356159126
batch_019:440,13962.498180251476,13381.398453913558,12423.570582984099,11311.254646755091
batch_019:441,3151.3720230168533,3036.0556093472787,2938.121381017826,2940.2705356159126
batch_019:442,3151.3720230168533,3036.0556093472787,2938.121381017826,2940.2705356159126
batch_019:443,14992.29007512244,14173.202020665101,13233.459298943933,11912.004567950438
batch_019:444,3151.3720230168533,3036.0556093472787,2938.121381017826,2940.2705356159126
batch_019:445,3151.3720230168533,3036.0556093472787,2938.121381017826,2940.2705356159126
batch_019:446,3151.3720230168533,3036.0556093472787,2938.121381017826,2940.2705356159126
batch_019:447,14992.460574513585,14172.955854032552,13231.449607431383,11913.7592273439
batch_019:448,13973.668267416497,13392.658399481126,12431.9836957847,11313.861718978405
batch_019:449,14995.308000075715,14176.9857490695,13237.45487941436,11917.524967294716
batch_019:450,10248.948418133617,10047.270545492249,9807.372718251336,9475.228399995214
batch_019:451,10257.554806016287,10057.136161546052,9822.509061216238,9492.028479496508
batch_019:452,3151.3720230168533,3036.0556093472787,2938.121381017826,2940.2705356159126
batch_019:453,4613.858605754851,4425.634873695806,4115.977211141346,3903.2414366454373
batch_019:454,3151.3720230168533,3036.0556093472787,2938.121381017826,2940.2705356159126
batch_019:455,3151.3720230168533,3036.0556093472787,2938.121381017826,2940.2705356159126
batch_019:456,3151.3720230168533,3036.0556093472787,2938.121381017826,2940.2705356159126
batch_019:457,3151.3720230168533,3036.0556093472787,2938.121381017826,2940.2705356159126
batch_019:458,15008.182652076517,14188.613870415895,13247.118428838421,11924.48054015087
batch_019:459,6354.71057603477,6149.645110884507,5774.2324169676995,5350.962196414958
batch_019:460,3151.3720230168533,3036.0556093472787,2938.121381017826,2940.2705356159126
batch_019:461,3151.3720230168533,3036.0556093472787,2938.121381017826,2940.2705356159126
batch_019:462,6359.5780492663325,6155.356045077284,5777.882745549781,5355.017934986953
batch_019:463,3151.3720230168533,3036.0556093472787,2938.121381017826,2940.2705356159126
batch_019:464,4604.270054641521,4410.340252817479,4100.8601174282785,3898.105534280057
batch_019:465,13960.830517945513,13381.564703269383,12421.42031975021,11309.875624338109
batch_019:466,3151.3720230168533,3036.0556093472787,2938.121381017826,2940.2705356159126
batch_019:467,3151.3720230168533,3036.0556093472787,2938.121381017826,2940.2705356159126
batch_019:468,4605.228567139993,4413.504326461645,4108.67349990121,3905.9231219813532
batch_019:469,3151.3720230168533,3036.0556093472787,2938.121381017826,2940.2705356159126
batch_019:470,3151.3720230168533,3036.0556093472787,2938.121381017826,2940.2705356159126
batch_019:471,7418.943956099021,7241.40321491896,7073.904207169231,6801.965531060963
batch_019:472,3151.3720230168533,3036.0556093472787,2938.121381017826,2940.2705356159126
batch_019:473,3151.3720230168533,3036.0556093472787,2938.121381017826,2940.2705356159126
batch_019:474,3151.3720230168533,3036.0556093472787,2938.121381017826,2940.2705356159126
batch_019:475,10273.388675683089,10075.03119681378,9838.6518293692,9500.44478889643
batch_019:476,6329.424621804998,6130.436559891076,5757.150069988532,5337.992491445602
batch_019:477,3151.3720230168533,3036.0556093472787,2938.121381017826,2940.2705356159126
batch_019:478,3151.3720230168533,3036.0556093472787,2938.121381017826,2940.2705356159126
batch_019:479,13974.723053898606,13394.87690574062,12431.72535032861,11316.636913826627
batch_019:480,13968.462553301462,13381.117269666342,12412.680341508385,11298.140367278174
batch_019:481,3151.3720230168533,3036.0556093472787,2938.121381017826,2940.2705356159126
batch_019:482,3151.3720230168533,3036.0556093472787,2938.121381017826,2940.2705356159126
batch_019:483,7460.016833099793,7271.363766761391,7104.454646659852,6827.878601244782
batch_019:484,7406.395764586267,7223.9046434022375,7049.197335672526,6778.636024470787
batch_019:485,14999.389940760082,14179.934290867795,13238.029335844802,11917.799900152226
batch_019:486,7430.392775805153,7245.715324835803,7081.334115159694,6808.799860224554
batch_019:487,3151.3720230168533,3036.0556093472787,2938.121381017826,2940.2705356159126
batch_019:488,14992.322274208056,14172.306561401721,13232.903569809174,11910.289335156856
batch_019:489,15016.196982990132,14189.62294553274,13250.191396126937,11928.88958468732
batch_019:490,3151.3720230168533,3036.0556093472787,2938.121381017826,2940.2705356159126
batch_019:491,3151.3720230168533,3036.0556093472787,2938.121381017826,2940.2705356159126
batch_019:492,3151.3720230168533,3036.0556093472787,2938.121381017826,2940.2705356159126
batch_019:493,4698.032938663886,4486.252270771862,4170.958727605968,3953.415944921586
batch_019:494,7414.711514148178,7237.98907033065,7075.967580527463,6807.719078607552
batch_019:495,3151.3720230168533,3036.0556093472787,2938.121381017826,2940.2705356159126
batch_019:496,4671.884871755157,4461.868386146252,4146.869589310448,3932.1088426309516
batch_019:497,6343.551587576625,6146.19422597065,5772.134860440382,5349.998231049881
batch_019:498,3151.3720230168533,3036.0556093472787,2938.121381017826,2940.2705356159126
batch_019:499,14988.216747972037,14172.056039681967,13227.659185019007,11907.650620309141
batch_019:500,3151.3720230168533,3036.0556093472787,2938.121381017826,2940.2705356159126
batch_019:501,3151.3720230168533,3036.0556093472787,2938.121381017826,2940.2705356159126
batch_019:502,14990.609351239658,14172.8603737083,13233.509342430692,11910.583854798226
batch_019:503,13957.953167825042,13376.885005010365,12420.128137147882,11306.003534090156
batch_019:504,3151.3720230168533,3036.0556093472787,2938.121381017826,2940.2705356159126
batch_019:505,3151.3720230168533,3036.0556093472787,2938.121381017826,2940.2705356159126
batch_019:506,3151.3720230168533,3036.0556093472787,2938.121381017826,2940.2705356159126
batch_019:507,3151.3720230168533,3036.0556093472787,2938.121381017826,2940.2705356159126
batch_019:508,14997.88645554645,14180.52125346215,13235.775328120517,11916.555857666946
batch_019:509,13964.067388808977,13384.631139825859,12424.009469279052,11309.932640320596
batch_019:510,3151.3720230168533,3036.0556093472787,2938.121381017826,2940.2705356159126
batch_019:511,7435.004630176695,7249.285398977365,7087.45451660704,6815.913453191203
batch_019:512,3151.3720230168533,3036.0556093472787,2938.121381017826,2940.2705356159126
batch_019:513,10254.23192293105,10048.393573903984,9807.816352223332,9476.643382833336
batch_019:514,14984.43134968929,14172.763803025358,13226.993897834825,11910.917682633319
batch_019:515,3151.3720230168533,3036.0556093472787,2938.121381017826,2940.2705356159126
batch_019:516,3151.3720230168533,3036.0556093472787,2938.121381017826,2940.2705356159126
batch_019:517,3151.3720230168533,3036.0556093472787,2938.121381017826,2940.2705356159126
batch_019:518,13957.502145288567,13380.805997832853,12420.402210704804,11308.4991673141
batch_019:519,3151.3720230168533,3036.0556093472787,2938.121381017826,2940.2705356159126
batch_019:520,3151.3720230168533,3036.0556093472787,2938.121381017826,2940.2705356159126
batch_019:521,3151.3720230168533,3036.0556093472787,2938.121381017826,2940.2705356159126
batch_019:522,3151.3720230168533,3036.0556093472787,2938.121381017826,2940.2705356159126
batch_019:523,4583.179836810362,4392.523482763936,4093.138004506752,3895.3411606816912
batch_019:524,3151.3720230168533,3036.0556093472787,2938.121381017826,2940.2705356159126
batch_019:525,3151.3720230168533,3036.0556093472787,2938.121381017826,2940.2705356159126
batch_019:526,3151.3720230168533,3036.0556093472787,2938.121381017826,2940.2705356159126
batch_019:527,3151.3720230168533,3036.0556093472787,2938.121381017826,2940.2705356159126
batch_019:528,3151.3720230168533,3036.0556093472787,2938.121381017826,2940.2705356159126
batch_019:529,13972.487134077173,13389.771886943625,12431.610663003088,11316.720546318576
batch_019:530,13971.348533442913,13389.65327184868,12434.083152921105,11321.950446563369
batch_019:531,4594.032241841523,4400.693493355291,4096.443650829409,3897.041286855442
batch_019:532,3151.3720230168533,3036.0556093472787,2938.121381017826,2940.2705356159126
batch_019:533,3151.3720230168533,3036.0556093472787,2938.121381017826,2940.2705356159126
batch_019:534,10241.382296584054,10041.097180821034,9806.483464092022,9475.960814464426
batch_019:535,3151.3720230168533,3036.0556093472787,2938.121381017826,2940.2705356159126
batch_019:536,7422.196352136219,7251.414453551966,7090.946429183553,6825.993368334834
batch_019:537,13960.24491873609,13379.599657696614,12420.676255024784,11306.418801337071
batch_019:538,13964.727071397714,13383.060109528686,12423.958659869153,11310.529224479227
batch_019:539,3151.3720230168533,3036.0556093472787,2938.121381017826,2940.2705356159126
batch_019:540,7421.424019966849,7239.740645252117,7073.230613390592,6799.635758833605
batch_019:541,3151.3720230168533,3036.0556093472787,2938.121381017826,2940.2705356159126
batch_019:542,13971.85574739867,13389.852754777768,12429.168584779129,11315.235047023014
batch_019:543,3151.3720230168533,3036.0556093472787,2938.121381017826,2940.2705356159126
batch_019:544,3151.3720230168533,3036.0556093472787,2938.121381017826,2940.2705356159126
batch_019:545,3151.3720230168533,3036.0556093472787,2938.121381017826,2940.2705356159126
batch_019:546,15015.055971960792,14191.19532336617,13252.848690257842,11928.421522707782
batch_019:547,3151.3720230168533,3036.0556093472787,2938.121381017826,2940.2705356159126
batch_019:548,3151.3720230168533,3036.0556093472787,2938.121381017826,2940.2705356159126
batch_019:549,6345.424313357137,6142.427214640473,5764.860453260428,5343.215132134796
batch_019:550,3151.3720230168533,3036.0556093472787,2938.121381017826,2940.2705356159126
batch_019:551,3151.3720230168533,3036.0556093472787,2938.121381017826,2940.2705356159126
batch_019:552,15012.112345574433,14189.571842548263,13247.928427066252,11923.50906452844
batch_019:553,14989.415600527791,14173.710838966452,13231.337185962884,11911.894148001924
batch_019:554,3151.3720230168533,3036.0556093472787,2938.121381017826,2940.2705356159126
batch_019:555,6344.397969641973,6144.092064241656,5769.151405892118,5346.364547539392
batch_019:556,3151.3720230168533,3036.0556093472787,2938.121381017826,2940.2705356159126
batch_019:557,3151.3720230168533,3036.0556093472787,2938.121381017826,2940.2705356159126
batch_019:558,3151.3720230168533,3036.0556093472787,2938.121381017826,2940.2705356159126
batch_019:559,3151.3720230168533,3036.0556093472787,2938.121381017826,2940.2705356159126
batch_019:560,3151.3720230168533,3036.0556093472787,2938.121381017826,2940.2705356159126
batch_019:561,3151.3720230168533,3036.0556093472787,2938.121381017826,2940.2705356159126
batch_019:562,15007.836725532825,14182.833431234956,13242.229689087404,11922.018360319276
batch_019:563,3151.3720230168533,3036.0556093472787,2938.121381017826,2940.2705356159126
batch_019:564,3151.3720230168533,3036.0556093472787,2938.121381017826,2940.2705356159126
batch_019:565,3151.3720230168533,3036.0556093472787,2938.121381017826,2940.2705356159126
batch_019:566,4626.500842286069,4430.923583198025,4117.619850974574,3908.2513765156864
batch_019:567,13959.95598086978,13374.825017709245,12418.39757271135,11302.831766793006
batch_019:568,3151.3720230168533,3036.0556093472787,2938.121381017826,2940.2705356159126
batch_019:569,3151.3720230168533,3036.0556093472787,2938.121381017826,2940.2705356159126
batch_019:570,7444.396759624502,7253.175587932154,7086.338662477564,6810.565933605801
batch_019:571,7460.016833099793,7271.363766761391,7104.454646659852,6827.878601244782
batch_019:572,3151.3720230168533,3036.0556093472787,2938.121381017826,2940.2705356159126
batch_019:573,3151.3720230168533,3036.0556093472787,2938.121381017826,2940.2705356159126
batch_019:574,4617.681890641977,4420.685950721177,4111.0349619332055,3902.2690112010678
batch_019:575,14997.940668078249,14175.671322120503,13231.540362029651,11910.208320431962
batch_019:576,3151.3720230168533,3036.0556093472787,2938.121381017826,2940.2705356159126
batch_019:577,13974.99795647502,13392.060230169944,12429.982932839848,11316.765131321514
batch_019:578,6331.480240801466,6131.408867249427,5759.529666662766,5340.209248780279
batch_019:579,3151.3720230168533,3036.0556093472787,2938.121381017826,2940.2705356159126
batch_019:580,3151.3720230168533,3036.0556093472787,2938.121381017826,2940.2705356159126
batch_019:581,3151.3720230168533,3036.0556093472787,2938.121381017826,2940.2705356159126
batch_019:582,6327.418341052399,6127.747281002819,5755.680190889594,5333.6384736793825
batch_019:583,6347.79297908464,6150.0882625873,5775.241482601681,5350.2703407504205
batch_019:584,6346.552771436351,6147.134532620354,5771.007515052643,5348.739193470967
batch_019:585,3151.3720230168533,3036.0556093472787,2938.121381017826,2940.2705356159126
batch_019:586,3151.3720230168533,3036.0556093472787,2938.121381017826,2940.2705356159126
batch_019:587,3151.3720230168533,3036.0556093472787,2938.121381017826,2940.2705356159126
batch_019:588,13981.01000569023,13397.913058207547,12433.659877495222,11316.315477021395
batch_019:589,7417.088767817403,7237.029376577462,7072.535698906859,6802.292294501465
batch_019:590,3151.3720230168533,3036.0556093472787,2938.121381017826,2940.2705356159126
batch_019:591,4669.342414634276,4461.164248249062,4150.631871597687,3933.8081307478387
batch_019:592,15003.406413347102,14184.188809245574,13242.35124434709,11919.97473476416
batch_019:593,10263.768669466588,10062.346385997549,9826.256349388223,9490.009315622627
batch_019:594,3151.3720230168533,3036.0556093472787,2938.121381017826,2940.2705356159126
batch_019:595,7418.9298631913425,7237.870142557192,7068.2976516422,6798.318183893848
batch_019:596,10254.898005715784,10051.648931687652,9818.016859935733,9487.191211946381
batch_019:597,3151.3720230168533,3036.0556093472787,2938.121381017826,2940.2705356159126
batch_019:598,3151.3720230168533,3036.0556093472787,2938.121381017826,2940.2705356159126
batch_019:599,7433.86000719771,7251.412000953043,7085.257684704231,6814.932971547197
batch_019:600,3151.3720230168533,3036.0556093472787,2938.121381017826,2940.2705356159126
batch_019:601,3151.3720230168533,3036.0556093472787,2938.121381017826,2940.2705356159126
batch_019:602,3151.3720230168533,3036.0556093472787,2938.121381017826,2940.2705356159126
batch_019:603,13962.763320085642,13381.970707513712,12426.35266399389,11313.61931748927
batch_019:604,3151.3720230168533,3036.0556093472787,2938.121381017826,2940.2705356159126
batch_019:605,3151.3720230168533,3036.0556093472787,2938.121381017826,2940.2705356159126
batch_019:606,3151.3720230168533,3036.0556093472787,2938.121381017826,2940.2705356159126
batch_019:607,3151.3720230168533,3036.0556093472787,2938.121381017826,2940.2705356159126
batch_019:608,4650.497266276635,4449.202689172872,4138.761992593301,3926.252379515034
batch_019:609,3151.3720230168533,3036.0556093472787,2938.121381017826,2940.2705356159126
batch_019:610,3151.3720230168533,3036.0556093472787,2938.121381017826,2940.2705356159126
batch_019:611,6348.678062546833,6142.55344840799,5764.579717973957,5340.429364943166
batch_019:612,3151.3720230168533,3036.0556093472787,2938.121381017826,2940.2705356159126
batch_019:613,3151.3720230168533,3036.0556093472787,2938.121381017826,2940.2705356159126
batch_019:614,10239.967607415,10039.26531987032,9804.482477322847,9473.060731916914
batch_019:615,15009.192181078357,14185.260988719758,13248.035726885857,11928.616448363318
batch_019:616,7433.86000719771,7251.412000953043,7085.257684704231,6814.932971547197
batch_019:617,4698.032938663886,4486.252270771862,4170.958727605968,3953.415944921586
batch_019:618,3151.3720230168533,3036.0556093472787,2938.121381017826,2940.2705356159126
batch_019:619,3151.3720230168533,3036.0556093472787,2938.121381017826,2940.2705356159126
batch_019:620,3151.3720230168533,3036.0556093472787,2938.121381017826,2940.2705356159126
batch_019:621,3151.3720230168533,3036.0556093472787,2938.121381017826,2940.2705356159126
batch_019:622,3151.3720230168533,3036.0556093472787,2938.121381017826,2940.2705356159126
batch_019:623,3151.3720230168533,3036.0556093472787,2938.121381017826,2940.2705356159126
batch_019:624,3151.3720230168533,3036.0556093472787,2938.121381017826,2940.2705356159126
batch_019:625,3151.3720230168533,3036.0556093472787,2938.121381017826,2940.2705356159126
batch_019:626,10247.93294865044,10052.069690719487,9823.964883214065,9490.9053648521
batch_019:627,14988.33274580746,14171.007410708815,13226.71198208191,11907.184417090724
batch_019:628,6338.667863757035,6140.38116766366,5766.445445833759,5344.564525657633
batch_019:629,3151.3720230168533,3036.0556093472787,2938.121381017826,2940.2705356159126
batch_019:630,13961.488994781852,13383.07544025562,12425.270857409332,11311.97562488194
batch_019:631,3151.3720230168533,3036.0556093472787,2938.121381017826,2940.2705356159126
batch_019:632,7406.697546619111,7229.157061552365,7060.49824029192,6787.733415812866
batch_019:633,3151.3720230168533,3036.0556093472787,2938.121381017826,2940.2705356159126
batch_019:634,3151.3720230168533,3036.0556093472787,2938.121381017826,2940.2705356159126
batch_019:635,4601.211292802665,4406.596688441505,4100.995760958747,3900.173960313264
batch_019:636,7433.129634806399,7249.040079458,7084.30286396597,6816.511682383688
batch_019:637,3151.3720230168533,3036.0556093472787,2938.121381017826,2940.2705356159126
batch_019:638,3151.3720230168533,3036.0556093472787,2938.121381017826,2940.2705356159126
batch_019:639,10267.037845370913,10064.511255021636,9827.604271251832,9492.620538504447
batch_019:640,6327.568670256756,6125.266940234342,5751.766021533679,5333.56601023298
batch_019:641,6329.424621804998,6130.436559891076,5757.150069988532,5337.992491445602
batch_019:642,4605.489962254654,4411.9376689896435,4108.899484356405,3906.887040029866
batch_019:643,3151.3720230168533,3036.0556093472787,2938.121381017826,2940.2705356159126
batch_019:644,3151.3720230168533,3036.0556093472787,2938.121381017826,2940.2705356159126
batch_019:645,6340.812086189266,6142.814680524581,5769.294524529404,5347.170979053767
batch_019:646,3151.3720230168533,3036.0556093472787,2938.121381017826,2940.2705356159126
batch_019:647,3151.3720230168533,3036.0556093472787,2938.121381017826,2940.2705356159126
batch_019:648,7410.13426431327,7230.103465721173,7055.0372734043085,6783.013151049006
batch_019:649,3151.3720230168533,3036.0556093472787,2938.121381017826,2940.2705356159126
batch_019:650,15024.25062517273,14199.106540031698,13255.058962724792,11934.166271877475
batch_019:651,3151.3720230168533,3036.0556093472787,2938.121381017826,2940.2705356159126
batch_019:652,3151.3720230168533,3036.0556093472787,2938.121381017826,2940.2705356159126
batch_019:653,14998.544442385983,14179.207660889686,13238.418849714944,11919.013991230719
batch_019:654,10255.26772646371,10055.09843627507,9821.909598445189,9486.68620526084
batch_019:655,3151.3720230168533,3036.0556093472787,2938.121381017826,2940.2705356159126
batch_019:656,3151.3720230168533,3036.0556093472787,2938.121381017826,2940.2705356159126
batch_019:657,3151.3720230168533,3036.0556093472787,2938.121381017826,2940.2705356159126
batch_019:658,3151.3720230168533,3036.0556093472787,2938.121381017826,2940.2705356159126
batch_019:659,3151.3720230168533,3036.0556093472787,2938.121381017826,2940.2705356159126
batch_019:660,3151.3720230168533,3036.0556093472787,2938.121381017826,2940.2705356159126
batch_019:661,13953.26882886249,13374.511093114146,12416.27582448304,11303.165666116207
batch_019:662,3151.3720230168533,3036.0556093472787,2938.121381017826,2940.2705356159126
batch_019:663,3151.3720230168533,3036.0556093472787,2938.121381017826,2940.2705356159126
batch_019:664,3151.3720230168533,3036.0556093472787,2938.121381017826,2940.2705356159126
batch_019:665,3151.3720230168533,3036.0556093472787,2938.121381017826,2940.2705356159126
batch_019:666,6351.549514625319,6144.2193732554115,5766.578383354439,5344.599106512674
batch_019:667,7402.135514173912,7224.181237811799,7055.441896598391,6785.78801002862
batch_019:668,15012.087333464317,14187.968788397671,13250.313353653513,11929.04260552786
batch_019:669,3151.3720230168533,3036.0556093472787,2938.121381017826,2940.2705356159126
batch_019:670,3151.3720230168533,3036.0556093472787,2938.121381017826,2940.2705356159126
batch_019:671,15000.83574281502,14180.5582532778,13233.905913411301,11913.30055025896
batch_019:672,13961.786065601611,13382.614856686992,12430.16601152519,11316.459199106002
batch_019:673,15005.018444841426,14182.183052784416,13240.807115759735,11919.356140476115
batch_019:674,3151.3720230168533,3036.0556093472787,2938.121381017826,2940.2705356159126
batch_019:675,3151.3720230168533,3036.0556093472787,2938.121381017826,2940.2705356159126
batch_019:676,10245.106652168904,10044.30213585882,9815.155213995673,9485.080153569925
batch_019:677,3151.3720230168533,3036.0556093472787,2938.121381017826,2940.2705356159126
batch_019:678,4658.366129052931,4453.1396475648135,4141.768750936431,3926.8301478052344
batch_019:679,3151.3720230168533,3036.0556093472787,2938.121381017826,2940.2705356159126
batch_019:680,3151.3720230168533,3036.0556093472787,2938.121381017826,2940.2705356159126
batch_019:681,3151.3720230168533,3036.0556093472787,2938.121381017826,2940.2705356159126
batch_019:682,3151.3720230168533,3036.0556093472787,2938.121381017826,2940.2705356159126
batch_019:683,4616.625495411528,4419.30609212811,4110.278875657843,3905.3821300905656
batch_019:684,13968.37775456558,13392.141531564566,12427.835854943345,11315.974654276728
batch_019:685,3151.3720230168533,3036.0556093472787,2938.121381017826,2940.2705356159126
batch_019:686,3151.3720230168533,3036.0556093472787,2938.121381017826,2940.2705356159126
batch_019:687,10255.227403716925,10055.229487041815,9825.649569248062,9491.709247541856
batch_019:688,3151.3720230168533,3036.0556093472787,2938.121381017826,2940.2705356159126
batch_019:689,10261.39318715535,10057.480191114892,9822.568921771246,9488.144689659857
batch_019:690,3151.3720230168533,3036.0556093472787,2938.121381017826,2940.2705356159126
batch_019:691,13964.579965947558,13384.845287285445,12425.489185512823,11311.493947666491
batch_019:692,3151.3720230168533,3036.0556093472787,2938.121381017826,2940.2705356159126
batch_019:693,3151.3720230168533,3036.0556093472787,2938.121381017826,2940.2705356159126
batch_019:694,13971.30795397619,13392.223284616906,12430.483853086498,11314.973391263862
batch_019:695,3151.3720230168533,3036.0556093472787,2938.121381017826,2940.2705356159126
batch_019:696,4661.664546987416,4451.236774185893,4137.34936351338,3925.5443377716115
batch_019:697,3151.3720230168533,3036.0556093472787,2938.121381017826,2940.2705356159126
batch_019:698,3151.3720230168533,3036.0556093472787,2938.121381017826,2940.2705356159126
batch_019:699,3151.3720230168533,3036.0556093472787,2938.121381017826,2940.2705356159126
batch_019:700,6342.422324337907,6144.2641218515855,5766.690063319663,5343.480790081572
batch_019:701,3151.3720230168533,3036.0556093472787,2938.121381017826,2940.2705356159126
batch_019:702,10255.648465818524,10052.36616644017,9817.701892599522,9486.548829731026
batch_019:703,3151.3720230168533,3036.0556093472787,2938.121381017826,2940.2705356159126
batch_019:704,3151.3720230168533,3036.0556093472787,2938.121381017826,2940.2705356159126
batch_019:705,10251.080187292388,10050.036795826261,9817.00176890986,9484.2963457658
batch_019:706,3151.3720230168533,3036.0556093472787,2938.121381017826,2940.2705356159126
batch_019:707,10259.96943377616,10060.692960181928,9827.528479672348,9492.804420888779
batch_019:708,4909.091702421269,4670.7992161079355,4657.905279418829,4475.743443835235
batch_019:709,4640.027701039465,4442.625457959288,4134.126663091903,3923.1281001054745
batch_019:710,3151.3720230168533,3036.0556093472787,2938.121381017826,2940.2705356159126
batch_019:711,14994.64684995947,14174.208878114001,13233.984129325669,11911.237897680721
batch_019:712,15001.11723915198,14183.424595821441,13236.880402168586,11917.493055053064
batch_019:713,3151.3720230168533,3036.0556093472787,2938.121381017826,2940.2705356159126
batch_019:714,7405.131249941661,7225.720985864381,7060.435848147486,6794.650893820829
batch_019:715,3151.3720230168533,3036.0556093472787,2938.121381017826,2940.2705356159126
batch_019:716,3151.3720230168533,3036.0556093472787,2938.121381017826,2940.2705356159126
batch_019:717,3151.3720230168533,3036.0556093472787,2938.121381017826,2940.2705356159126
batch_019:718,3151.3720230168533,3036.0556093472787,2938.121381017826,2940.2705356159126
batch_019:719,7444.554936274017,7256.002245892553,7090.834175081589,6815.658405339235
batch_019:720,4613.37912431282,4415.84971602161,4109.25978436542,3907.0129815738824
batch_019:721,15003.264465717264,14181.190184328214,13241.914387311517,11920.481571517159
batch_019:722,3151.3720230168533,3036.0556093472787,2938.121381017826,2940.2705356159126
batch_019:723,10242.000515480919,10039.93551326021,9808.896955382588,9476.970932453565
batch_019:724,3151.3720230168533,3036.0556093472787,2938.121381017826,2940.2705356159126
batch_019:725,14984.676054788784,14167.58957529069,13228.817731826693,11906.70559276395
batch_019:726,15007.928522843822,14184.66383515072,13245.497630399239,11924.392937068253
batch_019:727,3151.3720230168533,3036.0556093472787,2938.121381017826,2940.2705356159126
batch_019:728,6340.624833023721,6139.906152197191,5765.310866257362,5340.600665495129
batch_019:729,7401.273093526796,7222.156941473846,7061.8049050774425,6796.599810955365
batch_019:730,14997.06468496161,14179.884451240516,13237.244619940408,11914.87945296126
batch_019:731,7416.35536387986,7232.681140654507,7067.792578272158,6804.4993354856015
batch_019:732,6341.208729241492,6145.055265553943,5768.908400697629,5347.4893639493075
batch_019:733,4641.799986065434,4446.500106429082,4138.340887882615,3924.0733688043288
batch_019:734,3151.3720230168533,3036.0556093472787,2938.121381017826,2940.2705356159126
batch_019:735,15015.780956409097,14194.374454562247,13252.16211537743,11929.772570511022
batch_019:736,6331.540884095915,6130.006355027992,5755.6547217405,5335.703834879668
batch_019:737,14994.662153237776,14175.982544889925,13238.186425149011,11919.562148691964
batch_019:738,4596.0407732176,4405.884498159977,4103.229997038305,3901.6527477923937
batch_019:739,3151.3720230168533,3036.0556093472787,2938.121381017826,2940.2705356159126
batch_019:740,7406.819405172396,7229.968790823081,7068.632692959238,6800.389876389722
batch_019:741,3151.3720230168533,3036.0556093472787,2938.121381017826,2940.2705356159126
batch_019:742,3151.3720230168533,3036.0556093472787,2938.121381017826,2940.2705356159126
batch_019:743,3151.3720230168533,3036.0556093472787,2938.121381017826,2940.2705356159126
batch_019:744,4662.278752681655,4459.355546271566,4147.0721426040245,3930.3003248964396
batch_019:745,3151.3720230168533,3036.0556093472787,2938.121381017826,2940.2705356159126
batch_019:746,3151.3720230168533,3036.0556093472787,2938.121381017826,2940.2705356159126
batch_019:747,13967.89526654264,13386.50533508126,12426.227913830084,11315.417964601926
batch_019:748,3151.3720230168533,3036.0556093472787,2938.121381017826,2940.2705356159126
batch_019:749,6342.258560976852,6141.656601739436,5766.700844327173,5345.700782735061
batch_019:750,3151.3720230168533,3036.0556093472787,2938.121381017826,2940.2705356159126
batch_019:751,3151.3720230168533,3036.0556093472787,2938.121381017826,2940.2705356159126
batch_019:752,4647.826518717422,4449.100074815242,4143.133012313817,3924.504548021088
batch_019:753,4604.116283403582,4409.720956807916,4105.950962270292,3905.8012656767655
batch_019:754,15005.438076776205,14181.981583925242,13242.244245787075,11919.81449884396
batch_019:755,4601.477601380137,4405.817663447444,4096.994113753247,3897.0087121535917
batch_019:756,6350.467518908401,6151.990910650784,5775.138334757748,5352.061196479986
batch_019:757,13974.22390133497,13391.811696230452,12433.510203273914,11319.589904054992
batch_019:758,13963.332405369321,13383.53105925859,12423.204664323475,11310.531975586371
batch_019:759,7414.123735668237,7235.123605330111,7072.501745045522,6804.214672249502
batch_019:760,6333.174218077375,6130.181196104171,5757.20202402196,5336.235471165662
batch_019:761,10249.024985171132,10047.960171603092,9811.92845682756,9481.198592460134
batch_019:762,3151.3720230168533,3036.0556093472787,2938.121381017826,2940.2705356159126
batch_019:763,4597.972004773555,4405.586092948105,4105.566024048465,3904.390585024439
batch_019:764,3151.3720230168533,3036.0556093472787,2938.121381017826,2940.2705356159126
batch_019:765,7420.140111144979,7235.049209131801,7071.37074301554,6800.407636141026
batch_019:766,3151.3720230168533,3036.0556093472787,2938.121381017826,2940.2705356159126
batch_019:767,3151.3720230168533,3036.0556093472787,2938.121381017826,2940.2705356159126
batch_019:768,4638.251263537504,4436.643950509895,4123.62775523809,3913.468905362318
batch_019:769,15007.941208370747,14183.283332664925,13240.397149066277,11918.905089471873
batch_019:770,10248.948418133617,10047.270545492249,9807.372718251336,9475.228399995214
batch_019:771,3151.3720230168533,3036.0556093472787,2938.121381017826,2940.2705356159126
batch_019:772,7412.998599614153,7235.2505804226685,7064.052916114809,6792.735747360568
batch_019:773,3151.3720230168533,3036.0556093472787,2938.121381017826,2940.2705356159126
batch_019:774,13965.92345160372,13385.178461453006,12421.559241320025,11308.328726014472
batch_019:775,7404.322194769558,7227.473011263829,7057.939202803161,6785.219153845407
batch_019:776,3151.3720230168533,3036.0556093472787,2938.121381017826,2940.2705356159126
batch_019:777,3151.3720230168533,3036.0556093472787,2938.121381017826,2940.2705356159126
batch_019:778,3151.3720230168533,3036.0556093472787,2938.121381017826,2940.2705356159126
batch_019:779,6329.695876354512,6130.416702642554,5757.391185018615,5336.646640363173
batch_019:780,3151.3720230168533,3036.0556093472787,2938.121381017826,2940.2705356159126
batch_019:781,6338.053884840078,6142.692614292679,5770.155830517404,5351.204562346032
batch_019:782,15010.431147032725,14189.934710331172,13243.070485957029,11921.74655423599
batch_019:783,15007.032812850028,14183.528188893619,13245.490291625038,11923.178141013394
batch_019:784,14998.154934119466,14176.71459307852,13237.018745677284,11915.946719000802
batch_019:785,14994.798999751085,14177.17601311264,13235.961278737042,11914.707911046693
batch_019:786,14997.128232971447,14173.598721186292,13234.017675979372,11911.016675217552
batch_019:787,13974.22390133497,13391.811696230452,12433.510203273914,11319.589904054992
batch_019:788,3151.3720230168533,3036.0556093472787,2938.121381017826,2940.2705356159126
batch_019:789,3151.3720230168533,3036.0556093472787,2938.121381017826,2940.2705356159126
batch_019:790,10240.169371750722,10040.149669094306,9807.11918239206,9476.782691554803
batch_019:791,10247.72756679624,10050.480912476061,9823.704278421568,9493.096119225389
batch_019:792,3151.3720230168533,3036.0556093472787,2938.121381017826,2940.2705356159126
batch_019:793,3151.3720230168533,3036.0556093472787,2938.121381017826,2940.2705356159126
batch_019:794,3151.3720230168533,3036.0556093472787,2938.121381017826,2940.2705356159126
batch_019:795,3151.3720230168533,3036.0556093472787,2938.121381017826,2940.2705356159126
batch_019:796,15004.968468254523,14184.259739318224,13246.844235730363,11925.650898210914
batch_019:797,10240.22002874208,10042.015550312277,9816.415459285692,9489.175059935465
batch_019:798,15001.695823866183,14180.965914508044,13242.916632294004,11922.275895658118
batch_019:799,3151.3720230168533,3036.0556093472787,2938.121381017826,2940.2705356159126
batch_019:800,13960.534184358456,13380.340413868149,12426.961230805631,11314.642675026567
batch_019:801,7419.473719860883,7237.238958585768,7066.923024422488,6794.067599712414
batch_019:802,3151.3720230168533,3036.0556093472787,2938.121381017826,2940.2705356159126
batch_019:803,3151.3720230168533,3036.0556093472787,2938.121381017826,2940.2705356159126
batch_019:804,3151.3720230168533,3036.0556093472787,2938.121381017826,2940.2705356159126
batch_019:805,3151.3720230168533,3036.0556093472787,2938.121381017826,2940.2705356159126
batch_019:806,13981.325653271442,13400.07339156144,12434.35129973736,11320.110467512082
batch_019:807,3151.3720230168533,3036.0556093472787,2938.121381017826,2940.2705356159126
batch_019:808,3151.3720230168533,3036.0556093472787,2938.121381017826,2940.2705356159126
batch_019:809,6346.645390099819,6146.401915579371,5769.545476849128,5347.399247125003
batch_019:810,3151.3720230168533,3036.0556093472787,2938.121381017826,2940.2705356159126
batch_019:811,3151.3720230168533,3036.0556093472787,2938.121381017826,2940.2705356159126
batch_019:812,4616.4065646056615,4420.337968374265,4110.245823583928,3906.065191103564
batch_019:813,3151.3720230168533,3036.0556093472787,2938.121381017826,2940.2705356159126
batch_019:814,3151.3720230168533,3036.0556093472787,2938.121381017826,2940.2705356159126
batch_019:815,3151.3720230168533,3036.0556093472787,2938.121381017826,2940.2705356159126
batch_019:816,14985.281002919995,14170.657515858898,13227.146212712027,11906.006698555213
batch_019:817,14992.277915493518,14174.860402118338,13231.419950181446,11909.21760653804
batch_019:818,13962.92378586809,13381.142087155546,12419.873672220334,11307.56853600356
batch_019:819,7406.030478973094,7222.789959841563,7052.84331543379,6783.545573462319
batch_019:820,4607.787249908764,4415.634299717405,4107.896141873193,3905.4202309710295
batch_019:821,3151.3720230168533,3036.0556093472787,2938.121381017826,2940.2705356159126
batch_019:822,3151.3720230168533,3036.0556093472787,2938.121381017826,2940.2705356159126
batch_019:823,3151.3720230168533,3036.0556093472787,2938.121381017826,2940.2705356159126
batch_019:824,4596.292651673373,4404.17607571907,4097.344929946401,3896.3456782183907
batch_019:825,10240.728302685084,10041.813906168047,9816.10244559557,9486.546168293135
batch_019:826,13966.998838896814,13386.64910828997,12426.1799620769,11314.07138727219
batch_019:827,3151.3720230168533,3036.0556093472787,2938.121381017826,2940.2705356159126
batch_019:828,3151.3720230168533,3036.0556093472787,2938.121381017826,2940.2705356159126
batch_019:829,3151.3720230168533,3036.0556093472787,2938.121381017826,2940.2705356159126
batch_019:830,7401.37229323539,7224.95609989276,7058.661466652106,6790.56903205125
batch_019:831,3151.3720230168533,3036.0556093472787,2938.121381017826,2940.2705356159126
batch_019:832,15024.25062517273,14199.106540031698,13255.058962724792,11934.166271877475
batch_019:833,3151.3720230168533,3036.0556093472787,2938.121381017826,2940.2705356159126
batch_019:834,4631.958157654083,4430.819368754603,4120.813761497591,3914.404271443464
batch_019:835,4660.1969529558855,4454.448221822844,4141.635794353903,3927.2923507415535
batch_019:836,3151.3720230168533,3036.0556093472787,2938.121381017826,2940.2705356159126
batch_019:837,4758.453545904469,4560.334266186314,4528.14233969016,4353.962550089595
batch_019:838,13965.691649116015,13385.565713560565,12424.829688946935,11311.353184433274
batch_019:839,3151.3720230168533,3036.0556093472787,2938.121381017826,2940.2705356159126
batch_019:840,3151.3720230168533,3036.0556093472787,2938.121381017826,2940.2705356159126
batch_019:841,3151.3720230168533,3036.0556093472787,2938.121381017826,2940.2705356159126
batch_019:842,3151.3720230168533,3036.0556093472787,2938.121381017826,2940.2705356159126
batch_019:843,3151.3720230168533,3036.0556093472787,2938.121381017826,2940.2705356159126
batch_019:844,3151.3720230168533,3036.0556093472787,2938.121381017826,2940.2705356159126
batch_019:845,13961.165830858954,13381.671592787512,12422.001692673792,11310.748173177186
batch_019:846,7419.115508672168,7237.80364212973,7078.188654588863,6817.57960869362
batch_019:847,3151.3720230168533,3036.0556093472787,2938.121381017826,2940.2705356159126
batch_019:848,3151.3720230168533,3036.0556093472787,2938.121381017826,2940.2705356159126
batch_019:849,6346.332337623533,6147.34042178446,5772.690096487561,5349.80457152246
batch_019:850,3151.3720230168533,3036.0556093472787,2938.121381017826,2940.2705356159126
batch_019:851,3151.3720230168533,3036.0556093472787,2938.121381017826,2940.2705356159126
batch_019:852,6346.950616171111,6144.841282445355,5768.1325734995135,5344.760137497017
batch_019:853,15003.264465717264,14181.190184328214,13241.914387311517,11920.481571517159
batch_019:854,6351.35444382971,6150.12828075022,5773.330276795995,5350.199959130958
batch_019:855,4601.211292802665,4406.596688441505,4100.995760958747,3900.173960313264
batch_019:856,3151.3720230168533,3036.0556093472787,2938.121381017826,2940.2705356159126
batch_019:857,14994.798999751085,14177.17601311264,13235.961278737042,11914.707911046693
batch_019:858,3151.3720230168533,3036.0556093472787,2938.121381017826,2940.2705356159126
batch_019:859,3151.3720230168533,3036.0556093472787,2938.121381017826,2940.2705356159126
batch_019:860,3151.3720230168533,3036.0556093472787,2938.121381017826,2940.2705356159126
batch_019:861,7412.286331771358,7233.884883978746,7076.700360841586,6817.870948584973
batch_019:862,7401.618604407121,7224.094263211477,7057.444572294626,6787.5605753083255
batch_019:863,3151.3720230168533,3036.0556093472787,2938.121381017826,2940.2705356159126
batch_019:864,3151.3720230168533,3036.0556093472787,2938.121381017826,2940.2705356159126
batch_019:865,13973.929248630944,13390.534950904268,12425.880759725253,11310.641392710375
batch_019:866,3151.3720230168533,3036.0556093472787,2938.121381017826,2940.2705356159126
batch_019:867,3151.3720230168533,3036.0556093472787,2938.121381017826,2940.2705356159126
batch_019:868,6347.657717213103,6151.043467798652,5775.051615941182,5353.052366275511
batch_019:869,10237.339379640869,10038.814916091018,9805.645456335158,9473.319543171032
batch_019:870,3151.3720230168533,3036.0556093472787,2938.121381017826,2940.2705356159126
batch_019:871,3151.3720230168533,3036.0556093472787,2938.121381017826,2940.2705356159126
batch_019:872,6346.236281272322,6150.760009258612,5774.46356878329,5355.363998141296
batch_019:873,3151.3720230168533,3036.0556093472787,2938.121381017826,2940.2705356159126
batch_019:874,3151.3720230168533,3036.0556093472787,2938.121381017826,2940.2705356159126
batch_019:875,3151.3720230168533,3036.0556093472787,2938.121381017826,2940.2705356159126
batch_019:876,6342.304250771501,6145.732442247909,5770.606858486974,5351.330077533491
batch_019:877,3151.3720230168533,3036.0556093472787,2938.121381017826,2940.2705356159126
batch_019:878,3151.3720230168533,3036.0556093472787,2938.121381017826,2940.2705356159126
batch_019:879,3151.3720230168533,3036.0556093472787,2938.121381017826,2940.2705356159126
batch_019:880,3151.3720230168533,3036.0556093472787,2938.121381017826,2940.2705356159126
batch_019:881,3151.3720230168533,3036.0556093472787,2938.121381017826,2940.2705356159126
batch_019:882,3151.3720230168533,3036.0556093472787,2938.121381017826,2940.2705356159126
batch_019:883,4655.253446784602,4449.735523310694,4139.069738665465,3927.8787162026565
batch_019:884,10247.03393704652,10042.99725983648,9806.979354672927,9477.211002366124
batch_019:885,3151.3720230168533,3036.0556093472787,2938.121381017826,2940.2705356159126
batch_019:886,3151.3720230168533,3036.0556093472787,2938.121381017826,2940.2705356159126
batch_019:887,3151.3720230168533,3036.0556093472787,2938.121381017826,2940.2705356159126
batch_019:888,3151.3720230168533,3036.0556093472787,2938.121381017826,2940.2705356159126
batch_019:889,3151.3720230168533,3036.0556093472787,2938.121381017826,2940.2705356159126
batch_019:890,3151.3720230168533,3036.0556093472787,2938.121381017826,2940.2705356159126
batch_019:891,3151.3720230168533,3036.0556093472787,2938.121381017826,2940.2705356159126
batch_019:892,6340.38902303047,6143.409738995174,5769.392176921771,5348.08581411391
batch_019:893,3151.3720230168533,3036.0556093472787,2938.121381017826,2940.2705356159126
batch_019:894,10246.622364419623,10047.733257201678,9815.34742679916,9482.354506069683
batch_019:895,15006.821321395926,14185.454779548774,13239.708831371736,11916.402405370409
batch_019:896,3151.3720230168533,3036.0556093472787,2938.121381017826,2940.2705356159126
batch_019:897,3151.3720230168533,3036.0556093472787,2938.121381017826,2940.2705356159126
batch_019:898,3151.3720230168533,3036.0556093472787,2938.121381017826,2940.2705356159126
batch_019:899,10251.32052812347,10050.592841454089,9820.181030366119,9488.957088916912
batch_019:900,3151.3720230168533,3036.0556093472787,2938.121381017826,2940.2705356159126
batch_019:901,3151.3720230168533,3036.0556093472787,2938.121381017826,2940.2705356159126
batch_019:902,15014.688342475105,14190.724653459078,13254.37522699541,11931.656462391335
batch_019:903,7445.188486830127,7252.859206548473,7087.069999436801,6814.729817232814
batch_019:904,14997.33281702998,14177.6706121053,13240.714439602185,11918.470929877636
batch_019:905,4880.446690434245,4637.4919338163445,4562.594556875176,4399.307582433223
batch_019:906,3151.3720230168533,3036.0556093472787,2938.121381017826,2940.2705356159126
batch_019:907,3151.3720230168533,3036.0556093472787,2938.121381017826,2940.2705356159126
batch_019:908,3151.3720230168533,3036.0556093472787,2938.121381017826,2940.2705356159126
batch_019:909,3151.3720230168533,3036.0556093472787,2938.121381017826,2940.2705356159126
batch_019:910,14999.02151287199,14179.487414021065,13242.589838559405,11922.387262089826
batch_019:911,13961.488994781852,13383.07544025562,12425.270857409332,11311.97562488194
batch_019:912,13966.307793239666,13386.185365201734,12424.683520470104,11311.952098399126
batch_019:913,3151.3720230168533,3036.0556093472787,2938.121381017826,2940.2705356159126
batch_019:914,3151.3720230168533,3036.0556093472787,2938.121381017826,2940.2705356159126
batch_019:915,10261.203679204671,10061.73093528038,9824.884768322798,9493.152983998252
batch_019:916,3151.3720230168533,3036.0556093472787,2938.121381017826,2940.2705356159126
batch_019:917,3151.3720230168533,3036.0556093472787,2938.121381017826,2940.2705356159126
batch_019:918,14989.706703682958,14174.001077437675,13229.95899333237,11909.483724319747
batch_019:919,3151.3720230168533,3036.0556093472787,2938.121381017826,2940.2705356159126
batch_019:920,3151.3720230168533,3036.0556093472787,2938.121381017826,2940.2705356159126
batch_019:921,3151.3720230168533,3036.0556093472787,2938.121381017826,2940.2705356159126
batch_019:922,10242.700981731467,10041.906425617422,9807.439297991106,9477.199644784585
batch_019:923,3151.3720230168533,3036.0556093472787,2938.121381017826,2940.2705356159126
batch_019:924,3151.3720230168533,3036.0556093472787,2938.121381017826,2940.2705356159126
batch_019:925,13964.947909637913,13380.646792462132,12412.00457257594,11295.75186724118
batch_019:926,3151.3720230168533,3036.0556093472787,2938.121381017826,2940.2705356159126
batch_019:927,3151.3720230168533,3036.0556093472787,2938.121381017826,2940.2705356159126
batch_019:928,3151.3720230168533,3036.0556093472787,2938.121381017826,2940.2705356159126
batch_019:929,15001.278162724928,14182.262359035172,13241.508783637193,11920.687306834532
batch_019:930,3151.3720230168533,3036.0556093472787,2938.121381017826,2940.2705356159126
batch_019:931,6346.409134309572,6146.863541834859,5770.732792465029,5346.88175897199
batch_019:932,3151.3720230168533,3036.0556093472787,2938.121381017826,2940.2705356159126
batch_019:933,3151.3720230168533,3036.0556093472787,2938.121381017826,2940.2705356159126
batch_019:934,3151.3720230168533,3036.0556093472787,2938.121381017826,2940.2705356159126
batch_019:935,3151.3720230168533,3036.0556093472787,2938.121381017826,2940.2705356159126
batch_019:936,3151.3720230168533,3036.0556093472787,2938.121381017826,2940.2705356159126
batch_019:937,4644.679176700559,4441.939936075734,4130.604376492097,3921.3778944031533
batch_019:938,3151.3720230168533,3036.0556093472787,2938.121381017826,2940.2705356159126
batch_019:939,3151.3720230168533,3036.0556093472787,2938.121381017826,2940.2705356159126
batch_019:940,3151.3720230168533,3036.0556093472787,2938.121381017826,2940.2705356159126
batch_019:941,13961.165830858954,13381.671592787512,12422.001692673792,11310.748173177186
batch_019:942,3151.3720230168533,3036.0556093472787,2938.121381017826,2940.2705356159126
batch_019:943,6342.692295659519,6143.785425272128,5771.322838829669,5350.058095579263
batch_019:944,7421.644293095697,7239.204651987533,7071.728794992337,6797.797599500136
batch_019:945,3151.3720230168533,3036.0556093472787,2938.121381017826,2940.2705356159126
batch_019:946,3151.3720230168533,3036.0556093472787,2938.121381017826,2940.2705356159126
batch_019:947,3151.3720230168533,3036.0556093472787,2938.121381017826,2940.2705356159126
batch_019:948,7401.618604407121,7224.094263211477,7057.444572294626,6787.5605753083255
batch_019:949,10259.37594569667,10056.987685987275,9826.180214195998,9491.557244685035
batch_019:950,3151.3720230168533,3036.0556093472787,2938.121381017826,2940.2705356159126
batch_019:951,7416.2463956909105,7237.101342508903,7072.402077666952,6803.346269745323
batch_019:952,3151.3720230168533,3036.0556093472787,2938.121381017826,2940.2705356159126
batch_019:953,6334.467743164256,6131.998789296788,5759.566217349062,5340.698166987776
batch_019:954,14991.78066511438,14176.142619421767,13230.88568930949,11909.295700262777
batch_019:955,7412.695993171682,7233.597442634677,7068.396484679867,6800.525221488799
batch_019:956,3151.3720230168533,3036.0556093472787,2938.121381017826,2940.2705356159126
batch_019:957,10263.465818809515,10063.495494952082,9826.562711554858,9491.451968148176
batch_019:958,3151.3720230168533,3036.0556093472787,2938.121381017826,2940.2705356159126
batch_019:959,3151.3720230168533,3036.0556093472787,2938.121381017826,2940.2705356159126
batch_019:960,3151.3720230168533,3036.0556093472787,2938.121381017826,2940.2705356159126
batch_019:961,3151.3720230168533,3036.0556093472787,2938.121381017826,2940.2705356159126
batch_019:962,3151.3720230168533,3036.0556093472787,2938.121381017826,2940.2705356159126
batch_019:963,7415.333260970485,7233.560737158226,7067.077024268687,6799.336439183337
batch_019:964,4623.686284489791,4428.5290089948485,4117.084295158162,3910.3505124642456
batch_019:965,6338.384616492171,6137.276217457082,5762.402584473664,5341.869174968123
batch_019:966,3151.3720230168533,3036.0556093472787,2938.121381017826,2940.2705356159126
batch_019:967,7411.702139713036,7233.700622987691,7071.332116879174,6802.179967034011
batch_019:968,7407.7395283675105,7229.998504362096,7069.195877764135,6801.396179795348
batch_019:969,3151.3720230168533,3036.0556093472787,2938.121381017826,2940.2705356159126
batch_019:970,6360.071887044511,6160.546772640026,5782.109194328183,5358.049818424342
batch_019:971,3151.3720230168533,3036.0556093472787,2938.121381017826,2940.2705356159126
batch_019:972,3151.3720230168533,3036.0556093472787,2938.121381017826,2940.2705356159126
batch_019:973,3151.3720230168533,3036.0556093472787,2938.121381017826,2940.2705356159126
batch_019:974,3151.3720230168533,3036.0556093472787,2938.121381017826,2940.2705356159126
batch_019:975,4594.150202483543,4402.069235895922,4098.898230693712,3896.2143866247525
batch_019:976,10247.440672789951,10048.995686590293,9820.793301527629,9487.571783875303
batch_019:977,6347.152680045388,6147.733384545398,5771.35954352193,5346.441323697417
batch_019:978,3151.3720230168533,3036.0556093472787,2938.121381017826,2940.2705356159126
batch_019:979,3151.3720230168533,3036.0556093472787,2938.121381017826,2940.2705356159126
batch_019:980,6333.208262344394,6129.580310993742,5754.88700399725,5334.05225046715
batch_019:981,3151.3720230168533,3036.0556093472787,2938.121381017826,2940.2705356159126
batch_019:982,10253.812512581286,10056.913676131271,9824.470078359389,9492.48563882853
batch_019:983,4665.944539249444,4457.943482831415,4147.617514645832,3931.735874105382
batch_019:984,7413.549665254418,7235.169874279078,7070.195084313224,6800.962008673879
batch_019:985,6351.442979823803,6152.183996639719,5774.615970613683,5352.389750448308
batch_019:986,7430.392775805153,7245.715324835803,7081.334115159694,6808.799860224554
batch_019:987,7401.620090320362,7225.410363112712,7059.662460455626,6791.857246470508
batch_019:988,6349.599350877132,6149.2151636646495,5775.148233830056,5351.142609670679
batch_019:989,10247.16634647172,10045.66850285267,9811.764892642052,9481.533839323094
batch_019:990,14990.778893928065,14173.949612100945,13231.676298299226,11912.660445474421
batch_019:991,15009.010057767346,14181.585286182222,13244.46188284714,11923.116964179664
batch_019:992,14989.184304812528,14172.749128728243,13234.139037207005,11911.978175392773
batch_019:993,7412.60803114207,7231.504624891783,7071.327118908911,6805.548101652065
batch_019:994,4632.994793787806,4434.005916193106,4129.094451825332,3917.5733508879757
batch_019:995,6344.350364884839,6143.812082673387,5769.808364607681,5347.8318756707895
batch_019:996,7418.984175882627,7239.886185951846,7079.826219495068,6812.483092535212
batch_019:997,4611.606200967643,4411.8667591054345,4104.638577873704,3902.4327280206726
batch_019:998,4621.871686738304,4422.966063736351,4109.026116077418,3904.7243373937904
batch_019:999,15001.987951537594,14179.350932143338,13237.030024471187,11917.213425658947
batch_019:1000,7416.632522615726,7234.263533360965,7069.528497907138,6795.235693863431
