scheme,fold,sample_id,partition
ordinary,0,batch_013:8,validation
ordinary,0,batch_013:16,validation
ordinary,0,batch_013:18,validation
ordinary,0,batch_013:30,validation
ordinary,0,batch_013:41,validation
ordinary,0,batch_013:62,validation
ordinary,0,batch_013:65,validation
ordinary,0,batch_013:72,validation
ordinary,0,batch_013:77,validation
ordinary,0,batch_013:82,validation
ordinary,0,batch_013:83,validation
ordinary,0,batch_013:88,validation
ordinary,0,batch_013:90,validation
ordinary,0,batch_013:105,validation
ordinary,0,batch_013:108,validation
ordinary,0,batch_013:115,validation
ordinary,0,batch_013:130,validation
ordinary,0,batch_013:135,validation
ordinary,0,batch_013:136,validation
ordinary,0,batch_013:145,validation
ordinary,0,batch_013:147,validation
ordinary,0,batch_013:151,validation
ordinary,0,batch_013:153,validation
ordinary,0,batch_013:170,validation
ordinary,0,batch_013:173,validation
ordinary,0,batch_013:175,validation
ordinary,0,batch_013:181,validation
ordinary,0,batch_013:186,validation
ordinary,0,batch_013:189,validation
ordinary,0,batch_013:203,validation
ordinary,0,batch_013:214,validation
ordinary,0,batch_013:218,validation
ordinary,0,batch_013:225,validation
ordinary,0,batch_013:227,validation
ordinary,0,batch_013:236,validation
ordinary,0,batch_013:239,validation
ordinary,0,batch_013:254,validation
ordinary,0,batch_013:257,validation
ordinary,0,batch_013:269,validation
ordinary,0,batch_013:272,validation
ordinary,0,batch_013:288,validation
ordinary,0,batch_013:293,validation
ordinary,0,batch_013:296,validation
ordinary,0,batch_013:300,validation
ordinary,0,batch_013:312,validation
ordinary,0,batch_013:335,validation
ordinary,0,batch_013:341,validation
ordinary,0,batch_013:345,validation
ordinary,0,batch_013:347,validation
ordinary,0,batch_013:352,validation
ordinary,0,batch_013:354,validation
ordinary,0,batch_013:355,validation
ordinary,0,batch_013:364,validation
ordinary,0,batch_013:381,validation
ordinary,0,batch_013:382,validation
ordinary,0,batch_013:385,validation
ordinary,0,batch_013:397,validation
ordinary,0,batch_013:398,validation
ordinary,0,batch_013:406,validation
ordinary,0,batch_013:412,validation
ordinary,0,batch_013:424,validation
ordinary,0,batch_013:426,validation
ordinary,0,batch_013:431,validation
ordinary,0,batch_013:433,validation
ordinary,0,batch_013:437,validation
ordinary,0,batch_013:445,validation
ordinary,0,batch_013:449,validation
ordinary,0,batch_013:450,validation
ordinary,0,batch_013:453,validation
ordinary,0,batch_013:467,validation
ordinary,0,batch_013:469,validation
ordinary,0,batch_013:472,validation
ordinary,0,batch_013:483,validation
ordinary,0,batch_013:489,validation
ordinary,0,batch_013:491,validation
ordinary,0,batch_013:498,validation
ordinary,0,batch_013:500,validation
ordinary,0,batch_013:527,validation
ordinary,0,batch_013:529,validation
ordinary,0,batch_013:531,validation
ordinary,0,batch_013:533,validation
ordinary,0,batch_013:534,validation
ordinary,0,batch_013:547,validation
ordinary,0,batch_013:548,validation
ordinary,0,batch_013:552,validation
ordinary,0,batch_013:560,validation
ordinary,0,batch_013:567,validation
ordinary,0,batch_013:571,validation
ordinary,0,batch_013:573,validation
ordinary,0,batch_013:591,validation
ordinary,0,batch_013:595,validation
ordinary,0,batch_013:596,validation
ordinary,0,batch_013:599,validation
ordinary,0,batch_013:600,validation
ordinary,0,batch_013:632,validation
ordinary,0,batch_013:639,validation
ordinary,0,batch_013:643,validation
ordinary,0,batch_013:645,validation
ordinary,0,batch_013:669,validation
ordinary,0,batch_013:679,validation
ordinary,0,batch_013:686,validation
ordinary,0,batch_013:688,validation
ordinary,0,batch_013:698,validation
ordinary,0,batch_013:701,validation
ordinary,0,batch_013:711,validation
ordinary,0,batch_013:719,validation
ordinary,0,batch_013:720,validation
ordinary,0,batch_013:721,validation
ordinary,0,batch_013:744,validation
ordinary,0,batch_013:752,validation
ordinary,0,batch_013:755,validation
ordinary,0,batch_013:759,validation
ordinary,0,batch_013:763,validation
ordinary,0,batch_013:764,validation
ordinary,0,batch_013:772,validation
ordinary,0,batch_013:785,validation
ordinary,0,batch_013:786,validation
ordinary,0,batch_013:788,validation
ordinary,0,batch_013:799,validation
ordinary,0,batch_013:809,validation
ordinary,0,batch_013:810,validation
ordinary,0,batch_013:811,validation
ordinary,0,batch_013:817,validation
ordinary,0,batch_013:821,validation
ordinary,0,batch_013:822,validation
ordinary,0,batch_013:823,validation
ordinary,0,batch_013:824,validation
ordinary,0,batch_013:842,validation
ordinary,0,batch_013:847,validation
ordinary,0,batch_013:849,validation
ordinary,0,batch_013:852,validation
ordinary,0,batch_013:866,validation
ordinary,0,batch_013:867,validation
ordinary,0,batch_013:874,validation
ordinary,0,batch_013:880,validation
ordinary,0,batch_013:909,validation
ordinary,0,batch_013:917,validation
ordinary,0,batch_013:925,validation
ordinary,0,batch_013:926,validation
ordinary,0,batch_013:932,validation
ordinary,0,batch_013:935,validation
ordinary,0,batch_013:949,validation
ordinary,0,batch_013:952,validation
ordinary,0,batch_013:953,validation
ordinary,0,batch_013:958,validation
ordinary,0,batch_013:966,validation
ordinary,0,batch_013:980,validation
ordinary,0,batch_013:994,validation
ordinary,0,batch_014:1,validation
ordinary,0,batch_014:9,validation
ordinary,0,batch_014:24,validation
ordinary,0,batch_014:30,validation
ordinary,0,batch_014:35,validation
ordinary,0,batch_014:45,validation
ordinary,0,batch_014:49,validation
ordinary,0,batch_014:56,validation
ordinary,0,batch_014:59,validation
ordinary,0,batch_014:60,validation
ordinary,0,batch_014:71,validation
ordinary,0,batch_014:84,validation
ordinary,0,batch_014:85,validation
ordinary,0,batch_014:92,validation
ordinary,0,batch_014:94,validation
ordinary,0,batch_014:99,validation
ordinary,0,batch_014:108,validation
ordinary,0,batch_014:111,validation
ordinary,0,batch_014:116,validation
ordinary,0,batch_014:117,validation
ordinary,0,batch_014:123,validation
ordinary,0,batch_014:124,validation
ordinary,0,batch_014:133,validation
ordinary,0,batch_014:146,validation
ordinary,0,batch_014:151,validation
ordinary,0,batch_014:153,validation
ordinary,0,batch_014:157,validation
ordinary,0,batch_014:160,validation
ordinary,0,batch_014:174,validation
ordinary,0,batch_014:178,validation
ordinary,0,batch_014:190,validation
ordinary,0,batch_014:194,validation
ordinary,0,batch_014:196,validation
ordinary,0,batch_014:202,validation
ordinary,0,batch_014:206,validation
ordinary,0,batch_014:212,validation
ordinary,0,batch_014:214,validation
ordinary,0,batch_014:220,validation
ordinary,0,batch_014:222,validation
ordinary,0,batch_014:225,validation
ordinary,0,batch_014:236,validation
ordinary,0,batch_014:238,validation
ordinary,0,batch_014:239,validation
ordinary,0,batch_014:243,validation
ordinary,0,batch_014:244,validation
ordinary,0,batch_014:247,validation
ordinary,0,batch_014:251,validation
ordinary,0,batch_014:259,validation
ordinary,0,batch_014:270,validation
ordinary,0,batch_014:278,validation
ordinary,0,batch_014:281,validation
ordinary,0,batch_014:285,validation
ordinary,0,batch_014:296,validation
ordinary,0,batch_014:305,validation
ordinary,0,batch_014:314,validation
ordinary,0,batch_014:316,validation
ordinary,0,batch_014:318,validation
ordinary,0,batch_014:329,validation
ordinary,0,batch_014:331,validation
ordinary,0,batch_014:334,validation
ordinary,0,batch_014:340,validation
ordinary,0,batch_014:350,validation
ordinary,0,batch_014:354,validation
ordinary,0,batch_014:355,validation
ordinary,0,batch_014:356,validation
ordinary,0,batch_014:365,validation
ordinary,0,batch_014:368,validation
ordinary,0,batch_014:369,validation
ordinary,0,batch_014:402,validation
ordinary,0,batch_014:408,validation
ordinary,0,batch_014:420,validation
ordinary,0,batch_014:429,validation
ordinary,0,batch_014:443,validation
ordinary,0,batch_014:453,validation
ordinary,0,batch_014:467,validation
ordinary,0,batch_014:475,validation
ordinary,0,batch_014:482,validation
ordinary,0,batch_014:483,validation
ordinary,0,batch_014:494,validation
ordinary,0,batch_014:508,validation
ordinary,0,batch_014:511,validation
ordinary,0,batch_014:520,validation
ordinary,0,batch_014:530,validation
ordinary,0,batch_014:532,validation
ordinary,0,batch_014:536,validation
ordinary,0,batch_014:537,validation
ordinary,0,batch_014:538,validation
ordinary,0,batch_014:547,validation
ordinary,0,batch_014:552,validation
ordinary,0,batch_014:578,validation
ordinary,0,batch_014:582,validation
ordinary,0,batch_014:590,validation
ordinary,0,batch_014:591,validation
ordinary,0,batch_014:592,validation
ordinary,0,batch_014:600,validation
ordinary,0,batch_014:601,validation
ordinary,0,batch_014:609,validation
ordinary,0,batch_014:610,validation
ordinary,0,batch_014:617,validation
ordinary,0,batch_014:621,validation
ordinary,0,batch_014:624,validation
ordinary,0,batch_014:636,validation
ordinary,0,batch_014:643,validation
ordinary,0,batch_014:644,validation
ordinary,0,batch_014:662,validation
ordinary,0,batch_014:674,validation
ordinary,0,batch_014:676,validation
ordinary,0,batch_014:678,validation
ordinary,0,batch_014:685,validation
ordinary,0,batch_014:695,validation
ordinary,0,batch_014:705,validation
ordinary,0,batch_014:708,validation
ordinary,0,batch_014:726,validation
ordinary,0,batch_014:729,validation
ordinary,0,batch_014:737,validation
ordinary,0,batch_014:739,validation
ordinary,0,batch_014:740,validation
ordinary,0,batch_014:746,validation
ordinary,0,batch_014:750,validation
ordinary,0,batch_014:764,validation
ordinary,0,batch_014:772,validation
ordinary,0,batch_014:778,validation
ordinary,0,batch_014:782,validation
ordinary,0,batch_014:799,validation
ordinary,0,batch_014:803,validation
ordinary,0,batch_014:804,validation
ordinary,0,batch_014:826,validation
ordinary,0,batch_014:829,validation
ordinary,0,batch_014:850,validation
ordinary,0,batch_014:858,validation
ordinary,0,batch_014:859,validation
ordinary,0,batch_014:864,validation
ordinary,0,batch_014:868,validation
ordinary,0,batch_014:870,validation
ordinary,0,batch_014:876,validation
ordinary,0,batch_014:881,validation
ordinary,0,batch_014:883,validation
ordinary,0,batch_014:885,validation
ordinary,0,batch_014:901,validation
ordinary,0,batch_014:903,validation
ordinary,0,batch_014:919,validation
ordinary,0,batch_014:921,validation
ordinary,0,batch_014:924,validation
ordinary,0,batch_014:928,validation
ordinary,0,batch_014:940,validation
ordinary,0,batch_014:950,validation
ordinary,0,batch_014:964,validation
ordinary,0,batch_014:969,validation
ordinary,0,batch_014:977,validation
ordinary,0,batch_014:981,validation
ordinary,0,batch_014:999,validation
ordinary,0,batch_014:1000,validation
ordinary,0,batch_015:4,validation
ordinary,0,batch_015:10,validation
ordinary,0,batch_015:14,validation
ordinary,0,batch_015:31,validation
ordinary,0,batch_015:33,validation
ordinary,0,batch_015:34,validation
ordinary,0,batch_015:52,validation
ordinary,0,batch_015:53,validation
ordinary,0,batch_015:55,validation
ordinary,0,batch_015:57,validation
ordinary,0,batch_015:59,validation
ordinary,0,batch_015:65,validation
ordinary,0,batch_015:68,validation
ordinary,0,batch_015:69,validation
ordinary,0,batch_015:85,validation
ordinary,0,batch_015:90,validation
ordinary,0,batch_015:92,validation
ordinary,0,batch_015:101,validation
ordinary,0,batch_015:116,validation
ordinary,0,batch_015:121,validation
ordinary,0,batch_015:122,validation
ordinary,0,batch_015:125,validation
ordinary,0,batch_015:148,validation
ordinary,0,batch_015:157,validation
ordinary,0,batch_015:164,validation
ordinary,0,batch_015:169,validation
ordinary,0,batch_015:187,validation
ordinary,0,batch_015:188,validation
ordinary,0,batch_015:193,validation
ordinary,0,batch_015:200,validation
ordinary,0,batch_015:203,validation
ordinary,0,batch_015:207,validation
ordinary,0,batch_015:210,validation
ordinary,0,batch_015:216,validation
ordinary,0,batch_015:240,validation
ordinary,0,batch_015:241,validation
ordinary,0,batch_015:247,validation
ordinary,0,batch_015:253,validation
ordinary,0,batch_015:258,validation
ordinary,0,batch_015:282,validation
ordinary,0,batch_015:291,validation
ordinary,0,batch_015:310,validation
ordinary,0,batch_015:319,validation
ordinary,0,batch_015:323,validation
ordinary,0,batch_015:329,validation
ordinary,0,batch_015:337,validation
ordinary,0,batch_015:342,validation
ordinary,0,batch_015:362,validation
ordinary,0,batch_015:373,validation
ordinary,0,batch_015:380,validation
ordinary,0,batch_015:383,validation
ordinary,0,batch_015:384,validation
ordinary,0,batch_015:401,validation
ordinary,0,batch_015:406,validation
ordinary,0,batch_015:414,validation
ordinary,0,batch_015:422,validation
ordinary,0,batch_015:425,validation
ordinary,0,batch_015:428,validation
ordinary,0,batch_015:429,validation
ordinary,0,batch_015:441,validation
ordinary,0,batch_015:447,validation
ordinary,0,batch_015:453,validation
ordinary,0,batch_015:454,validation
ordinary,0,batch_015:456,validation
ordinary,0,batch_015:459,validation
ordinary,0,batch_015:469,validation
ordinary,0,batch_015:470,validation
ordinary,0,batch_015:507,validation
ordinary,0,batch_015:511,validation
ordinary,0,batch_015:514,validation
ordinary,0,batch_015:517,validation
ordinary,0,batch_015:520,validation
ordinary,0,batch_015:535,validation
ordinary,0,batch_015:540,validation
ordinary,0,batch_015:550,validation
ordinary,0,batch_015:566,validation
ordinary,0,batch_015:568,validation
ordinary,0,batch_015:576,validation
ordinary,0,batch_015:583,validation
ordinary,0,batch_015:586,validation
ordinary,0,batch_015:593,validation
ordinary,0,batch_015:594,validation
ordinary,0,batch_015:595,validation
ordinary,0,batch_015:622,validation
ordinary,0,batch_015:626,validation
ordinary,0,batch_015:635,validation
ordinary,0,batch_015:649,validation
ordinary,0,batch_015:651,validation
ordinary,0,batch_015:655,validation
ordinary,0,batch_015:657,validation
ordinary,0,batch_015:663,validation
ordinary,0,batch_015:673,validation
ordinary,0,batch_015:674,validation
ordinary,0,batch_015:676,validation
ordinary,0,batch_015:678,validation
ordinary,0,batch_015:689,validation
ordinary,0,batch_015:694,validation
ordinary,0,batch_015:695,validation
ordinary,0,batch_015:696,validation
ordinary,0,batch_015:711,validation
ordinary,0,batch_015:733,validation
ordinary,0,batch_015:734,validation
ordinary,0,batch_015:739,validation
ordinary,0,batch_015:771,validation
ordinary,0,batch_015:774,validation
ordinary,0,batch_015:786,validation
ordinary,0,batch_015:798,validation
ordinary,0,batch_015:801,validation
ordinary,0,batch_015:802,validation
ordinary,0,batch_015:803,validation
ordinary,0,batch_015:809,validation
ordinary,0,batch_015:822,validation
ordinary,0,batch_015:832,validation
ordinary,0,batch_015:844,validation
ordinary,0,batch_015:845,validation
ordinary,0,batch_015:850,validation
ordinary,0,batch_015:861,validation
ordinary,0,batch_015:863,validation
ordinary,0,batch_015:869,validation
ordinary,0,batch_015:875,validation
ordinary,0,batch_015:879,validation
ordinary,0,batch_015:891,validation
ordinary,0,batch_015:898,validation
ordinary,0,batch_015:900,validation
ordinary,0,batch_015:905,validation
ordinary,0,batch_015:909,validation
ordinary,0,batch_015:912,validation
ordinary,0,batch_015:931,validation
ordinary,0,batch_015:933,validation
ordinary,0,batch_015:934,validation
ordinary,0,batch_015:935,validation
ordinary,0,batch_015:936,validation
ordinary,0,batch_015:952,validation
ordinary,0,batch_015:962,validation
ordinary,0,batch_015:969,validation
ordinary,0,batch_015:984,validation
ordinary,0,batch_015:989,validation
ordinary,0,batch_015:991,validation
ordinary,0,batch_015:994,validation
ordinary,0,batch_015:996,validation
ordinary,0,batch_015:998,validation
ordinary,0,batch_015:999,validation
ordinary,0,batch_016:2,validation
ordinary,0,batch_016:5,validation
ordinary,0,batch_016:7,validation
ordinary,0,batch_016:13,validation
ordinary,0,batch_016:18,validation
ordinary,0,batch_016:41,validation
ordinary,0,batch_016:58,validation
ordinary,0,batch_016:63,validation
ordinary,0,batch_016:81,validation
ordinary,0,batch_016:85,validation
ordinary,0,batch_016:89,validation
ordinary,0,batch_016:98,validation
ordinary,0,batch_016:103,validation
ordinary,0,batch_016:105,validation
ordinary,0,batch_016:116,validation
ordinary,0,batch_016:120,validation
ordinary,0,batch_016:124,validation
ordinary,0,batch_016:132,validation
ordinary,0,batch_016:150,validation
ordinary,0,batch_016:152,validation
ordinary,0,batch_016:153,validation
ordinary,0,batch_016:157,validation
ordinary,0,batch_016:167,validation
ordinary,0,batch_016:170,validation
ordinary,0,batch_016:173,validation
ordinary,0,batch_016:177,validation
ordinary,0,batch_016:178,validation
ordinary,0,batch_016:180,validation
ordinary,0,batch_016:183,validation
ordinary,0,batch_016:186,validation
ordinary,0,batch_016:191,validation
ordinary,0,batch_016:199,validation
ordinary,0,batch_016:203,validation
ordinary,0,batch_016:207,validation
ordinary,0,batch_016:217,validation
ordinary,0,batch_016:218,validation
ordinary,0,batch_016:229,validation
ordinary,0,batch_016:232,validation
ordinary,0,batch_016:234,validation
ordinary,0,batch_016:243,validation
ordinary,0,batch_016:252,validation
ordinary,0,batch_016:261,validation
ordinary,0,batch_016:265,validation
ordinary,0,batch_016:271,validation
ordinary,0,batch_016:278,validation
ordinary,0,batch_016:281,validation
ordinary,0,batch_016:287,validation
ordinary,0,batch_016:295,validation
ordinary,0,batch_016:300,validation
ordinary,0,batch_016:305,validation
ordinary,0,batch_016:309,validation
ordinary,0,batch_016:318,validation
ordinary,0,batch_016:322,validation
ordinary,0,batch_016:323,validation
ordinary,0,batch_016:327,validation
ordinary,0,batch_016:328,validation
ordinary,0,batch_016:330,validation
ordinary,0,batch_016:342,validation
ordinary,0,batch_016:348,validation
ordinary,0,batch_016:349,validation
ordinary,0,batch_016:357,validation
ordinary,0,batch_016:362,validation
ordinary,0,batch_016:363,validation
ordinary,0,batch_016:367,validation
ordinary,0,batch_016:374,validation
ordinary,0,batch_016:378,validation
ordinary,0,batch_016:381,validation
ordinary,0,batch_016:385,validation
ordinary,0,batch_016:391,validation
ordinary,0,batch_016:406,validation
ordinary,0,batch_016:410,validation
ordinary,0,batch_016:415,validation
ordinary,0,batch_016:434,validation
ordinary,0,batch_016:444,validation
ordinary,0,batch_016:462,validation
ordinary,0,batch_016:464,validation
ordinary,0,batch_016:476,validation
ordinary,0,batch_016:479,validation
ordinary,0,batch_016:481,validation
ordinary,0,batch_016:485,validation
ordinary,0,batch_016:489,validation
ordinary,0,batch_016:492,validation
ordinary,0,batch_016:503,validation
ordinary,0,batch_016:509,validation
ordinary,0,batch_016:510,validation
ordinary,0,batch_016:521,validation
ordinary,0,batch_016:525,validation
ordinary,0,batch_016:533,validation
ordinary,0,batch_016:535,validation
ordinary,0,batch_016:540,validation
ordinary,0,batch_016:542,validation
ordinary,0,batch_016:543,validation
ordinary,0,batch_016:544,validation
ordinary,0,batch_016:560,validation
ordinary,0,batch_016:569,validation
ordinary,0,batch_016:570,validation
ordinary,0,batch_016:587,validation
ordinary,0,batch_016:594,validation
ordinary,0,batch_016:614,validation
ordinary,0,batch_016:628,validation
ordinary,0,batch_016:629,validation
ordinary,0,batch_016:630,validation
ordinary,0,batch_016:671,validation
ordinary,0,batch_016:675,validation
ordinary,0,batch_016:677,validation
ordinary,0,batch_016:681,validation
ordinary,0,batch_016:686,validation
ordinary,0,batch_016:690,validation
ordinary,0,batch_016:693,validation
ordinary,0,batch_016:695,validation
ordinary,0,batch_016:696,validation
ordinary,0,batch_016:697,validation
ordinary,0,batch_016:699,validation
ordinary,0,batch_016:706,validation
ordinary,0,batch_016:709,validation
ordinary,0,batch_016:718,validation
ordinary,0,batch_016:727,validation
ordinary,0,batch_016:744,validation
ordinary,0,batch_016:748,validation
ordinary,0,batch_016:751,validation
ordinary,0,batch_016:758,validation
ordinary,0,batch_016:760,validation
ordinary,0,batch_016:765,validation
ordinary,0,batch_016:769,validation
ordinary,0,batch_016:783,validation
ordinary,0,batch_016:785,validation
ordinary,0,batch_016:786,validation
ordinary,0,batch_016:793,validation
ordinary,0,batch_016:810,validation
ordinary,0,batch_016:816,validation
ordinary,0,batch_016:824,validation
ordinary,0,batch_016:834,validation
ordinary,0,batch_016:839,validation
ordinary,0,batch_016:862,validation
ordinary,0,batch_016:868,validation
ordinary,0,batch_016:882,validation
ordinary,0,batch_016:885,validation
ordinary,0,batch_016:888,validation
ordinary,0,batch_016:894,validation
ordinary,0,batch_016:897,validation
ordinary,0,batch_016:898,validation
ordinary,0,batch_016:901,validation
ordinary,0,batch_016:905,validation
ordinary,0,batch_016:917,validation
ordinary,0,batch_016:919,validation
ordinary,0,batch_016:923,validation
ordinary,0,batch_016:924,validation
ordinary,0,batch_016:931,validation
ordinary,0,batch_016:949,validation
ordinary,0,batch_016:952,validation
ordinary,0,batch_016:971,validation
ordinary,0,batch_016:974,validation
ordinary,0,batch_016:988,validation
ordinary,0,batch_016:997,validation
ordinary,0,batch_017:4,validation
ordinary,0,batch_017:9,validation
ordinary,0,batch_017:20,validation
ordinary,0,batch_017:22,validation
ordinary,0,batch_017:29,validation
ordinary,0,batch_017:39,validation
ordinary,0,batch_017:41,validation
ordinary,0,batch_017:47,validation
ordinary,0,batch_017:62,validation
ordinary,0,batch_017:63,validation
ordinary,0,batch_017:67,validation
ordinary,0,batch_017:72,validation
ordinary,0,batch_017:73,validation
ordinary,0,batch_017:74,validation
ordinary,0,batch_017:82,validation
ordinary,0,batch_017:92,validation
ordinary,0,batch_017:109,validation
ordinary,0,batch_017:114,validation
ordinary,0,batch_017:116,validation
ordinary,0,batch_017:121,validation
ordinary,0,batch_017:123,validation
ordinary,0,batch_017:126,validation
ordinary,0,batch_017:131,validation
ordinary,0,batch_017:135,validation
ordinary,0,batch_017:142,validation
ordinary,0,batch_017:148,validation
ordinary,0,batch_017:150,validation
ordinary,0,batch_017:162,validation
ordinary,0,batch_017:170,validation
ordinary,0,batch_017:180,validation
ordinary,0,batch_017:183,validation
ordinary,0,batch_017:184,validation
ordinary,0,batch_017:186,validation
ordinary,0,batch_017:194,validation
ordinary,0,batch_017:210,validation
ordinary,0,batch_017:219,validation
ordinary,0,batch_017:228,validation
ordinary,0,batch_017:245,validation
ordinary,0,batch_017:260,validation
ordinary,0,batch_017:268,validation
ordinary,0,batch_017:269,validation
ordinary,0,batch_017:279,validation
ordinary,0,batch_017:280,validation
ordinary,0,batch_017:303,validation
ordinary,0,batch_017:306,validation
ordinary,0,batch_017:308,validation
ordinary,0,batch_017:313,validation
ordinary,0,batch_017:314,validation
ordinary,0,batch_017:323,validation
ordinary,0,batch_017:331,validation
ordinary,0,batch_017:341,validation
ordinary,0,batch_017:349,validation
ordinary,0,batch_017:350,validation
ordinary,0,batch_017:371,validation
ordinary,0,batch_017:377,validation
ordinary,0,batch_017:392,validation
ordinary,0,batch_017:408,validation
ordinary,0,batch_017:409,validation
ordinary,0,batch_017:418,validation
ordinary,0,batch_017:419,validation
ordinary,0,batch_017:427,validation
ordinary,0,batch_017:443,validation
ordinary,0,batch_017:450,validation
ordinary,0,batch_017:459,validation
ordinary,0,batch_017:480,validation
ordinary,0,batch_017:482,validation
ordinary,0,batch_017:484,validation
ordinary,0,batch_017:493,validation
ordinary,0,batch_017:495,validation
ordinary,0,batch_017:497,validation
ordinary,0,batch_017:505,validation
ordinary,0,batch_017:512,validation
ordinary,0,batch_017:525,validation
ordinary,0,batch_017:526,validation
ordinary,0,batch_017:528,validation
ordinary,0,batch_017:530,validation
ordinary,0,batch_017:536,validation
ordinary,0,batch_017:543,validation
ordinary,0,batch_017:546,validation
ordinary,0,batch_017:552,validation
ordinary,0,batch_017:556,validation
ordinary,0,batch_017:568,validation
ordinary,0,batch_017:579,validation
ordinary,0,batch_017:597,validation
ordinary,0,batch_017:606,validation
ordinary,0,batch_017:617,validation
ordinary,0,batch_017:618,validation
ordinary,0,batch_017:620,validation
ordinary,0,batch_017:623,validation
ordinary,0,batch_017:625,validation
ordinary,0,batch_017:627,validation
ordinary,0,batch_017:641,validation
ordinary,0,batch_017:667,validation
ordinary,0,batch_017:670,validation
ordinary,0,batch_017:677,validation
ordinary,0,batch_017:696,validation
ordinary,0,batch_017:697,validation
ordinary,0,batch_017:703,validation
ordinary,0,batch_017:706,validation
ordinary,0,batch_017:707,validation
ordinary,0,batch_017:716,validation
ordinary,0,batch_017:721,validation
ordinary,0,batch_017:724,validation
ordinary,0,batch_017:729,validation
ordinary,0,batch_017:740,validation
ordinary,0,batch_017:742,validation
ordinary,0,batch_017:753,validation
ordinary,0,batch_017:755,validation
ordinary,0,batch_017:771,validation
ordinary,0,batch_017:774,validation
ordinary,0,batch_017:797,validation
ordinary,0,batch_017:806,validation
ordinary,0,batch_017:811,validation
ordinary,0,batch_017:820,validation
ordinary,0,batch_017:823,validation
ordinary,0,batch_017:826,validation
ordinary,0,batch_017:827,validation
ordinary,0,batch_017:834,validation
ordinary,0,batch_017:838,validation
ordinary,0,batch_017:841,validation
ordinary,0,batch_017:846,validation
ordinary,0,batch_017:855,validation
ordinary,0,batch_017:858,validation
ordinary,0,batch_017:876,validation
ordinary,0,batch_017:878,validation
ordinary,0,batch_017:891,validation
ordinary,0,batch_017:903,validation
ordinary,0,batch_017:906,validation
ordinary,0,batch_017:909,validation
ordinary,0,batch_017:911,validation
ordinary,0,batch_017:926,validation
ordinary,0,batch_017:941,validation
ordinary,0,batch_017:949,validation
ordinary,0,batch_017:958,validation
ordinary,0,batch_017:959,validation
ordinary,0,batch_017:961,validation
ordinary,0,batch_017:962,validation
ordinary,0,batch_017:981,validation
ordinary,0,batch_017:993,validation
ordinary,0,batch_017:994,validation
ordinary,0,batch_017:997,validation
ordinary,0,batch_018:2,validation
ordinary,0,batch_018:7,validation
ordinary,0,batch_018:9,validation
ordinary,0,batch_018:30,validation
ordinary,0,batch_018:32,validation
ordinary,0,batch_018:40,validation
ordinary,0,batch_018:41,validation
ordinary,0,batch_018:48,validation
ordinary,0,batch_018:59,validation
ordinary,0,batch_018:61,validation
ordinary,0,batch_018:62,validation
ordinary,0,batch_018:68,validation
ordinary,0,batch_018:72,validation
ordinary,0,batch_018:80,validation
ordinary,0,batch_018:83,validation
ordinary,0,batch_018:88,validation
ordinary,0,batch_018:94,validation
ordinary,0,batch_018:101,validation
ordinary,0,batch_018:108,validation
ordinary,0,batch_018:129,validation
ordinary,0,batch_018:134,validation
ordinary,0,batch_018:136,validation
ordinary,0,batch_018:145,validation
ordinary,0,batch_018:153,validation
ordinary,0,batch_018:162,validation
ordinary,0,batch_018:167,validation
ordinary,0,batch_018:172,validation
ordinary,0,batch_018:177,validation
ordinary,0,batch_018:179,validation
ordinary,0,batch_018:190,validation
ordinary,0,batch_018:191,validation
ordinary,0,batch_018:202,validation
ordinary,0,batch_018:210,validation
ordinary,0,batch_018:212,validation
ordinary,0,batch_018:213,validation
ordinary,0,batch_018:215,validation
ordinary,0,batch_018:241,validation
ordinary,0,batch_018:251,validation
ordinary,0,batch_018:267,validation
ordinary,0,batch_018:271,validation
ordinary,0,batch_018:272,validation
ordinary,0,batch_018:279,validation
ordinary,0,batch_018:293,validation
ordinary,0,batch_018:307,validation
ordinary,0,batch_018:312,validation
ordinary,0,batch_018:336,validation
ordinary,0,batch_018:341,validation
ordinary,0,batch_018:347,validation
ordinary,0,batch_018:353,validation
ordinary,0,batch_018:355,validation
ordinary,0,batch_018:357,validation
ordinary,0,batch_018:364,validation
ordinary,0,batch_018:366,validation
ordinary,0,batch_018:367,validation
ordinary,0,batch_018:371,validation
ordinary,0,batch_018:389,validation
ordinary,0,batch_018:395,validation
ordinary,0,batch_018:401,validation
ordinary,0,batch_018:403,validation
ordinary,0,batch_018:408,validation
ordinary,0,batch_018:413,validation
ordinary,0,batch_018:426,validation
ordinary,0,batch_018:430,validation
ordinary,0,batch_018:439,validation
ordinary,0,batch_018:446,validation
ordinary,0,batch_018:449,validation
ordinary,0,batch_018:452,validation
ordinary,0,batch_018:454,validation
ordinary,0,batch_018:455,validation
ordinary,0,batch_018:465,validation
ordinary,0,batch_018:475,validation
ordinary,0,batch_018:476,validation
ordinary,0,batch_018:491,validation
ordinary,0,batch_018:495,validation
ordinary,0,batch_018:499,validation
ordinary,0,batch_018:511,validation
ordinary,0,batch_018:524,validation
ordinary,0,batch_018:540,validation
ordinary,0,batch_018:542,validation
ordinary,0,batch_018:543,validation
ordinary,0,batch_018:571,validation
ordinary,0,batch_018:572,validation
ordinary,0,batch_018:577,validation
ordinary,0,batch_018:578,validation
ordinary,0,batch_018:579,validation
ordinary,0,batch_018:590,validation
ordinary,0,batch_018:591,validation
ordinary,0,batch_018:593,validation
ordinary,0,batch_018:605,validation
ordinary,0,batch_018:617,validation
ordinary,0,batch_018:625,validation
ordinary,0,batch_018:633,validation
ordinary,0,batch_018:636,validation
ordinary,0,batch_018:638,validation
ordinary,0,batch_018:640,validation
ordinary,0,batch_018:641,validation
ordinary,0,batch_018:642,validation
ordinary,0,batch_018:651,validation
ordinary,0,batch_018:660,validation
ordinary,0,batch_018:679,validation
ordinary,0,batch_018:681,validation
ordinary,0,batch_018:687,validation
ordinary,0,batch_018:691,validation
ordinary,0,batch_018:692,validation
ordinary,0,batch_018:697,validation
ordinary,0,batch_018:699,validation
ordinary,0,batch_018:702,validation
ordinary,0,batch_018:704,validation
ordinary,0,batch_018:707,validation
ordinary,0,batch_018:715,validation
ordinary,0,batch_018:725,validation
ordinary,0,batch_018:742,validation
ordinary,0,batch_018:762,validation
ordinary,0,batch_018:792,validation
ordinary,0,batch_018:793,validation
ordinary,0,batch_018:796,validation
ordinary,0,batch_018:800,validation
ordinary,0,batch_018:801,validation
ordinary,0,batch_018:803,validation
ordinary,0,batch_018:808,validation
ordinary,0,batch_018:811,validation
ordinary,0,batch_018:821,validation
ordinary,0,batch_018:823,validation
ordinary,0,batch_018:826,validation
ordinary,0,batch_018:844,validation
ordinary,0,batch_018:850,validation
ordinary,0,batch_018:857,validation
ordinary,0,batch_018:859,validation
ordinary,0,batch_018:883,validation
ordinary,0,batch_018:892,validation
ordinary,0,batch_018:894,validation
ordinary,0,batch_018:900,validation
ordinary,0,batch_018:914,validation
ordinary,0,batch_018:918,validation
ordinary,0,batch_018:923,validation
ordinary,0,batch_018:931,validation
ordinary,0,batch_018:946,validation
ordinary,0,batch_018:947,validation
ordinary,0,batch_018:957,validation
ordinary,0,batch_018:970,validation
ordinary,0,batch_018:979,validation
ordinary,0,batch_018:985,validation
ordinary,0,batch_018:991,validation
ordinary,0,batch_018:993,validation
ordinary,0,batch_018:996,validation
ordinary,0,batch_019:4,validation
ordinary,0,batch_019:6,validation
ordinary,0,batch_019:19,validation
ordinary,0,batch_019:20,validation
ordinary,0,batch_019:26,validation
ordinary,0,batch_019:29,validation
ordinary,0,batch_019:40,validation
ordinary,0,batch_019:41,validation
ordinary,0,batch_019:42,validation
ordinary,0,batch_019:50,validation
ordinary,0,batch_019:57,validation
ordinary,0,batch_019:67,validation
ordinary,0,batch_019:70,validation
ordinary,0,batch_019:74,validation
ordinary,0,batch_019:75,validation
ordinary,0,batch_019:85,validation
ordinary,0,batch_019:108,validation
ordinary,0,batch_019:112,validation
ordinary,0,batch_019:128,validation
ordinary,0,batch_019:141,validation
ordinary,0,batch_019:145,validation
ordinary,0,batch_019:147,validation
ordinary,0,batch_019:148,validation
ordinary,0,batch_019:149,validation
ordinary,0,batch_019:151,validation
ordinary,0,batch_019:153,validation
ordinary,0,batch_019:159,validation
ordinary,0,batch_019:170,validation
ordinary,0,batch_019:180,validation
ordinary,0,batch_019:206,validation
ordinary,0,batch_019:207,validation
ordinary,0,batch_019:215,validation
ordinary,0,batch_019:216,validation
ordinary,0,batch_019:226,validation
ordinary,0,batch_019:230,validation
ordinary,0,batch_019:235,validation
ordinary,0,batch_019:238,validation
ordinary,0,batch_019:248,validation
ordinary,0,batch_019:250,validation
ordinary,0,batch_019:255,validation
ordinary,0,batch_019:258,validation
ordinary,0,batch_019:260,validation
ordinary,0,batch_019:262,validation
ordinary,0,batch_019:269,validation
ordinary,0,batch_019:273,validation
ordinary,0,batch_019:279,validation
ordinary,0,batch_019:282,validation
ordinary,0,batch_019:288,validation
ordinary,0,batch_019:290,validation
ordinary,0,batch_019:291,validation
ordinary,0,batch_019:298,validation
ordinary,0,batch_019:302,validation
ordinary,0,batch_019:316,validation
ordinary,0,batch_019:317,validation
ordinary,0,batch_019:331,validation
ordinary,0,batch_019:345,validation
ordinary,0,batch_019:346,validation
ordinary,0,batch_019:351,validation
ordinary,0,batch_019:353,validation
ordinary,0,batch_019:354,validation
ordinary,0,batch_019:378,validation
ordinary,0,batch_019:384,validation
ordinary,0,batch_019:388,validation
ordinary,0,batch_019:398,validation
ordinary,0,batch_019:402,validation
ordinary,0,batch_019:404,validation
ordinary,0,batch_019:405,validation
ordinary,0,batch_019:408,validation
ordinary,0,batch_019:413,validation
ordinary,0,batch_019:428,validation
ordinary,0,batch_019:437,validation
ordinary,0,batch_019:439,validation
ordinary,0,batch_019:445,validation
ordinary,0,batch_019:455,validation
ordinary,0,batch_019:456,validation
ordinary,0,batch_019:457,validation
ordinary,0,batch_019:461,validation
ordinary,0,batch_019:469,validation
ordinary,0,batch_019:482,validation
ordinary,0,batch_019:501,validation
ordinary,0,batch_019:502,validation
ordinary,0,batch_019:504,validation
ordinary,0,batch_019:514,validation
ordinary,0,batch_019:519,validation
ordinary,0,batch_019:520,validation
ordinary,0,batch_019:521,validation
ordinary,0,batch_019:536,validation
ordinary,0,batch_019:552,validation
ordinary,0,batch_019:557,validation
ordinary,0,batch_019:562,validation
ordinary,0,batch_019:567,validation
ordinary,0,batch_019:568,validation
ordinary,0,batch_019:574,validation
ordinary,0,batch_019:587,validation
ordinary,0,batch_019:589,validation
ordinary,0,batch_019:593,validation
ordinary,0,batch_019:596,validation
ordinary,0,batch_019:600,validation
ordinary,0,batch_019:603,validation
ordinary,0,batch_019:608,validation
ordinary,0,batch_019:610,validation
ordinary,0,batch_019:612,validation
ordinary,0,batch_019:613,validation
ordinary,0,batch_019:616,validation
ordinary,0,batch_019:619,validation
ordinary,0,batch_019:629,validation
ordinary,0,batch_019:642,validation
ordinary,0,batch_019:645,validation
ordinary,0,batch_019:649,validation
ordinary,0,batch_019:651,validation
ordinary,0,batch_019:662,validation
ordinary,0,batch_019:677,validation
ordinary,0,batch_019:683,validation
ordinary,0,batch_019:686,validation
ordinary,0,batch_019:693,validation
ordinary,0,batch_019:695,validation
ordinary,0,batch_019:697,validation
ordinary,0,batch_019:698,validation
ordinary,0,batch_019:701,validation
ordinary,0,batch_019:706,validation
ordinary,0,batch_019:707,validation
ordinary,0,batch_019:708,validation
ordinary,0,batch_019:712,validation
ordinary,0,batch_019:720,validation
ordinary,0,batch_019:727,validation
ordinary,0,batch_019:732,validation
ordinary,0,batch_019:746,validation
ordinary,0,batch_019:751,validation
ordinary,0,batch_019:758,validation
ordinary,0,batch_019:780,validation
ordinary,0,batch_019:781,validation
ordinary,0,batch_019:782,validation
ordinary,0,batch_019:784,validation
ordinary,0,batch_019:789,validation
ordinary,0,batch_019:792,validation
ordinary,0,batch_019:798,validation
ordinary,0,batch_019:807,validation
ordinary,0,batch_019:813,validation
ordinary,0,batch_019:819,validation
ordinary,0,batch_019:823,validation
ordinary,0,batch_019:824,validation
ordinary,0,batch_019:827,validation
ordinary,0,batch_019:829,validation
ordinary,0,batch_019:842,validation
ordinary,0,batch_019:843,validation
ordinary,0,batch_019:860,validation
ordinary,0,batch_019:868,validation
ordinary,0,batch_019:878,validation
ordinary,0,batch_019:890,validation
ordinary,0,batch_019:894,validation
ordinary,0,batch_019:897,validation
ordinary,0,batch_019:909,validation
ordinary,0,batch_019:913,validation
ordinary,0,batch_019:915,validation
ordinary,0,batch_019:921,validation
ordinary,0,batch_019:922,validation
ordinary,0,batch_019:932,validation
ordinary,0,batch_019:936,validation
ordinary,0,batch_019:948,validation
ordinary,0,batch_019:953,validation
ordinary,0,batch_019:960,validation
ordinary,0,batch_019:963,validation
ordinary,0,batch_019:967,validation
ordinary,0,batch_019:971,validation
ordinary,0,batch_019:975,validation
ordinary,0,batch_019:979,validation
ordinary,0,batch_019:987,validation
ordinary,0,batch_019:990,validation
source_holdout,1,batch_013:8,validation
source_holdout,1,batch_013:14,validation
source_holdout,1,batch_013:20,validation
source_holdout,1,batch_013:23,validation
source_holdout,1,batch_013:27,validation
source_holdout,1,batch_013:28,validation
source_holdout,1,batch_013:34,validation
source_holdout,1,batch_013:44,validation
source_holdout,1,batch_013:63,validation
source_holdout,1,batch_013:67,validation
source_holdout,1,batch_013:68,validation
source_holdout,1,batch_013:69,validation
source_holdout,1,batch_013:70,validation
source_holdout,1,batch_013:77,validation
source_holdout,1,batch_013:84,validation
source_holdout,1,batch_013:85,validation
source_holdout,1,batch_013:89,validation
source_holdout,1,batch_013:107,validation
source_holdout,1,batch_013:111,validation
source_holdout,1,batch_013:114,validation
source_holdout,1,batch_013:115,validation
source_holdout,1,batch_013:119,validation
source_holdout,1,batch_013:128,validation
source_holdout,1,batch_013:144,validation
source_holdout,1,batch_013:145,validation
source_holdout,1,batch_013:148,validation
source_holdout,1,batch_013:156,validation
source_holdout,1,batch_013:159,validation
source_holdout,1,batch_013:172,validation
source_holdout,1,batch_013:182,validation
source_holdout,1,batch_013:183,validation
source_holdout,1,batch_013:194,validation
source_holdout,1,batch_013:200,validation
source_holdout,1,batch_013:209,validation
source_holdout,1,batch_013:211,validation
source_holdout,1,batch_013:213,validation
source_holdout,1,batch_013:222,validation
source_holdout,1,batch_013:235,validation
source_holdout,1,batch_013:236,validation
source_holdout,1,batch_013:240,validation
source_holdout,1,batch_013:242,validation
source_holdout,1,batch_013:247,validation
source_holdout,1,batch_013:263,validation
source_holdout,1,batch_013:266,validation
source_holdout,1,batch_013:285,validation
source_holdout,1,batch_013:287,validation
source_holdout,1,batch_013:294,validation
source_holdout,1,batch_013:301,validation
source_holdout,1,batch_013:302,validation
source_holdout,1,batch_013:307,validation
source_holdout,1,batch_013:324,validation
source_holdout,1,batch_013:330,validation
source_holdout,1,batch_013:335,validation
source_holdout,1,batch_013:340,validation
source_holdout,1,batch_013:343,validation
source_holdout,1,batch_013:347,validation
source_holdout,1,batch_013:349,validation
source_holdout,1,batch_013:354,validation
source_holdout,1,batch_013:384,validation
source_holdout,1,batch_013:388,validation
source_holdout,1,batch_013:394,validation
source_holdout,1,batch_013:396,validation
source_holdout,1,batch_013:404,validation
source_holdout,1,batch_013:409,validation
source_holdout,1,batch_013:420,validation
source_holdout,1,batch_013:421,validation
source_holdout,1,batch_013:426,validation
source_holdout,1,batch_013:432,validation
source_holdout,1,batch_013:434,validation
source_holdout,1,batch_013:435,validation
source_holdout,1,batch_013:436,validation
source_holdout,1,batch_013:443,validation
source_holdout,1,batch_013:444,validation
source_holdout,1,batch_013:446,validation
source_holdout,1,batch_013:458,validation
source_holdout,1,batch_013:460,validation
source_holdout,1,batch_013:493,validation
source_holdout,1,batch_013:497,validation
source_holdout,1,batch_013:503,validation
source_holdout,1,batch_013:513,validation
source_holdout,1,batch_013:515,validation
source_holdout,1,batch_013:519,validation
source_holdout,1,batch_013:533,validation
source_holdout,1,batch_013:541,validation
source_holdout,1,batch_013:551,validation
source_holdout,1,batch_013:556,validation
source_holdout,1,batch_013:557,validation
source_holdout,1,batch_013:561,validation
source_holdout,1,batch_013:567,validation
source_holdout,1,batch_013:583,validation
source_holdout,1,batch_013:596,validation
source_holdout,1,batch_013:604,validation
source_holdout,1,batch_013:609,validation
source_holdout,1,batch_013:615,validation
source_holdout,1,batch_013:619,validation
source_holdout,1,batch_013:621,validation
source_holdout,1,batch_013:624,validation
source_holdout,1,batch_013:633,validation
source_holdout,1,batch_013:653,validation
source_holdout,1,batch_013:655,validation
source_holdout,1,batch_013:656,validation
source_holdout,1,batch_013:663,validation
source_holdout,1,batch_013:672,validation
source_holdout,1,batch_013:682,validation
source_holdout,1,batch_013:684,validation
source_holdout,1,batch_013:691,validation
source_holdout,1,batch_013:694,validation
source_holdout,1,batch_013:697,validation
source_holdout,1,batch_013:701,validation
source_holdout,1,batch_013:710,validation
source_holdout,1,batch_013:715,validation
source_holdout,1,batch_013:716,validation
source_holdout,1,batch_013:720,validation
source_holdout,1,batch_013:722,validation
source_holdout,1,batch_013:728,validation
source_holdout,1,batch_013:747,validation
source_holdout,1,batch_013:749,validation
source_holdout,1,batch_013:750,validation
source_holdout,1,batch_013:751,validation
source_holdout,1,batch_013:755,validation
source_holdout,1,batch_013:760,validation
source_holdout,1,batch_013:764,validation
source_holdout,1,batch_013:773,validation
source_holdout,1,batch_013:775,validation
source_holdout,1,batch_013:779,validation
source_holdout,1,batch_013:780,validation
source_holdout,1,batch_013:792,validation
source_holdout,1,batch_013:794,validation
source_holdout,1,batch_013:802,validation
source_holdout,1,batch_013:807,validation
source_holdout,1,batch_013:811,validation
source_holdout,1,batch_013:817,validation
source_holdout,1,batch_013:820,validation
source_holdout,1,batch_013:849,validation
source_holdout,1,batch_013:854,validation
source_holdout,1,batch_013:856,validation
source_holdout,1,batch_013:863,validation
source_holdout,1,batch_013:870,validation
source_holdout,1,batch_013:880,validation
source_holdout,1,batch_013:893,validation
source_holdout,1,batch_013:897,validation
source_holdout,1,batch_013:911,validation
source_holdout,1,batch_013:913,validation
source_holdout,1,batch_013:919,validation
source_holdout,1,batch_013:934,validation
source_holdout,1,batch_013:939,validation
source_holdout,1,batch_013:940,validation
source_holdout,1,batch_013:941,validation
source_holdout,1,batch_013:949,validation
source_holdout,1,batch_013:950,validation
source_holdout,1,batch_013:972,validation
source_holdout,1,batch_013:979,validation
source_holdout,1,batch_013:980,validation
source_holdout,1,batch_013:981,validation
source_holdout,1,batch_013:987,validation
source_holdout,1,batch_014:6,validation
source_holdout,1,batch_014:11,validation
source_holdout,1,batch_014:18,validation
source_holdout,1,batch_014:51,validation
source_holdout,1,batch_014:60,validation
source_holdout,1,batch_014:62,validation
source_holdout,1,batch_014:66,validation
source_holdout,1,batch_014:78,validation
source_holdout,1,batch_014:87,validation
source_holdout,1,batch_014:91,validation
source_holdout,1,batch_014:97,validation
source_holdout,1,batch_014:101,validation
source_holdout,1,batch_014:102,validation
source_holdout,1,batch_014:104,validation
source_holdout,1,batch_014:119,validation
source_holdout,1,batch_014:122,validation
source_holdout,1,batch_014:123,validation
source_holdout,1,batch_014:127,validation
source_holdout,1,batch_014:129,validation
source_holdout,1,batch_014:132,validation
source_holdout,1,batch_014:135,validation
source_holdout,1,batch_014:139,validation
source_holdout,1,batch_014:145,validation
source_holdout,1,batch_014:151,validation
source_holdout,1,batch_014:159,validation
source_holdout,1,batch_014:160,validation
source_holdout,1,batch_014:164,validation
source_holdout,1,batch_014:166,validation
source_holdout,1,batch_014:169,validation
source_holdout,1,batch_014:171,validation
source_holdout,1,batch_014:196,validation
source_holdout,1,batch_014:206,validation
source_holdout,1,batch_014:214,validation
source_holdout,1,batch_014:226,validation
source_holdout,1,batch_014:231,validation
source_holdout,1,batch_014:235,validation
source_holdout,1,batch_014:246,validation
source_holdout,1,batch_014:253,validation
source_holdout,1,batch_014:257,validation
source_holdout,1,batch_014:261,validation
source_holdout,1,batch_014:264,validation
source_holdout,1,batch_014:270,validation
source_holdout,1,batch_014:277,validation
source_holdout,1,batch_014:286,validation
source_holdout,1,batch_014:287,validation
source_holdout,1,batch_014:295,validation
source_holdout,1,batch_014:296,validation
source_holdout,1,batch_014:304,validation
source_holdout,1,batch_014:306,validation
source_holdout,1,batch_014:312,validation
source_holdout,1,batch_014:314,validation
source_holdout,1,batch_014:317,validation
source_holdout,1,batch_014:318,validation
source_holdout,1,batch_014:332,validation
source_holdout,1,batch_014:334,validation
source_holdout,1,batch_014:335,validation
source_holdout,1,batch_014:341,validation
source_holdout,1,batch_014:364,validation
source_holdout,1,batch_014:366,validation
source_holdout,1,batch_014:370,validation
source_holdout,1,batch_014:386,validation
source_holdout,1,batch_014:389,validation
source_holdout,1,batch_014:404,validation
source_holdout,1,batch_014:425,validation
source_holdout,1,batch_014:426,validation
source_holdout,1,batch_014:429,validation
source_holdout,1,batch_014:452,validation
source_holdout,1,batch_014:459,validation
source_holdout,1,batch_014:470,validation
source_holdout,1,batch_014:471,validation
source_holdout,1,batch_014:488,validation
source_holdout,1,batch_014:491,validation
source_holdout,1,batch_014:492,validation
source_holdout,1,batch_014:493,validation
source_holdout,1,batch_014:498,validation
source_holdout,1,batch_014:506,validation
source_holdout,1,batch_014:513,validation
source_holdout,1,batch_014:516,validation
source_holdout,1,batch_014:527,validation
source_holdout,1,batch_014:535,validation
source_holdout,1,batch_014:542,validation
source_holdout,1,batch_014:543,validation
source_holdout,1,batch_014:560,validation
source_holdout,1,batch_014:585,validation
source_holdout,1,batch_014:588,validation
source_holdout,1,batch_014:597,validation
source_holdout,1,batch_014:598,validation
source_holdout,1,batch_014:600,validation
source_holdout,1,batch_014:604,validation
source_holdout,1,batch_014:614,validation
source_holdout,1,batch_014:625,validation
source_holdout,1,batch_014:657,validation
source_holdout,1,batch_014:658,validation
source_holdout,1,batch_014:670,validation
source_holdout,1,batch_014:675,validation
source_holdout,1,batch_014:681,validation
source_holdout,1,batch_014:683,validation
source_holdout,1,batch_014:689,validation
source_holdout,1,batch_014:690,validation
source_holdout,1,batch_014:691,validation
source_holdout,1,batch_014:693,validation
source_holdout,1,batch_014:695,validation
source_holdout,1,batch_014:696,validation
source_holdout,1,batch_014:709,validation
source_holdout,1,batch_014:717,validation
source_holdout,1,batch_014:720,validation
source_holdout,1,batch_014:725,validation
source_holdout,1,batch_014:726,validation
source_holdout,1,batch_014:727,validation
source_holdout,1,batch_014:739,validation
source_holdout,1,batch_014:742,validation
source_holdout,1,batch_014:746,validation
source_holdout,1,batch_014:749,validation
source_holdout,1,batch_014:751,validation
source_holdout,1,batch_014:753,validation
source_holdout,1,batch_014:755,validation
source_holdout,1,batch_014:759,validation
source_holdout,1,batch_014:774,validation
source_holdout,1,batch_014:783,validation
source_holdout,1,batch_014:792,validation
source_holdout,1,batch_014:796,validation
source_holdout,1,batch_014:798,validation
source_holdout,1,batch_014:807,validation
source_holdout,1,batch_014:808,validation
source_holdout,1,batch_014:834,validation
source_holdout,1,batch_014:837,validation
source_holdout,1,batch_014:840,validation
source_holdout,1,batch_014:842,validation
source_holdout,1,batch_014:853,validation
source_holdout,1,batch_014:855,validation
source_holdout,1,batch_014:856,validation
source_holdout,1,batch_014:860,validation
source_holdout,1,batch_014:863,validation
source_holdout,1,batch_014:865,validation
source_holdout,1,batch_014:884,validation
source_holdout,1,batch_014:887,validation
source_holdout,1,batch_014:892,validation
source_holdout,1,batch_014:893,validation
source_holdout,1,batch_014:894,validation
source_holdout,1,batch_014:895,validation
source_holdout,1,batch_014:905,validation
source_holdout,1,batch_014:915,validation
source_holdout,1,batch_014:920,validation
source_holdout,1,batch_014:923,validation
source_holdout,1,batch_014:925,validation
source_holdout,1,batch_014:926,validation
source_holdout,1,batch_014:930,validation
source_holdout,1,batch_014:932,validation
source_holdout,1,batch_014:933,validation
source_holdout,1,batch_014:940,validation
source_holdout,1,batch_014:947,validation
source_holdout,1,batch_014:949,validation
source_holdout,1,batch_014:953,validation
source_holdout,1,batch_014:959,validation
source_holdout,1,batch_014:962,validation
source_holdout,1,batch_014:966,validation
source_holdout,1,batch_014:967,validation
source_holdout,1,batch_014:984,validation
source_holdout,1,batch_014:993,validation
source_holdout,1,batch_015:19,validation
source_holdout,1,batch_015:35,validation
source_holdout,1,batch_015:36,validation
source_holdout,1,batch_015:44,validation
source_holdout,1,batch_015:54,validation
source_holdout,1,batch_015:55,validation
source_holdout,1,batch_015:75,validation
source_holdout,1,batch_015:79,validation
source_holdout,1,batch_015:86,validation
source_holdout,1,batch_015:94,validation
source_holdout,1,batch_015:97,validation
source_holdout,1,batch_015:100,validation
source_holdout,1,batch_015:102,validation
source_holdout,1,batch_015:103,validation
source_holdout,1,batch_015:114,validation
source_holdout,1,batch_015:126,validation
source_holdout,1,batch_015:140,validation
source_holdout,1,batch_015:142,validation
source_holdout,1,batch_015:145,validation
source_holdout,1,batch_015:151,validation
source_holdout,1,batch_015:180,validation
source_holdout,1,batch_015:181,validation
source_holdout,1,batch_015:184,validation
source_holdout,1,batch_015:185,validation
source_holdout,1,batch_015:187,validation
source_holdout,1,batch_015:200,validation
source_holdout,1,batch_015:202,validation
source_holdout,1,batch_015:205,validation
source_holdout,1,batch_015:211,validation
source_holdout,1,batch_015:213,validation
source_holdout,1,batch_015:214,validation
source_holdout,1,batch_015:224,validation
source_holdout,1,batch_015:243,validation
source_holdout,1,batch_015:245,validation
source_holdout,1,batch_015:260,validation
source_holdout,1,batch_015:273,validation
source_holdout,1,batch_015:283,validation
source_holdout,1,batch_015:286,validation
source_holdout,1,batch_015:297,validation
source_holdout,1,batch_015:302,validation
source_holdout,1,batch_015:303,validation
source_holdout,1,batch_015:305,validation
source_holdout,1,batch_015:309,validation
source_holdout,1,batch_015:316,validation
source_holdout,1,batch_015:317,validation
source_holdout,1,batch_015:320,validation
source_holdout,1,batch_015:322,validation
source_holdout,1,batch_015:324,validation
source_holdout,1,batch_015:327,validation
source_holdout,1,batch_015:330,validation
source_holdout,1,batch_015:333,validation
source_holdout,1,batch_015:339,validation
source_holdout,1,batch_015:341,validation
source_holdout,1,batch_015:343,validation
source_holdout,1,batch_015:359,validation
source_holdout,1,batch_015:361,validation
source_holdout,1,batch_015:362,validation
source_holdout,1,batch_015:374,validation
source_holdout,1,batch_015:377,validation
source_holdout,1,batch_015:381,validation
source_holdout,1,batch_015:382,validation
source_holdout,1,batch_015:383,validation
source_holdout,1,batch_015:384,validation
source_holdout,1,batch_015:385,validation
source_holdout,1,batch_015:393,validation
source_holdout,1,batch_015:397,validation
source_holdout,1,batch_015:401,validation
source_holdout,1,batch_015:405,validation
source_holdout,1,batch_015:410,validation
source_holdout,1,batch_015:421,validation
source_holdout,1,batch_015:430,validation
source_holdout,1,batch_015:442,validation
source_holdout,1,batch_015:448,validation
source_holdout,1,batch_015:449,validation
source_holdout,1,batch_015:468,validation
source_holdout,1,batch_015:489,validation
source_holdout,1,batch_015:509,validation
source_holdout,1,batch_015:512,validation
source_holdout,1,batch_015:515,validation
source_holdout,1,batch_015:524,validation
source_holdout,1,batch_015:544,validation
source_holdout,1,batch_015:551,validation
source_holdout,1,batch_015:553,validation
source_holdout,1,batch_015:568,validation
source_holdout,1,batch_015:588,validation
source_holdout,1,batch_015:595,validation
source_holdout,1,batch_015:605,validation
source_holdout,1,batch_015:610,validation
source_holdout,1,batch_015:633,validation
source_holdout,1,batch_015:634,validation
source_holdout,1,batch_015:635,validation
source_holdout,1,batch_015:639,validation
source_holdout,1,batch_015:650,validation
source_holdout,1,batch_015:660,validation
source_holdout,1,batch_015:676,validation
source_holdout,1,batch_015:679,validation
source_holdout,1,batch_015:680,validation
source_holdout,1,batch_015:689,validation
source_holdout,1,batch_015:702,validation
source_holdout,1,batch_015:705,validation
source_holdout,1,batch_015:706,validation
source_holdout,1,batch_015:723,validation
source_holdout,1,batch_015:758,validation
source_holdout,1,batch_015:761,validation
source_holdout,1,batch_015:762,validation
source_holdout,1,batch_015:764,validation
source_holdout,1,batch_015:771,validation
source_holdout,1,batch_015:778,validation
source_holdout,1,batch_015:782,validation
source_holdout,1,batch_015:788,validation
source_holdout,1,batch_015:790,validation
source_holdout,1,batch_015:807,validation
source_holdout,1,batch_015:811,validation
source_holdout,1,batch_015:813,validation
source_holdout,1,batch_015:824,validation
source_holdout,1,batch_015:832,validation
source_holdout,1,batch_015:836,validation
source_holdout,1,batch_015:842,validation
source_holdout,1,batch_015:844,validation
source_holdout,1,batch_015:850,validation
source_holdout,1,batch_015:853,validation
source_holdout,1,batch_015:858,validation
source_holdout,1,batch_015:864,validation
source_holdout,1,batch_015:866,validation
source_holdout,1,batch_015:877,validation
source_holdout,1,batch_015:882,validation
source_holdout,1,batch_015:888,validation
source_holdout,1,batch_015:890,validation
source_holdout,1,batch_015:895,validation
source_holdout,1,batch_015:897,validation
source_holdout,1,batch_015:905,validation
source_holdout,1,batch_015:910,validation
source_holdout,1,batch_015:912,validation
source_holdout,1,batch_015:915,validation
source_holdout,1,batch_015:916,validation
source_holdout,1,batch_015:917,validation
source_holdout,1,batch_015:937,validation
source_holdout,1,batch_015:940,validation
source_holdout,1,batch_015:941,validation
source_holdout,1,batch_015:942,validation
source_holdout,1,batch_015:948,validation
source_holdout,1,batch_015:956,validation
source_holdout,1,batch_015:960,validation
source_holdout,1,batch_015:968,validation
source_holdout,1,batch_015:969,validation
source_holdout,1,batch_015:972,validation
source_holdout,1,batch_015:978,validation
source_holdout,1,batch_015:980,validation
source_holdout,1,batch_015:982,validation
source_holdout,1,batch_015:983,validation
source_holdout,1,batch_015:987,validation
source_holdout,1,batch_015:990,validation
source_holdout,1,batch_015:999,validation
source_holdout,1,batch_016:20,validation
source_holdout,1,batch_016:22,validation
source_holdout,1,batch_016:39,validation
source_holdout,1,batch_016:42,validation
source_holdout,1,batch_016:43,validation
source_holdout,1,batch_016:45,validation
source_holdout,1,batch_016:58,validation
source_holdout,1,batch_016:59,validation
source_holdout,1,batch_016:67,validation
source_holdout,1,batch_016:71,validation
source_holdout,1,batch_016:73,validation
source_holdout,1,batch_016:82,validation
source_holdout,1,batch_016:83,validation
source_holdout,1,batch_016:99,validation
source_holdout,1,batch_016:102,validation
source_holdout,1,batch_016:104,validation
source_holdout,1,batch_016:114,validation
source_holdout,1,batch_016:119,validation
source_holdout,1,batch_016:122,validation
source_holdout,1,batch_016:124,validation
source_holdout,1,batch_016:126,validation
source_holdout,1,batch_016:140,validation
source_holdout,1,batch_016:149,validation
source_holdout,1,batch_016:165,validation
source_holdout,1,batch_016:173,validation
source_holdout,1,batch_016:178,validation
source_holdout,1,batch_016:179,validation
source_holdout,1,batch_016:197,validation
source_holdout,1,batch_016:199,validation
source_holdout,1,batch_016:202,validation
source_holdout,1,batch_016:208,validation
source_holdout,1,batch_016:230,validation
source_holdout,1,batch_016:244,validation
source_holdout,1,batch_016:246,validation
source_holdout,1,batch_016:248,validation
source_holdout,1,batch_016:250,validation
source_holdout,1,batch_016:254,validation
source_holdout,1,batch_016:267,validation
source_holdout,1,batch_016:270,validation
source_holdout,1,batch_016:273,validation
source_holdout,1,batch_016:282,validation
source_holdout,1,batch_016:284,validation
source_holdout,1,batch_016:285,validation
source_holdout,1,batch_016:292,validation
source_holdout,1,batch_016:294,validation
source_holdout,1,batch_016:298,validation
source_holdout,1,batch_016:310,validation
source_holdout,1,batch_016:318,validation
source_holdout,1,batch_016:322,validation
source_holdout,1,batch_016:325,validation
source_holdout,1,batch_016:329,validation
source_holdout,1,batch_016:338,validation
source_holdout,1,batch_016:352,validation
source_holdout,1,batch_016:354,validation
source_holdout,1,batch_016:358,validation
source_holdout,1,batch_016:362,validation
source_holdout,1,batch_016:366,validation
source_holdout,1,batch_016:374,validation
source_holdout,1,batch_016:401,validation
source_holdout,1,batch_016:409,validation
source_holdout,1,batch_016:422,validation
source_holdout,1,batch_016:428,validation
source_holdout,1,batch_016:430,validation
source_holdout,1,batch_016:434,validation
source_holdout,1,batch_016:435,validation
source_holdout,1,batch_016:438,validation
source_holdout,1,batch_016:441,validation
source_holdout,1,batch_016:455,validation
source_holdout,1,batch_016:460,validation
source_holdout,1,batch_016:461,validation
source_holdout,1,batch_016:468,validation
source_holdout,1,batch_016:472,validation
source_holdout,1,batch_016:479,validation
source_holdout,1,batch_016:490,validation
source_holdout,1,batch_016:495,validation
source_holdout,1,batch_016:498,validation
source_holdout,1,batch_016:500,validation
source_holdout,1,batch_016:508,validation
source_holdout,1,batch_016:521,validation
source_holdout,1,batch_016:529,validation
source_holdout,1,batch_016:537,validation
source_holdout,1,batch_016:539,validation
source_holdout,1,batch_016:540,validation
source_holdout,1,batch_016:544,validation
source_holdout,1,batch_016:547,validation
source_holdout,1,batch_016:551,validation
source_holdout,1,batch_016:559,validation
source_holdout,1,batch_016:561,validation
source_holdout,1,batch_016:571,validation
source_holdout,1,batch_016:574,validation
source_holdout,1,batch_016:575,validation
source_holdout,1,batch_016:581,validation
source_holdout,1,batch_016:586,validation
source_holdout,1,batch_016:587,validation
source_holdout,1,batch_016:588,validation
source_holdout,1,batch_016:589,validation
source_holdout,1,batch_016:602,validation
source_holdout,1,batch_016:613,validation
source_holdout,1,batch_016:618,validation
source_holdout,1,batch_016:620,validation
source_holdout,1,batch_016:622,validation
source_holdout,1,batch_016:628,validation
source_holdout,1,batch_016:631,validation
source_holdout,1,batch_016:644,validation
source_holdout,1,batch_016:646,validation
source_holdout,1,batch_016:647,validation
source_holdout,1,batch_016:651,validation
source_holdout,1,batch_016:654,validation
source_holdout,1,batch_016:656,validation
source_holdout,1,batch_016:666,validation
source_holdout,1,batch_016:673,validation
source_holdout,1,batch_016:678,validation
source_holdout,1,batch_016:679,validation
source_holdout,1,batch_016:682,validation
source_holdout,1,batch_016:683,validation
source_holdout,1,batch_016:685,validation
source_holdout,1,batch_016:693,validation
source_holdout,1,batch_016:694,validation
source_holdout,1,batch_016:698,validation
source_holdout,1,batch_016:707,validation
source_holdout,1,batch_016:714,validation
source_holdout,1,batch_016:717,validation
source_holdout,1,batch_016:722,validation
source_holdout,1,batch_016:726,validation
source_holdout,1,batch_016:729,validation
source_holdout,1,batch_016:739,validation
source_holdout,1,batch_016:743,validation
source_holdout,1,batch_016:751,validation
source_holdout,1,batch_016:752,validation
source_holdout,1,batch_016:753,validation
source_holdout,1,batch_016:757,validation
source_holdout,1,batch_016:760,validation
source_holdout,1,batch_016:763,validation
source_holdout,1,batch_016:777,validation
source_holdout,1,batch_016:780,validation
source_holdout,1,batch_016:783,validation
source_holdout,1,batch_016:791,validation
source_holdout,1,batch_016:794,validation
source_holdout,1,batch_016:800,validation
source_holdout,1,batch_016:807,validation
source_holdout,1,batch_016:811,validation
source_holdout,1,batch_016:823,validation
source_holdout,1,batch_016:825,validation
source_holdout,1,batch_016:826,validation
source_holdout,1,batch_016:830,validation
source_holdout,1,batch_016:835,validation
source_holdout,1,batch_016:837,validation
source_holdout,1,batch_016:838,validation
source_holdout,1,batch_016:852,validation
source_holdout,1,batch_016:861,validation
source_holdout,1,batch_016:871,validation
source_holdout,1,batch_016:878,validation
source_holdout,1,batch_016:881,validation
source_holdout,1,batch_016:882,validation
source_holdout,1,batch_016:884,validation
source_holdout,1,batch_016:892,validation
source_holdout,1,batch_016:902,validation
source_holdout,1,batch_016:903,validation
source_holdout,1,batch_016:910,validation
source_holdout,1,batch_016:923,validation
source_holdout,1,batch_016:927,validation
source_holdout,1,batch_016:928,validation
source_holdout,1,batch_016:930,validation
source_holdout,1,batch_016:942,validation
source_holdout,1,batch_016:945,validation
source_holdout,1,batch_016:950,validation
source_holdout,1,batch_016:954,validation
source_holdout,1,batch_016:965,validation
source_holdout,1,batch_016:988,validation
source_holdout,1,batch_016:989,validation
source_holdout,1,batch_016:994,validation
source_holdout,1,batch_016:996,validation
source_holdout,1,batch_016:997,validation
source_holdout,1,batch_017:5,validation
source_holdout,1,batch_017:17,validation
source_holdout,1,batch_017:26,validation
source_holdout,1,batch_017:27,validation
source_holdout,1,batch_017:28,validation
source_holdout,1,batch_017:30,validation
source_holdout,1,batch_017:31,validation
source_holdout,1,batch_017:43,validation
source_holdout,1,batch_017:46,validation
source_holdout,1,batch_017:57,validation
source_holdout,1,batch_017:58,validation
source_holdout,1,batch_017:60,validation
source_holdout,1,batch_017:66,validation
source_holdout,1,batch_017:68,validation
source_holdout,1,batch_017:72,validation
source_holdout,1,batch_017:78,validation
source_holdout,1,batch_017:82,validation
source_holdout,1,batch_017:83,validation
source_holdout,1,batch_017:93,validation
source_holdout,1,batch_017:103,validation
source_holdout,1,batch_017:106,validation
source_holdout,1,batch_017:107,validation
source_holdout,1,batch_017:108,validation
source_holdout,1,batch_017:112,validation
source_holdout,1,batch_017:117,validation
source_holdout,1,batch_017:122,validation
source_holdout,1,batch_017:128,validation
source_holdout,1,batch_017:136,validation
source_holdout,1,batch_017:144,validation
source_holdout,1,batch_017:148,validation
source_holdout,1,batch_017:150,validation
source_holdout,1,batch_017:151,validation
source_holdout,1,batch_017:154,validation
source_holdout,1,batch_017:155,validation
source_holdout,1,batch_017:164,validation
source_holdout,1,batch_017:166,validation
source_holdout,1,batch_017:175,validation
source_holdout,1,batch_017:181,validation
source_holdout,1,batch_017:182,validation
source_holdout,1,batch_017:183,validation
source_holdout,1,batch_017:185,validation
source_holdout,1,batch_017:187,validation
source_holdout,1,batch_017:188,validation
source_holdout,1,batch_017:192,validation
source_holdout,1,batch_017:194,validation
source_holdout,1,batch_017:202,validation
source_holdout,1,batch_017:214,validation
source_holdout,1,batch_017:217,validation
source_holdout,1,batch_017:218,validation
source_holdout,1,batch_017:248,validation
source_holdout,1,batch_017:250,validation
source_holdout,1,batch_017:251,validation
source_holdout,1,batch_017:259,validation
source_holdout,1,batch_017:261,validation
source_holdout,1,batch_017:275,validation
source_holdout,1,batch_017:278,validation
source_holdout,1,batch_017:287,validation
source_holdout,1,batch_017:289,validation
source_holdout,1,batch_017:305,validation
source_holdout,1,batch_017:306,validation
source_holdout,1,batch_017:310,validation
source_holdout,1,batch_017:317,validation
source_holdout,1,batch_017:322,validation
source_holdout,1,batch_017:332,validation
source_holdout,1,batch_017:336,validation
source_holdout,1,batch_017:337,validation
source_holdout,1,batch_017:340,validation
source_holdout,1,batch_017:346,validation
source_holdout,1,batch_017:348,validation
source_holdout,1,batch_017:351,validation
source_holdout,1,batch_017:357,validation
source_holdout,1,batch_017:361,validation
source_holdout,1,batch_017:366,validation
source_holdout,1,batch_017:383,validation
source_holdout,1,batch_017:405,validation
source_holdout,1,batch_017:412,validation
source_holdout,1,batch_017:415,validation
source_holdout,1,batch_017:418,validation
source_holdout,1,batch_017:422,validation
source_holdout,1,batch_017:428,validation
source_holdout,1,batch_017:436,validation
source_holdout,1,batch_017:447,validation
source_holdout,1,batch_017:454,validation
source_holdout,1,batch_017:467,validation
source_holdout,1,batch_017:468,validation
source_holdout,1,batch_017:473,validation
source_holdout,1,batch_017:475,validation
source_holdout,1,batch_017:484,validation
source_holdout,1,batch_017:488,validation
source_holdout,1,batch_017:491,validation
source_holdout,1,batch_017:512,validation
source_holdout,1,batch_017:518,validation
source_holdout,1,batch_017:519,validation
source_holdout,1,batch_017:520,validation
source_holdout,1,batch_017:545,validation
source_holdout,1,batch_017:552,validation
source_holdout,1,batch_017:561,validation
source_holdout,1,batch_017:571,validation
source_holdout,1,batch_017:576,validation
source_holdout,1,batch_017:577,validation
source_holdout,1,batch_017:581,validation
source_holdout,1,batch_017:584,validation
source_holdout,1,batch_017:588,validation
source_holdout,1,batch_017:589,validation
source_holdout,1,batch_017:620,validation
source_holdout,1,batch_017:621,validation
source_holdout,1,batch_017:625,validation
source_holdout,1,batch_017:633,validation
source_holdout,1,batch_017:635,validation
source_holdout,1,batch_017:647,validation
source_holdout,1,batch_017:654,validation
source_holdout,1,batch_017:665,validation
source_holdout,1,batch_017:691,validation
source_holdout,1,batch_017:692,validation
source_holdout,1,batch_017:712,validation
source_holdout,1,batch_017:715,validation
source_holdout,1,batch_017:719,validation
source_holdout,1,batch_017:721,validation
source_holdout,1,batch_017:723,validation
source_holdout,1,batch_017:734,validation
source_holdout,1,batch_017:745,validation
source_holdout,1,batch_017:752,validation
source_holdout,1,batch_017:753,validation
source_holdout,1,batch_017:756,validation
source_holdout,1,batch_017:760,validation
source_holdout,1,batch_017:764,validation
source_holdout,1,batch_017:769,validation
source_holdout,1,batch_017:777,validation
source_holdout,1,batch_017:780,validation
source_holdout,1,batch_017:782,validation
source_holdout,1,batch_017:787,validation
source_holdout,1,batch_017:791,validation
source_holdout,1,batch_017:796,validation
source_holdout,1,batch_017:808,validation
source_holdout,1,batch_017:814,validation
source_holdout,1,batch_017:826,validation
source_holdout,1,batch_017:828,validation
source_holdout,1,batch_017:832,validation
source_holdout,1,batch_017:834,validation
source_holdout,1,batch_017:844,validation
source_holdout,1,batch_017:860,validation
source_holdout,1,batch_017:864,validation
source_holdout,1,batch_017:869,validation
source_holdout,1,batch_017:870,validation
source_holdout,1,batch_017:872,validation
source_holdout,1,batch_017:880,validation
source_holdout,1,batch_017:882,validation
source_holdout,1,batch_017:883,validation
source_holdout,1,batch_017:888,validation
source_holdout,1,batch_017:917,validation
source_holdout,1,batch_017:918,validation
source_holdout,1,batch_017:924,validation
source_holdout,1,batch_017:928,validation
source_holdout,1,batch_017:929,validation
source_holdout,1,batch_017:932,validation
source_holdout,1,batch_017:935,validation
source_holdout,1,batch_017:947,validation
source_holdout,1,batch_017:950,validation
source_holdout,1,batch_017:959,validation
source_holdout,1,batch_017:968,validation
source_holdout,1,batch_017:970,validation
source_holdout,1,batch_017:975,validation
source_holdout,1,batch_017:981,validation
source_holdout,1,batch_017:983,validation
source_holdout,1,batch_017:999,validation
source_holdout,1,batch_018:7,validation
source_holdout,1,batch_018:17,validation
source_holdout,1,batch_018:18,validation
source_holdout,1,batch_018:24,validation
source_holdout,1,batch_018:32,validation
source_holdout,1,batch_018:33,validation
source_holdout,1,batch_018:40,validation
source_holdout,1,batch_018:44,validation
source_holdout,1,batch_018:60,validation
source_holdout,1,batch_018:64,validation
source_holdout,1,batch_018:69,validation
source_holdout,1,batch_018:75,validation
source_holdout,1,batch_018:80,validation
source_holdout,1,batch_018:83,validation
source_holdout,1,batch_018:87,validation
source_holdout,1,batch_018:89,validation
source_holdout,1,batch_018:91,validation
source_holdout,1,batch_018:98,validation
source_holdout,1,batch_018:99,validation
source_holdout,1,batch_018:122,validation
source_holdout,1,batch_018:129,validation
source_holdout,1,batch_018:137,validation
source_holdout,1,batch_018:146,validation
source_holdout,1,batch_018:152,validation
source_holdout,1,batch_018:153,validation
source_holdout,1,batch_018:155,validation
source_holdout,1,batch_018:158,validation
source_holdout,1,batch_018:159,validation
source_holdout,1,batch_018:161,validation
source_holdout,1,batch_018:167,validation
source_holdout,1,batch_018:172,validation
source_holdout,1,batch_018:194,validation
source_holdout,1,batch_018:203,validation
source_holdout,1,batch_018:207,validation
source_holdout,1,batch_018:211,validation
source_holdout,1,batch_018:216,validation
source_holdout,1,batch_018:217,validation
source_holdout,1,batch_018:220,validation
source_holdout,1,batch_018:229,validation
source_holdout,1,batch_018:230,validation
source_holdout,1,batch_018:233,validation
source_holdout,1,batch_018:238,validation
source_holdout,1,batch_018:239,validation
source_holdout,1,batch_018:248,validation
source_holdout,1,batch_018:258,validation
source_holdout,1,batch_018:262,validation
source_holdout,1,batch_018:263,validation
source_holdout,1,batch_018:266,validation
source_holdout,1,batch_018:274,validation
source_holdout,1,batch_018:277,validation
source_holdout,1,batch_018:278,validation
source_holdout,1,batch_018:285,validation
source_holdout,1,batch_018:298,validation
source_holdout,1,batch_018:304,validation
source_holdout,1,batch_018:305,validation
source_holdout,1,batch_018:307,validation
source_holdout,1,batch_018:312,validation
source_holdout,1,batch_018:318,validation
source_holdout,1,batch_018:325,validation
source_holdout,1,batch_018:329,validation
source_holdout,1,batch_018:330,validation
source_holdout,1,batch_018:333,validation
source_holdout,1,batch_018:335,validation
source_holdout,1,batch_018:337,validation
source_holdout,1,batch_018:346,validation
source_holdout,1,batch_018:349,validation
source_holdout,1,batch_018:351,validation
source_holdout,1,batch_018:357,validation
source_holdout,1,batch_018:376,validation
source_holdout,1,batch_018:379,validation
source_holdout,1,batch_018:384,validation
source_holdout,1,batch_018:386,validation
source_holdout,1,batch_018:388,validation
source_holdout,1,batch_018:396,validation
source_holdout,1,batch_018:410,validation
source_holdout,1,batch_018:418,validation
source_holdout,1,batch_018:425,validation
source_holdout,1,batch_018:443,validation
source_holdout,1,batch_018:456,validation
source_holdout,1,batch_018:464,validation
source_holdout,1,batch_018:471,validation
source_holdout,1,batch_018:485,validation
source_holdout,1,batch_018:486,validation
source_holdout,1,batch_018:490,validation
source_holdout,1,batch_018:496,validation
source_holdout,1,batch_018:502,validation
source_holdout,1,batch_018:510,validation
source_holdout,1,batch_018:511,validation
source_holdout,1,batch_018:523,validation
source_holdout,1,batch_018:527,validation
source_holdout,1,batch_018:536,validation
source_holdout,1,batch_018:545,validation
source_holdout,1,batch_018:547,validation
source_holdout,1,batch_018:560,validation
source_holdout,1,batch_018:564,validation
source_holdout,1,batch_018:565,validation
source_holdout,1,batch_018:567,validation
source_holdout,1,batch_018:571,validation
source_holdout,1,batch_018:578,validation
source_holdout,1,batch_018:580,validation
source_holdout,1,batch_018:589,validation
source_holdout,1,batch_018:596,validation
source_holdout,1,batch_018:598,validation
source_holdout,1,batch_018:602,validation
source_holdout,1,batch_018:608,validation
source_holdout,1,batch_018:618,validation
source_holdout,1,batch_018:621,validation
source_holdout,1,batch_018:628,validation
source_holdout,1,batch_018:647,validation
source_holdout,1,batch_018:651,validation
source_holdout,1,batch_018:656,validation
source_holdout,1,batch_018:668,validation
source_holdout,1,batch_018:676,validation
source_holdout,1,batch_018:688,validation
source_holdout,1,batch_018:689,validation
source_holdout,1,batch_018:692,validation
source_holdout,1,batch_018:695,validation
source_holdout,1,batch_018:705,validation
source_holdout,1,batch_018:718,validation
source_holdout,1,batch_018:722,validation
source_holdout,1,batch_018:727,validation
source_holdout,1,batch_018:731,validation
source_holdout,1,batch_018:735,validation
source_holdout,1,batch_018:737,validation
source_holdout,1,batch_018:743,validation
source_holdout,1,batch_018:749,validation
source_holdout,1,batch_018:751,validation
source_holdout,1,batch_018:769,validation
source_holdout,1,batch_018:780,validation
source_holdout,1,batch_018:793,validation
source_holdout,1,batch_018:801,validation
source_holdout,1,batch_018:802,validation
source_holdout,1,batch_018:805,validation
source_holdout,1,batch_018:819,validation
source_holdout,1,batch_018:822,validation
source_holdout,1,batch_018:825,validation
source_holdout,1,batch_018:837,validation
source_holdout,1,batch_018:844,validation
source_holdout,1,batch_018:846,validation
source_holdout,1,batch_018:853,validation
source_holdout,1,batch_018:872,validation
source_holdout,1,batch_018:874,validation
source_holdout,1,batch_018:890,validation
source_holdout,1,batch_018:898,validation
source_holdout,1,batch_018:900,validation
source_holdout,1,batch_018:902,validation
source_holdout,1,batch_018:905,validation
source_holdout,1,batch_018:907,validation
source_holdout,1,batch_018:908,validation
source_holdout,1,batch_018:918,validation
source_holdout,1,batch_018:921,validation
source_holdout,1,batch_018:924,validation
source_holdout,1,batch_018:929,validation
source_holdout,1,batch_018:935,validation
source_holdout,1,batch_018:936,validation
source_holdout,1,batch_018:937,validation
source_holdout,1,batch_018:941,validation
source_holdout,1,batch_018:942,validation
source_holdout,1,batch_018:945,validation
source_holdout,1,batch_018:947,validation
source_holdout,1,batch_018:948,validation
source_holdout,1,batch_018:954,validation
source_holdout,1,batch_018:956,validation
source_holdout,1,batch_018:960,validation
source_holdout,1,batch_018:963,validation
source_holdout,1,batch_018:968,validation
source_holdout,1,batch_018:970,validation
source_holdout,1,batch_018:972,validation
source_holdout,1,batch_018:980,validation
source_holdout,1,batch_018:982,validation
source_holdout,1,batch_019:7,validation
source_holdout,1,batch_019:9,validation
source_holdout,1,batch_019:10,validation
source_holdout,1,batch_019:22,validation
source_holdout,1,batch_019:30,validation
source_holdout,1,batch_019:33,validation
source_holdout,1,batch_019:36,validation
source_holdout,1,batch_019:54,validation
source_holdout,1,batch_019:57,validation
source_holdout,1,batch_019:59,validation
source_holdout,1,batch_019:60,validation
source_holdout,1,batch_019:65,validation
source_holdout,1,batch_019:66,validation
source_holdout,1,batch_019:68,validation
source_holdout,1,batch_019:74,validation
source_holdout,1,batch_019:86,validation
source_holdout,1,batch_019:99,validation
source_holdout,1,batch_019:104,validation
source_holdout,1,batch_019:105,validation
source_holdout,1,batch_019:110,validation
source_holdout,1,batch_019:112,validation
source_holdout,1,batch_019:118,validation
source_holdout,1,batch_019:125,validation
source_holdout,1,batch_019:131,validation
source_holdout,1,batch_019:135,validation
source_holdout,1,batch_019:138,validation
source_holdout,1,batch_019:139,validation
source_holdout,1,batch_019:141,validation
source_holdout,1,batch_019:149,validation
source_holdout,1,batch_019:150,validation
source_holdout,1,batch_019:152,validation
source_holdout,1,batch_019:159,validation
source_holdout,1,batch_019:169,validation
source_holdout,1,batch_019:172,validation
source_holdout,1,batch_019:174,validation
source_holdout,1,batch_019:181,validation
source_holdout,1,batch_019:189,validation
source_holdout,1,batch_019:216,validation
source_holdout,1,batch_019:217,validation
source_holdout,1,batch_019:218,validation
source_holdout,1,batch_019:231,validation
source_holdout,1,batch_019:241,validation
source_holdout,1,batch_019:245,validation
source_holdout,1,batch_019:248,validation
source_holdout,1,batch_019:259,validation
source_holdout,1,batch_019:272,validation
source_holdout,1,batch_019:277,validation
source_holdout,1,batch_019:280,validation
source_holdout,1,batch_019:283,validation
source_holdout,1,batch_019:287,validation
source_holdout,1,batch_019:288,validation
source_holdout,1,batch_019:293,validation
source_holdout,1,batch_019:297,validation
source_holdout,1,batch_019:300,validation
source_holdout,1,batch_019:307,validation
source_holdout,1,batch_019:309,validation
source_holdout,1,batch_019:315,validation
source_holdout,1,batch_019:319,validation
source_holdout,1,batch_019:323,validation
source_holdout,1,batch_019:324,validation
source_holdout,1,batch_019:330,validation
source_holdout,1,batch_019:332,validation
source_holdout,1,batch_019:335,validation
source_holdout,1,batch_019:338,validation
source_holdout,1,batch_019:347,validation
source_holdout,1,batch_019:361,validation
source_holdout,1,batch_019:370,validation
source_holdout,1,batch_019:403,validation
source_holdout,1,batch_019:409,validation
source_holdout,1,batch_019:416,validation
source_holdout,1,batch_019:427,validation
source_holdout,1,batch_019:430,validation
source_holdout,1,batch_019:442,validation
source_holdout,1,batch_019:454,validation
source_holdout,1,batch_019:455,validation
source_holdout,1,batch_019:459,validation
source_holdout,1,batch_019:462,validation
source_holdout,1,batch_019:469,validation
source_holdout,1,batch_019:473,validation
source_holdout,1,batch_019:474,validation
source_holdout,1,batch_019:476,validation
source_holdout,1,batch_019:495,validation
source_holdout,1,batch_019:497,validation
source_holdout,1,batch_019:507,validation
source_holdout,1,batch_019:521,validation
source_holdout,1,batch_019:549,validation
source_holdout,1,batch_019:554,validation
source_holdout,1,batch_019:555,validation
source_holdout,1,batch_019:563,validation
source_holdout,1,batch_019:564,validation
source_holdout,1,batch_019:568,validation
source_holdout,1,batch_019:569,validation
source_holdout,1,batch_019:578,validation
source_holdout,1,batch_019:582,validation
source_holdout,1,batch_019:583,validation
source_holdout,1,batch_019:584,validation
source_holdout,1,batch_019:585,validation
source_holdout,1,batch_019:602,validation
source_holdout,1,batch_019:611,validation
source_holdout,1,batch_019:612,validation
source_holdout,1,batch_019:620,validation
source_holdout,1,batch_019:628,validation
source_holdout,1,batch_019:629,validation
source_holdout,1,batch_019:640,validation
source_holdout,1,batch_019:641,validation
source_holdout,1,batch_019:644,validation
source_holdout,1,batch_019:645,validation
source_holdout,1,batch_019:665,validation
source_holdout,1,batch_019:666,validation
source_holdout,1,batch_019:670,validation
source_holdout,1,batch_019:693,validation
source_holdout,1,batch_019:700,validation
source_holdout,1,batch_019:717,validation
source_holdout,1,batch_019:728,validation
source_holdout,1,batch_019:732,validation
source_holdout,1,batch_019:736,validation
source_holdout,1,batch_019:741,validation
source_holdout,1,batch_019:749,validation
source_holdout,1,batch_019:756,validation
source_holdout,1,batch_019:760,validation
source_holdout,1,batch_019:766,validation
source_holdout,1,batch_019:776,validation
source_holdout,1,batch_019:779,validation
source_holdout,1,batch_019:781,validation
source_holdout,1,batch_019:794,validation
source_holdout,1,batch_019:799,validation
source_holdout,1,batch_019:803,validation
source_holdout,1,batch_019:805,validation
source_holdout,1,batch_019:809,validation
source_holdout,1,batch_019:833,validation
source_holdout,1,batch_019:842,validation
source_holdout,1,batch_019:848,validation
source_holdout,1,batch_019:849,validation
source_holdout,1,batch_019:852,validation
source_holdout,1,batch_019:854,validation
source_holdout,1,batch_019:858,validation
source_holdout,1,batch_019:866,validation
source_holdout,1,batch_019:868,validation
source_holdout,1,batch_019:872,validation
source_holdout,1,batch_019:876,validation
source_holdout,1,batch_019:878,validation
source_holdout,1,batch_019:887,validation
source_holdout,1,batch_019:889,validation
source_holdout,1,batch_019:892,validation
source_holdout,1,batch_019:906,validation
source_holdout,1,batch_019:908,validation
source_holdout,1,batch_019:931,validation
source_holdout,1,batch_019:934,validation
source_holdout,1,batch_019:942,validation
source_holdout,1,batch_019:943,validation
source_holdout,1,batch_019:945,validation
source_holdout,1,batch_019:953,validation
source_holdout,1,batch_019:960,validation
source_holdout,1,batch_019:965,validation
source_holdout,1,batch_019:970,validation
source_holdout,1,batch_019:977,validation
source_holdout,1,batch_019:979,validation
source_holdout,1,batch_019:980,validation
source_holdout,1,batch_019:985,validation
source_holdout,1,batch_019:988,validation
source_holdout,1,batch_019:995,validation
source_holdout,2,batch_013:9,validation
source_holdout,2,batch_013:17,validation
source_holdout,2,batch_013:18,validation
source_holdout,2,batch_013:29,validation
source_holdout,2,batch_013:35,validation
source_holdout,2,batch_013:36,validation
source_holdout,2,batch_013:41,validation
source_holdout,2,batch_013:42,validation
source_holdout,2,batch_013:49,validation
source_holdout,2,batch_013:50,validation
source_holdout,2,batch_013:52,validation
source_holdout,2,batch_013:61,validation
source_holdout,2,batch_013:72,validation
source_holdout,2,batch_013:73,validation
source_holdout,2,batch_013:95,validation
source_holdout,2,batch_013:97,validation
source_holdout,2,batch_013:101,validation
source_holdout,2,batch_013:102,validation
source_holdout,2,batch_013:104,validation
source_holdout,2,batch_013:121,validation
source_holdout,2,batch_013:127,validation
source_holdout,2,batch_013:137,validation
source_holdout,2,batch_013:150,validation
source_holdout,2,batch_013:151,validation
source_holdout,2,batch_013:152,validation
source_holdout,2,batch_013:153,validation
source_holdout,2,batch_013:154,validation
source_holdout,2,batch_013:161,validation
source_holdout,2,batch_013:177,validation
source_holdout,2,batch_013:189,validation
source_holdout,2,batch_013:192,validation
source_holdout,2,batch_013:193,validation
source_holdout,2,batch_013:214,validation
source_holdout,2,batch_013:220,validation
source_holdout,2,batch_013:232,validation
source_holdout,2,batch_013:244,validation
source_holdout,2,batch_013:248,validation
source_holdout,2,batch_013:251,validation
source_holdout,2,batch_013:252,validation
source_holdout,2,batch_013:258,validation
source_holdout,2,batch_013:260,validation
source_holdout,2,batch_013:261,validation
source_holdout,2,batch_013:291,validation
source_holdout,2,batch_013:293,validation
source_holdout,2,batch_013:303,validation
source_holdout,2,batch_013:306,validation
source_holdout,2,batch_013:310,validation
source_holdout,2,batch_013:313,validation
source_holdout,2,batch_013:331,validation
source_holdout,2,batch_013:332,validation
source_holdout,2,batch_013:341,validation
source_holdout,2,batch_013:342,validation
source_holdout,2,batch_013:353,validation
source_holdout,2,batch_013:356,validation
source_holdout,2,batch_013:357,validation
source_holdout,2,batch_013:362,validation
source_holdout,2,batch_013:369,validation
source_holdout,2,batch_013:380,validation
source_holdout,2,batch_013:386,validation
source_holdout,2,batch_013:387,validation
source_holdout,2,batch_013:389,validation
source_holdout,2,batch_013:390,validation
source_holdout,2,batch_013:398,validation
source_holdout,2,batch_013:399,validation
source_holdout,2,batch_013:400,validation
source_holdout,2,batch_013:411,validation
source_holdout,2,batch_013:413,validation
source_holdout,2,batch_013:415,validation
source_holdout,2,batch_013:425,validation
source_holdout,2,batch_013:431,validation
source_holdout,2,batch_013:433,validation
source_holdout,2,batch_013:438,validation
source_holdout,2,batch_013:439,validation
source_holdout,2,batch_013:440,validation
source_holdout,2,batch_013:450,validation
source_holdout,2,batch_013:453,validation
source_holdout,2,batch_013:463,validation
source_holdout,2,batch_013:464,validation
source_holdout,2,batch_013:468,validation
source_holdout,2,batch_013:470,validation
source_holdout,2,batch_013:489,validation
source_holdout,2,batch_013:490,validation
source_holdout,2,batch_013:501,validation
source_holdout,2,batch_013:512,validation
source_holdout,2,batch_013:527,validation
source_holdout,2,batch_013:534,validation
source_holdout,2,batch_013:535,validation
source_holdout,2,batch_013:544,validation
source_holdout,2,batch_013:552,validation
source_holdout,2,batch_013:565,validation
source_holdout,2,batch_013:576,validation
source_holdout,2,batch_013:577,validation
source_holdout,2,batch_013:580,validation
source_holdout,2,batch_013:585,validation
source_holdout,2,batch_013:587,validation
source_holdout,2,batch_013:593,validation
source_holdout,2,batch_013:597,validation
source_holdout,2,batch_013:601,validation
source_holdout,2,batch_013:616,validation
source_holdout,2,batch_013:620,validation
source_holdout,2,batch_013:623,validation
source_holdout,2,batch_013:628,validation
source_holdout,2,batch_013:647,validation
source_holdout,2,batch_013:649,validation
source_holdout,2,batch_013:659,validation
source_holdout,2,batch_013:660,validation
source_holdout,2,batch_013:661,validation
source_holdout,2,batch_013:669,validation
source_holdout,2,batch_013:670,validation
source_holdout,2,batch_013:673,validation
source_holdout,2,batch_013:678,validation
source_holdout,2,batch_013:687,validation
source_holdout,2,batch_013:705,validation
source_holdout,2,batch_013:706,validation
source_holdout,2,batch_013:708,validation
source_holdout,2,batch_013:717,validation
source_holdout,2,batch_013:729,validation
source_holdout,2,batch_013:731,validation
source_holdout,2,batch_013:736,validation
source_holdout,2,batch_013:744,validation
source_holdout,2,batch_013:756,validation
source_holdout,2,batch_013:758,validation
source_holdout,2,batch_013:763,validation
source_holdout,2,batch_013:767,validation
source_holdout,2,batch_013:768,validation
source_holdout,2,batch_013:769,validation
source_holdout,2,batch_013:771,validation
source_holdout,2,batch_013:776,validation
source_holdout,2,batch_013:796,validation
source_holdout,2,batch_013:808,validation
source_holdout,2,batch_013:812,validation
source_holdout,2,batch_013:814,validation
source_holdout,2,batch_013:821,validation
source_holdout,2,batch_013:825,validation
source_holdout,2,batch_013:826,validation
source_holdout,2,batch_013:846,validation
source_holdout,2,batch_013:861,validation
source_holdout,2,batch_013:865,validation
source_holdout,2,batch_013:867,validation
source_holdout,2,batch_013:869,validation
source_holdout,2,batch_013:872,validation
source_holdout,2,batch_013:875,validation
source_holdout,2,batch_013:878,validation
source_holdout,2,batch_013:879,validation
source_holdout,2,batch_013:883,validation
source_holdout,2,batch_013:884,validation
source_holdout,2,batch_013:889,validation
source_holdout,2,batch_013:899,validation
source_holdout,2,batch_013:900,validation
source_holdout,2,batch_013:905,validation
source_holdout,2,batch_013:910,validation
source_holdout,2,batch_013:930,validation
source_holdout,2,batch_013:951,validation
source_holdout,2,batch_013:954,validation
source_holdout,2,batch_013:959,validation
source_holdout,2,batch_013:962,validation
source_holdout,2,batch_013:967,validation
source_holdout,2,batch_013:983,validation
source_holdout,2,batch_013:986,validation
source_holdout,2,batch_013:988,validation
source_holdout,2,batch_013:989,validation
source_holdout,2,batch_013:990,validation
source_holdout,2,batch_013:997,validation
source_holdout,2,batch_014:9,validation
source_holdout,2,batch_014:13,validation
source_holdout,2,batch_014:20,validation
source_holdout,2,batch_014:27,validation
source_holdout,2,batch_014:30,validation
source_holdout,2,batch_014:38,validation
source_holdout,2,batch_014:40,validation
source_holdout,2,batch_014:43,validation
source_holdout,2,batch_014:47,validation
source_holdout,2,batch_014:50,validation
source_holdout,2,batch_014:52,validation
source_holdout,2,batch_014:55,validation
source_holdout,2,batch_014:73,validation
source_holdout,2,batch_014:75,validation
source_holdout,2,batch_014:81,validation
source_holdout,2,batch_014:83,validation
source_holdout,2,batch_014:86,validation
source_holdout,2,batch_014:89,validation
source_holdout,2,batch_014:90,validation
source_holdout,2,batch_014:93,validation
source_holdout,2,batch_014:96,validation
source_holdout,2,batch_014:99,validation
source_holdout,2,batch_014:105,validation
source_holdout,2,batch_014:108,validation
source_holdout,2,batch_014:109,validation
source_holdout,2,batch_014:111,validation
source_holdout,2,batch_014:113,validation
source_holdout,2,batch_014:131,validation
source_holdout,2,batch_014:134,validation
source_holdout,2,batch_014:136,validation
source_holdout,2,batch_014:138,validation
source_holdout,2,batch_014:147,validation
source_holdout,2,batch_014:148,validation
source_holdout,2,batch_014:157,validation
source_holdout,2,batch_014:158,validation
source_holdout,2,batch_014:174,validation
source_holdout,2,batch_014:175,validation
source_holdout,2,batch_014:178,validation
source_holdout,2,batch_014:184,validation
source_holdout,2,batch_014:186,validation
source_holdout,2,batch_014:193,validation
source_holdout,2,batch_014:194,validation
source_holdout,2,batch_014:205,validation
source_holdout,2,batch_014:207,validation
source_holdout,2,batch_014:208,validation
source_holdout,2,batch_014:215,validation
source_holdout,2,batch_014:216,validation
source_holdout,2,batch_014:219,validation
source_holdout,2,batch_014:221,validation
source_holdout,2,batch_014:230,validation
source_holdout,2,batch_014:250,validation
source_holdout,2,batch_014:255,validation
source_holdout,2,batch_014:259,validation
source_holdout,2,batch_014:266,validation
source_holdout,2,batch_014:284,validation
source_holdout,2,batch_014:289,validation
source_holdout,2,batch_014:292,validation
source_holdout,2,batch_014:316,validation
source_holdout,2,batch_014:322,validation
source_holdout,2,batch_014:339,validation
source_holdout,2,batch_014:343,validation
source_holdout,2,batch_014:351,validation
source_holdout,2,batch_014:353,validation
source_holdout,2,batch_014:358,validation
source_holdout,2,batch_014:360,validation
source_holdout,2,batch_014:361,validation
source_holdout,2,batch_014:369,validation
source_holdout,2,batch_014:373,validation
source_holdout,2,batch_014:379,validation
source_holdout,2,batch_014:385,validation
source_holdout,2,batch_014:391,validation
source_holdout,2,batch_014:395,validation
source_holdout,2,batch_014:398,validation
source_holdout,2,batch_014:405,validation
source_holdout,2,batch_014:412,validation
source_holdout,2,batch_014:414,validation
source_holdout,2,batch_014:427,validation
source_holdout,2,batch_014:431,validation
source_holdout,2,batch_014:432,validation
source_holdout,2,batch_014:437,validation
source_holdout,2,batch_014:440,validation
source_holdout,2,batch_014:441,validation
source_holdout,2,batch_014:444,validation
source_holdout,2,batch_014:445,validation
source_holdout,2,batch_014:448,validation
source_holdout,2,batch_014:457,validation
source_holdout,2,batch_014:465,validation
source_holdout,2,batch_014:478,validation
source_holdout,2,batch_014:480,validation
source_holdout,2,batch_014:487,validation
source_holdout,2,batch_014:496,validation
source_holdout,2,batch_014:499,validation
source_holdout,2,batch_014:500,validation
source_holdout,2,batch_014:508,validation
source_holdout,2,batch_014:514,validation
source_holdout,2,batch_014:515,validation
source_holdout,2,batch_014:519,validation
source_holdout,2,batch_014:521,validation
source_holdout,2,batch_014:522,validation
source_holdout,2,batch_014:528,validation
source_holdout,2,batch_014:529,validation
source_holdout,2,batch_014:538,validation
source_holdout,2,batch_014:540,validation
source_holdout,2,batch_014:541,validation
source_holdout,2,batch_014:561,validation
source_holdout,2,batch_014:576,validation
source_holdout,2,batch_014:579,validation
source_holdout,2,batch_014:584,validation
source_holdout,2,batch_014:586,validation
source_holdout,2,batch_014:591,validation
source_holdout,2,batch_014:599,validation
source_holdout,2,batch_014:602,validation
source_holdout,2,batch_014:607,validation
source_holdout,2,batch_014:611,validation
source_holdout,2,batch_014:626,validation
source_holdout,2,batch_014:629,validation
source_holdout,2,batch_014:632,validation
source_holdout,2,batch_014:635,validation
source_holdout,2,batch_014:641,validation
source_holdout,2,batch_014:644,validation
source_holdout,2,batch_014:646,validation
source_holdout,2,batch_014:647,validation
source_holdout,2,batch_014:649,validation
source_holdout,2,batch_014:651,validation
source_holdout,2,batch_014:652,validation
source_holdout,2,batch_014:656,validation
source_holdout,2,batch_014:661,validation
source_holdout,2,batch_014:669,validation
source_holdout,2,batch_014:672,validation
source_holdout,2,batch_014:684,validation
source_holdout,2,batch_014:698,validation
source_holdout,2,batch_014:699,validation
source_holdout,2,batch_014:700,validation
source_holdout,2,batch_014:705,validation
source_holdout,2,batch_014:711,validation
source_holdout,2,batch_014:723,validation
source_holdout,2,batch_014:741,validation
source_holdout,2,batch_014:744,validation
source_holdout,2,batch_014:745,validation
source_holdout,2,batch_014:752,validation
source_holdout,2,batch_014:754,validation
source_holdout,2,batch_014:756,validation
source_holdout,2,batch_014:758,validation
source_holdout,2,batch_014:761,validation
source_holdout,2,batch_014:768,validation
source_holdout,2,batch_014:771,validation
source_holdout,2,batch_014:777,validation
source_holdout,2,batch_014:779,validation
source_holdout,2,batch_014:782,validation
source_holdout,2,batch_014:788,validation
source_holdout,2,batch_014:791,validation
source_holdout,2,batch_014:800,validation
source_holdout,2,batch_014:801,validation
source_holdout,2,batch_014:802,validation
source_holdout,2,batch_014:803,validation
source_holdout,2,batch_014:805,validation
source_holdout,2,batch_014:813,validation
source_holdout,2,batch_014:819,validation
source_holdout,2,batch_014:820,validation
source_holdout,2,batch_014:824,validation
source_holdout,2,batch_014:832,validation
source_holdout,2,batch_014:839,validation
source_holdout,2,batch_014:846,validation
source_holdout,2,batch_014:857,validation
source_holdout,2,batch_014:862,validation
source_holdout,2,batch_014:864,validation
source_holdout,2,batch_014:874,validation
source_holdout,2,batch_014:883,validation
source_holdout,2,batch_014:885,validation
source_holdout,2,batch_014:902,validation
source_holdout,2,batch_014:907,validation
source_holdout,2,batch_014:912,validation
source_holdout,2,batch_014:918,validation
source_holdout,2,batch_014:922,validation
source_holdout,2,batch_014:937,validation
source_holdout,2,batch_014:943,validation
source_holdout,2,batch_014:945,validation
source_holdout,2,batch_014:951,validation
source_holdout,2,batch_014:955,validation
source_holdout,2,batch_014:957,validation
source_holdout,2,batch_014:964,validation
source_holdout,2,batch_014:971,validation
source_holdout,2,batch_014:972,validation
source_holdout,2,batch_014:980,validation
source_holdout,2,batch_014:983,validation
source_holdout,2,batch_014:994,validation
source_holdout,2,batch_014:997,validation
source_holdout,2,batch_014:998,validation
source_holdout,2,batch_015:10,validation
source_holdout,2,batch_015:12,validation
source_holdout,2,batch_015:29,validation
source_holdout,2,batch_015:46,validation
source_holdout,2,batch_015:52,validation
source_holdout,2,batch_015:57,validation
source_holdout,2,batch_015:61,validation
source_holdout,2,batch_015:80,validation
source_holdout,2,batch_015:84,validation
source_holdout,2,batch_015:89,validation
source_holdout,2,batch_015:91,validation
source_holdout,2,batch_015:93,validation
source_holdout,2,batch_015:96,validation
source_holdout,2,batch_015:98,validation
source_holdout,2,batch_015:105,validation
source_holdout,2,batch_015:106,validation
source_holdout,2,batch_015:107,validation
source_holdout,2,batch_015:109,validation
source_holdout,2,batch_015:112,validation
source_holdout,2,batch_015:116,validation
source_holdout,2,batch_015:117,validation
source_holdout,2,batch_015:119,validation
source_holdout,2,batch_015:125,validation
source_holdout,2,batch_015:143,validation
source_holdout,2,batch_015:157,validation
source_holdout,2,batch_015:161,validation
source_holdout,2,batch_015:168,validation
source_holdout,2,batch_015:171,validation
source_holdout,2,batch_015:174,validation
source_holdout,2,batch_015:175,validation
source_holdout,2,batch_015:178,validation
source_holdout,2,batch_015:186,validation
source_holdout,2,batch_015:192,validation
source_holdout,2,batch_015:201,validation
source_holdout,2,batch_015:204,validation
source_holdout,2,batch_015:217,validation
source_holdout,2,batch_015:228,validation
source_holdout,2,batch_015:231,validation
source_holdout,2,batch_015:241,validation
source_holdout,2,batch_015:242,validation
source_holdout,2,batch_015:248,validation
source_holdout,2,batch_015:256,validation
source_holdout,2,batch_015:257,validation
source_holdout,2,batch_015:264,validation
source_holdout,2,batch_015:269,validation
source_holdout,2,batch_015:279,validation
source_holdout,2,batch_015:289,validation
source_holdout,2,batch_015:292,validation
source_holdout,2,batch_015:296,validation
source_holdout,2,batch_015:299,validation
source_holdout,2,batch_015:304,validation
source_holdout,2,batch_015:318,validation
source_holdout,2,batch_015:319,validation
source_holdout,2,batch_015:323,validation
source_holdout,2,batch_015:329,validation
source_holdout,2,batch_015:337,validation
source_holdout,2,batch_015:342,validation
source_holdout,2,batch_015:344,validation
source_holdout,2,batch_015:348,validation
source_holdout,2,batch_015:355,validation
source_holdout,2,batch_015:357,validation
source_holdout,2,batch_015:363,validation
source_holdout,2,batch_015:376,validation
source_holdout,2,batch_015:378,validation
source_holdout,2,batch_015:392,validation
source_holdout,2,batch_015:394,validation
source_holdout,2,batch_015:396,validation
source_holdout,2,batch_015:400,validation
source_holdout,2,batch_015:402,validation
source_holdout,2,batch_015:403,validation
source_holdout,2,batch_015:406,validation
source_holdout,2,batch_015:412,validation
source_holdout,2,batch_015:417,validation
source_holdout,2,batch_015:429,validation
source_holdout,2,batch_015:439,validation
source_holdout,2,batch_015:440,validation
source_holdout,2,batch_015:453,validation
source_holdout,2,batch_015:458,validation
source_holdout,2,batch_015:460,validation
source_holdout,2,batch_015:465,validation
source_holdout,2,batch_015:472,validation
source_holdout,2,batch_015:476,validation
source_holdout,2,batch_015:486,validation
source_holdout,2,batch_015:491,validation
source_holdout,2,batch_015:492,validation
source_holdout,2,batch_015:493,validation
source_holdout,2,batch_015:494,validation
source_holdout,2,batch_015:507,validation
source_holdout,2,batch_015:516,validation
source_holdout,2,batch_015:518,validation
source_holdout,2,batch_015:520,validation
source_holdout,2,batch_015:547,validation
source_holdout,2,batch_015:552,validation
source_holdout,2,batch_015:556,validation
source_holdout,2,batch_015:557,validation
source_holdout,2,batch_015:558,validation
source_holdout,2,batch_015:561,validation
source_holdout,2,batch_015:565,validation
source_holdout,2,batch_015:567,validation
source_holdout,2,batch_015:569,validation
source_holdout,2,batch_015:576,validation
source_holdout,2,batch_015:582,validation
source_holdout,2,batch_015:594,validation
source_holdout,2,batch_015:598,validation
source_holdout,2,batch_015:600,validation
source_holdout,2,batch_015:602,validation
source_holdout,2,batch_015:604,validation
source_holdout,2,batch_015:623,validation
source_holdout,2,batch_015:628,validation
source_holdout,2,batch_015:629,validation
source_holdout,2,batch_015:637,validation
source_holdout,2,batch_015:646,validation
source_holdout,2,batch_015:649,validation
source_holdout,2,batch_015:656,validation
source_holdout,2,batch_015:663,validation
source_holdout,2,batch_015:668,validation
source_holdout,2,batch_015:669,validation
source_holdout,2,batch_015:670,validation
source_holdout,2,batch_015:681,validation
source_holdout,2,batch_015:683,validation
source_holdout,2,batch_015:687,validation
source_holdout,2,batch_015:695,validation
source_holdout,2,batch_015:697,validation
source_holdout,2,batch_015:699,validation
source_holdout,2,batch_015:700,validation
source_holdout,2,batch_015:710,validation
source_holdout,2,batch_015:718,validation
source_holdout,2,batch_015:722,validation
source_holdout,2,batch_015:726,validation
source_holdout,2,batch_015:727,validation
source_holdout,2,batch_015:729,validation
source_holdout,2,batch_015:733,validation
source_holdout,2,batch_015:741,validation
source_holdout,2,batch_015:747,validation
source_holdout,2,batch_015:754,validation
source_holdout,2,batch_015:767,validation
source_holdout,2,batch_015:768,validation
source_holdout,2,batch_015:787,validation
source_holdout,2,batch_015:796,validation
source_holdout,2,batch_015:806,validation
source_holdout,2,batch_015:812,validation
source_holdout,2,batch_015:818,validation
source_holdout,2,batch_015:819,validation
source_holdout,2,batch_015:825,validation
source_holdout,2,batch_015:826,validation
source_holdout,2,batch_015:831,validation
source_holdout,2,batch_015:833,validation
source_holdout,2,batch_015:860,validation
source_holdout,2,batch_015:871,validation
source_holdout,2,batch_015:876,validation
source_holdout,2,batch_015:881,validation
source_holdout,2,batch_015:889,validation
source_holdout,2,batch_015:891,validation
source_holdout,2,batch_015:899,validation
source_holdout,2,batch_015:904,validation
source_holdout,2,batch_015:906,validation
source_holdout,2,batch_015:913,validation
source_holdout,2,batch_015:921,validation
source_holdout,2,batch_015:923,validation
source_holdout,2,batch_015:929,validation
source_holdout,2,batch_015:933,validation
source_holdout,2,batch_015:951,validation
source_holdout,2,batch_015:963,validation
source_holdout,2,batch_015:973,validation
source_holdout,2,batch_015:985,validation
source_holdout,2,batch_015:986,validation
source_holdout,2,batch_015:988,validation
source_holdout,2,batch_015:994,validation
source_holdout,2,batch_015:995,validation
source_holdout,2,batch_015:997,validation
source_holdout,2,batch_016:5,validation
source_holdout,2,batch_016:10,validation
source_holdout,2,batch_016:12,validation
source_holdout,2,batch_016:23,validation
source_holdout,2,batch_016:26,validation
source_holdout,2,batch_016:28,validation
source_holdout,2,batch_016:33,validation
source_holdout,2,batch_016:37,validation
source_holdout,2,batch_016:44,validation
source_holdout,2,batch_016:49,validation
source_holdout,2,batch_016:50,validation
source_holdout,2,batch_016:53,validation
source_holdout,2,batch_016:63,validation
source_holdout,2,batch_016:70,validation
source_holdout,2,batch_016:74,validation
source_holdout,2,batch_016:77,validation
source_holdout,2,batch_016:78,validation
source_holdout,2,batch_016:79,validation
source_holdout,2,batch_016:80,validation
source_holdout,2,batch_016:87,validation
source_holdout,2,batch_016:100,validation
source_holdout,2,batch_016:103,validation
source_holdout,2,batch_016:105,validation
source_holdout,2,batch_016:106,validation
source_holdout,2,batch_016:107,validation
source_holdout,2,batch_016:112,validation
source_holdout,2,batch_016:113,validation
source_holdout,2,batch_016:115,validation
source_holdout,2,batch_016:136,validation
source_holdout,2,batch_016:139,validation
source_holdout,2,batch_016:144,validation
source_holdout,2,batch_016:153,validation
source_holdout,2,batch_016:172,validation
source_holdout,2,batch_016:180,validation
source_holdout,2,batch_016:181,validation
source_holdout,2,batch_016:183,validation
source_holdout,2,batch_016:203,validation
source_holdout,2,batch_016:209,validation
source_holdout,2,batch_016:210,validation
source_holdout,2,batch_016:212,validation
source_holdout,2,batch_016:217,validation
source_holdout,2,batch_016:221,validation
source_holdout,2,batch_016:222,validation
source_holdout,2,batch_016:224,validation
source_holdout,2,batch_016:233,validation
source_holdout,2,batch_016:238,validation
source_holdout,2,batch_016:243,validation
source_holdout,2,batch_016:251,validation
source_holdout,2,batch_016:255,validation
source_holdout,2,batch_016:257,validation
source_holdout,2,batch_016:261,validation
source_holdout,2,batch_016:264,validation
source_holdout,2,batch_016:274,validation
source_holdout,2,batch_016:281,validation
source_holdout,2,batch_016:291,validation
source_holdout,2,batch_016:300,validation
source_holdout,2,batch_016:311,validation
source_holdout,2,batch_016:315,validation
source_holdout,2,batch_016:320,validation
source_holdout,2,batch_016:326,validation
source_holdout,2,batch_016:327,validation
source_holdout,2,batch_016:333,validation
source_holdout,2,batch_016:336,validation
source_holdout,2,batch_016:337,validation
source_holdout,2,batch_016:339,validation
source_holdout,2,batch_016:347,validation
source_holdout,2,batch_016:349,validation
source_holdout,2,batch_016:353,validation
source_holdout,2,batch_016:369,validation
source_holdout,2,batch_016:378,validation
source_holdout,2,batch_016:388,validation
source_holdout,2,batch_016:395,validation
source_holdout,2,batch_016:407,validation
source_holdout,2,batch_016:414,validation
source_holdout,2,batch_016:415,validation
source_holdout,2,batch_016:417,validation
source_holdout,2,batch_016:419,validation
source_holdout,2,batch_016:424,validation
source_holdout,2,batch_016:425,validation
source_holdout,2,batch_016:427,validation
source_holdout,2,batch_016:433,validation
source_holdout,2,batch_016:450,validation
source_holdout,2,batch_016:462,validation
source_holdout,2,batch_016:464,validation
source_holdout,2,batch_016:481,validation
source_holdout,2,batch_016:483,validation
source_holdout,2,batch_016:489,validation
source_holdout,2,batch_016:494,validation
source_holdout,2,batch_016:496,validation
source_holdout,2,batch_016:506,validation
source_holdout,2,batch_016:507,validation
source_holdout,2,batch_016:511,validation
source_holdout,2,batch_016:514,validation
source_holdout,2,batch_016:519,validation
source_holdout,2,batch_016:528,validation
source_holdout,2,batch_016:536,validation
source_holdout,2,batch_016:546,validation
source_holdout,2,batch_016:556,validation
source_holdout,2,batch_016:576,validation
source_holdout,2,batch_016:592,validation
source_holdout,2,batch_016:595,validation
source_holdout,2,batch_016:598,validation
source_holdout,2,batch_016:604,validation
source_holdout,2,batch_016:606,validation
source_holdout,2,batch_016:615,validation
source_holdout,2,batch_016:623,validation
source_holdout,2,batch_016:624,validation
source_holdout,2,batch_016:630,validation
source_holdout,2,batch_016:634,validation
source_holdout,2,batch_016:636,validation
source_holdout,2,batch_016:640,validation
source_holdout,2,batch_016:642,validation
source_holdout,2,batch_016:649,validation
source_holdout,2,batch_016:652,validation
source_holdout,2,batch_016:657,validation
source_holdout,2,batch_016:658,validation
source_holdout,2,batch_016:676,validation
source_holdout,2,batch_016:684,validation
source_holdout,2,batch_016:689,validation
source_holdout,2,batch_016:703,validation
source_holdout,2,batch_016:704,validation
source_holdout,2,batch_016:705,validation
source_holdout,2,batch_016:728,validation
source_holdout,2,batch_016:750,validation
source_holdout,2,batch_016:758,validation
source_holdout,2,batch_016:761,validation
source_holdout,2,batch_016:762,validation
source_holdout,2,batch_016:789,validation
source_holdout,2,batch_016:798,validation
source_holdout,2,batch_016:806,validation
source_holdout,2,batch_016:809,validation
source_holdout,2,batch_016:812,validation
source_holdout,2,batch_016:813,validation
source_holdout,2,batch_016:829,validation
source_holdout,2,batch_016:833,validation
source_holdout,2,batch_016:836,validation
source_holdout,2,batch_016:841,validation
source_holdout,2,batch_016:845,validation
source_holdout,2,batch_016:849,validation
source_holdout,2,batch_016:853,validation
source_holdout,2,batch_016:860,validation
source_holdout,2,batch_016:862,validation
source_holdout,2,batch_016:864,validation
source_holdout,2,batch_016:869,validation
source_holdout,2,batch_016:872,validation
source_holdout,2,batch_016:874,validation
source_holdout,2,batch_016:875,validation
source_holdout,2,batch_016:876,validation
source_holdout,2,batch_016:879,validation
source_holdout,2,batch_016:896,validation
source_holdout,2,batch_016:900,validation
source_holdout,2,batch_016:907,validation
source_holdout,2,batch_016:908,validation
source_holdout,2,batch_016:915,validation
source_holdout,2,batch_016:917,validation
source_holdout,2,batch_016:933,validation
source_holdout,2,batch_016:937,validation
source_holdout,2,batch_016:946,validation
source_holdout,2,batch_016:953,validation
source_holdout,2,batch_016:961,validation
source_holdout,2,batch_016:962,validation
source_holdout,2,batch_016:977,validation
source_holdout,2,batch_016:982,validation
source_holdout,2,batch_016:991,validation
source_holdout,2,batch_016:999,validation
source_holdout,2,batch_017:2,validation
source_holdout,2,batch_017:4,validation
source_holdout,2,batch_017:9,validation
source_holdout,2,batch_017:15,validation
source_holdout,2,batch_017:25,validation
source_holdout,2,batch_017:32,validation
source_holdout,2,batch_017:34,validation
source_holdout,2,batch_017:39,validation
source_holdout,2,batch_017:45,validation
source_holdout,2,batch_017:48,validation
source_holdout,2,batch_017:76,validation
source_holdout,2,batch_017:77,validation
source_holdout,2,batch_017:91,validation
source_holdout,2,batch_017:94,validation
source_holdout,2,batch_017:95,validation
source_holdout,2,batch_017:101,validation
source_holdout,2,batch_017:105,validation
source_holdout,2,batch_017:120,validation
source_holdout,2,batch_017:127,validation
source_holdout,2,batch_017:130,validation
source_holdout,2,batch_017:138,validation
source_holdout,2,batch_017:143,validation
source_holdout,2,batch_017:145,validation
source_holdout,2,batch_017:159,validation
source_holdout,2,batch_017:167,validation
source_holdout,2,batch_017:169,validation
source_holdout,2,batch_017:170,validation
source_holdout,2,batch_017:200,validation
source_holdout,2,batch_017:201,validation
source_holdout,2,batch_017:207,validation
source_holdout,2,batch_017:210,validation
source_holdout,2,batch_017:213,validation
source_holdout,2,batch_017:219,validation
source_holdout,2,batch_017:224,validation
source_holdout,2,batch_017:231,validation
source_holdout,2,batch_017:233,validation
source_holdout,2,batch_017:243,validation
source_holdout,2,batch_017:252,validation
source_holdout,2,batch_017:267,validation
source_holdout,2,batch_017:272,validation
source_holdout,2,batch_017:285,validation
source_holdout,2,batch_017:288,validation
source_holdout,2,batch_017:290,validation
source_holdout,2,batch_017:291,validation
source_holdout,2,batch_017:307,validation
source_holdout,2,batch_017:324,validation
source_holdout,2,batch_017:333,validation
source_holdout,2,batch_017:349,validation
source_holdout,2,batch_017:356,validation
source_holdout,2,batch_017:358,validation
source_holdout,2,batch_017:359,validation
source_holdout,2,batch_017:360,validation
source_holdout,2,batch_017:363,validation
source_holdout,2,batch_017:371,validation
source_holdout,2,batch_017:375,validation
source_holdout,2,batch_017:382,validation
source_holdout,2,batch_017:386,validation
source_holdout,2,batch_017:394,validation
source_holdout,2,batch_017:404,validation
source_holdout,2,batch_017:407,validation
source_holdout,2,batch_017:414,validation
source_holdout,2,batch_017:423,validation
source_holdout,2,batch_017:429,validation
source_holdout,2,batch_017:451,validation
source_holdout,2,batch_017:453,validation
source_holdout,2,batch_017:458,validation
source_holdout,2,batch_017:460,validation
source_holdout,2,batch_017:461,validation
source_holdout,2,batch_017:474,validation
source_holdout,2,batch_017:480,validation
source_holdout,2,batch_017:481,validation
source_holdout,2,batch_017:496,validation
source_holdout,2,batch_017:497,validation
source_holdout,2,batch_017:501,validation
source_holdout,2,batch_017:502,validation
source_holdout,2,batch_017:503,validation
source_holdout,2,batch_017:504,validation
source_holdout,2,batch_017:517,validation
source_holdout,2,batch_017:521,validation
source_holdout,2,batch_017:523,validation
source_holdout,2,batch_017:524,validation
source_holdout,2,batch_017:525,validation
source_holdout,2,batch_017:526,validation
source_holdout,2,batch_017:530,validation
source_holdout,2,batch_017:531,validation
source_holdout,2,batch_017:544,validation
source_holdout,2,batch_017:548,validation
source_holdout,2,batch_017:551,validation
source_holdout,2,batch_017:563,validation
source_holdout,2,batch_017:565,validation
source_holdout,2,batch_017:566,validation
source_holdout,2,batch_017:573,validation
source_holdout,2,batch_017:575,validation
source_holdout,2,batch_017:595,validation
source_holdout,2,batch_017:602,validation
source_holdout,2,batch_017:611,validation
source_holdout,2,batch_017:612,validation
source_holdout,2,batch_017:613,validation
source_holdout,2,batch_017:615,validation
source_holdout,2,batch_017:616,validation
source_holdout,2,batch_017:631,validation
source_holdout,2,batch_017:645,validation
source_holdout,2,batch_017:652,validation
source_holdout,2,batch_017:658,validation
source_holdout,2,batch_017:667,validation
source_holdout,2,batch_017:674,validation
source_holdout,2,batch_017:678,validation
source_holdout,2,batch_017:683,validation
source_holdout,2,batch_017:686,validation
source_holdout,2,batch_017:688,validation
source_holdout,2,batch_017:708,validation
source_holdout,2,batch_017:713,validation
source_holdout,2,batch_017:722,validation
source_holdout,2,batch_017:729,validation
source_holdout,2,batch_017:743,validation
source_holdout,2,batch_017:744,validation
source_holdout,2,batch_017:759,validation
source_holdout,2,batch_017:776,validation
source_holdout,2,batch_017:779,validation
source_holdout,2,batch_017:783,validation
source_holdout,2,batch_017:786,validation
source_holdout,2,batch_017:793,validation
source_holdout,2,batch_017:800,validation
source_holdout,2,batch_017:809,validation
source_holdout,2,batch_017:816,validation
source_holdout,2,batch_017:818,validation
source_holdout,2,batch_017:827,validation
source_holdout,2,batch_017:830,validation
source_holdout,2,batch_017:831,validation
source_holdout,2,batch_017:839,validation
source_holdout,2,batch_017:841,validation
source_holdout,2,batch_017:842,validation
source_holdout,2,batch_017:843,validation
source_holdout,2,batch_017:845,validation
source_holdout,2,batch_017:848,validation
source_holdout,2,batch_017:849,validation
source_holdout,2,batch_017:851,validation
source_holdout,2,batch_017:853,validation
source_holdout,2,batch_017:856,validation
source_holdout,2,batch_017:865,validation
source_holdout,2,batch_017:866,validation
source_holdout,2,batch_017:878,validation
source_holdout,2,batch_017:894,validation
source_holdout,2,batch_017:895,validation
source_holdout,2,batch_017:896,validation
source_holdout,2,batch_017:899,validation
source_holdout,2,batch_017:902,validation
source_holdout,2,batch_017:905,validation
source_holdout,2,batch_017:913,validation
source_holdout,2,batch_017:919,validation
source_holdout,2,batch_017:921,validation
source_holdout,2,batch_017:946,validation
source_holdout,2,batch_017:949,validation
source_holdout,2,batch_017:951,validation
source_holdout,2,batch_017:954,validation
source_holdout,2,batch_017:960,validation
source_holdout,2,batch_017:964,validation
source_holdout,2,batch_017:967,validation
source_holdout,2,batch_017:969,validation
source_holdout,2,batch_017:973,validation
source_holdout,2,batch_017:979,validation
source_holdout,2,batch_017:986,validation
source_holdout,2,batch_017:990,validation
source_holdout,2,batch_018:6,validation
source_holdout,2,batch_018:11,validation
source_holdout,2,batch_018:12,validation
source_holdout,2,batch_018:20,validation
source_holdout,2,batch_018:35,validation
source_holdout,2,batch_018:37,validation
source_holdout,2,batch_018:57,validation
source_holdout,2,batch_018:61,validation
source_holdout,2,batch_018:70,validation
source_holdout,2,batch_018:71,validation
source_holdout,2,batch_018:78,validation
source_holdout,2,batch_018:85,validation
source_holdout,2,batch_018:100,validation
source_holdout,2,batch_018:101,validation
source_holdout,2,batch_018:112,validation
source_holdout,2,batch_018:114,validation
source_holdout,2,batch_018:115,validation
source_holdout,2,batch_018:124,validation
source_holdout,2,batch_018:130,validation
source_holdout,2,batch_018:139,validation
source_holdout,2,batch_018:149,validation
source_holdout,2,batch_018:150,validation
source_holdout,2,batch_018:169,validation
source_holdout,2,batch_018:171,validation
source_holdout,2,batch_018:179,validation
source_holdout,2,batch_018:181,validation
source_holdout,2,batch_018:182,validation
source_holdout,2,batch_018:189,validation
source_holdout,2,batch_018:192,validation
source_holdout,2,batch_018:202,validation
source_holdout,2,batch_018:205,validation
source_holdout,2,batch_018:206,validation
source_holdout,2,batch_018:209,validation
source_holdout,2,batch_018:221,validation
source_holdout,2,batch_018:228,validation
source_holdout,2,batch_018:231,validation
source_holdout,2,batch_018:235,validation
source_holdout,2,batch_018:245,validation
source_holdout,2,batch_018:256,validation
source_holdout,2,batch_018:260,validation
source_holdout,2,batch_018:261,validation
source_holdout,2,batch_018:264,validation
source_holdout,2,batch_018:279,validation
source_holdout,2,batch_018:281,validation
source_holdout,2,batch_018:286,validation
source_holdout,2,batch_018:288,validation
source_holdout,2,batch_018:291,validation
source_holdout,2,batch_018:293,validation
source_holdout,2,batch_018:294,validation
source_holdout,2,batch_018:295,validation
source_holdout,2,batch_018:314,validation
source_holdout,2,batch_018:315,validation
source_holdout,2,batch_018:342,validation
source_holdout,2,batch_018:352,validation
source_holdout,2,batch_018:363,validation
source_holdout,2,batch_018:367,validation
source_holdout,2,batch_018:372,validation
source_holdout,2,batch_018:380,validation
source_holdout,2,batch_018:381,validation
source_holdout,2,batch_018:382,validation
source_holdout,2,batch_018:387,validation
source_holdout,2,batch_018:394,validation
source_holdout,2,batch_018:395,validation
source_holdout,2,batch_018:398,validation
source_holdout,2,batch_018:402,validation
source_holdout,2,batch_018:408,validation
source_holdout,2,batch_018:413,validation
source_holdout,2,batch_018:421,validation
source_holdout,2,batch_018:426,validation
source_holdout,2,batch_018:431,validation
source_holdout,2,batch_018:432,validation
source_holdout,2,batch_018:438,validation
source_holdout,2,batch_018:445,validation
source_holdout,2,batch_018:446,validation
source_holdout,2,batch_018:451,validation
source_holdout,2,batch_018:453,validation
source_holdout,2,batch_018:461,validation
source_holdout,2,batch_018:462,validation
source_holdout,2,batch_018:463,validation
source_holdout,2,batch_018:465,validation
source_holdout,2,batch_018:472,validation
source_holdout,2,batch_018:475,validation
source_holdout,2,batch_018:478,validation
source_holdout,2,batch_018:479,validation
source_holdout,2,batch_018:482,validation
source_holdout,2,batch_018:513,validation
source_holdout,2,batch_018:515,validation
source_holdout,2,batch_018:516,validation
source_holdout,2,batch_018:521,validation
source_holdout,2,batch_018:522,validation
source_holdout,2,batch_018:530,validation
source_holdout,2,batch_018:534,validation
source_holdout,2,batch_018:538,validation
source_holdout,2,batch_018:541,validation
source_holdout,2,batch_018:543,validation
source_holdout,2,batch_018:544,validation
source_holdout,2,batch_018:552,validation
source_holdout,2,batch_018:557,validation
source_holdout,2,batch_018:561,validation
source_holdout,2,batch_018:572,validation
source_holdout,2,batch_018:573,validation
source_holdout,2,batch_018:577,validation
source_holdout,2,batch_018:579,validation
source_holdout,2,batch_018:582,validation
source_holdout,2,batch_018:586,validation
source_holdout,2,batch_018:588,validation
source_holdout,2,batch_018:591,validation
source_holdout,2,batch_018:601,validation
source_holdout,2,batch_018:612,validation
source_holdout,2,batch_018:623,validation
source_holdout,2,batch_018:624,validation
source_holdout,2,batch_018:625,validation
source_holdout,2,batch_018:629,validation
source_holdout,2,batch_018:632,validation
source_holdout,2,batch_018:645,validation
source_holdout,2,batch_018:659,validation
source_holdout,2,batch_018:660,validation
source_holdout,2,batch_018:662,validation
source_holdout,2,batch_018:671,validation
source_holdout,2,batch_018:675,validation
source_holdout,2,batch_018:679,validation
source_holdout,2,batch_018:681,validation
source_holdout,2,batch_018:684,validation
source_holdout,2,batch_018:690,validation
source_holdout,2,batch_018:693,validation
source_holdout,2,batch_018:694,validation
source_holdout,2,batch_018:697,validation
source_holdout,2,batch_018:698,validation
source_holdout,2,batch_018:702,validation
source_holdout,2,batch_018:714,validation
source_holdout,2,batch_018:715,validation
source_holdout,2,batch_018:720,validation
source_holdout,2,batch_018:723,validation
source_holdout,2,batch_018:736,validation
source_holdout,2,batch_018:740,validation
source_holdout,2,batch_018:741,validation
source_holdout,2,batch_018:745,validation
source_holdout,2,batch_018:747,validation
source_holdout,2,batch_018:761,validation
source_holdout,2,batch_018:765,validation
source_holdout,2,batch_018:768,validation
source_holdout,2,batch_018:791,validation
source_holdout,2,batch_018:794,validation
source_holdout,2,batch_018:800,validation
source_holdout,2,batch_018:804,validation
source_holdout,2,batch_018:813,validation
source_holdout,2,batch_018:816,validation
source_holdout,2,batch_018:823,validation
source_holdout,2,batch_018:830,validation
source_holdout,2,batch_018:831,validation
source_holdout,2,batch_018:843,validation
source_holdout,2,batch_018:847,validation
source_holdout,2,batch_018:849,validation
source_holdout,2,batch_018:859,validation
source_holdout,2,batch_018:863,validation
source_holdout,2,batch_018:877,validation
source_holdout,2,batch_018:886,validation
source_holdout,2,batch_018:888,validation
source_holdout,2,batch_018:889,validation
source_holdout,2,batch_018:893,validation
source_holdout,2,batch_018:899,validation
source_holdout,2,batch_018:903,validation
source_holdout,2,batch_018:913,validation
source_holdout,2,batch_018:917,validation
source_holdout,2,batch_018:928,validation
source_holdout,2,batch_018:931,validation
source_holdout,2,batch_018:946,validation
source_holdout,2,batch_018:951,validation
source_holdout,2,batch_018:953,validation
source_holdout,2,batch_018:955,validation
source_holdout,2,batch_018:961,validation
source_holdout,2,batch_018:967,validation
source_holdout,2,batch_018:969,validation
source_holdout,2,batch_018:973,validation
source_holdout,2,batch_018:975,validation
source_holdout,2,batch_018:979,validation
source_holdout,2,batch_018:993,validation
source_holdout,2,batch_018:995,validation
source_holdout,2,batch_018:996,validation
source_holdout,2,batch_019:3,validation
source_holdout,2,batch_019:23,validation
source_holdout,2,batch_019:25,validation
source_holdout,2,batch_019:26,validation
source_holdout,2,batch_019:27,validation
source_holdout,2,batch_019:44,validation
source_holdout,2,batch_019:46,validation
source_holdout,2,batch_019:47,validation
source_holdout,2,batch_019:61,validation
source_holdout,2,batch_019:64,validation
source_holdout,2,batch_019:70,validation
source_holdout,2,batch_019:71,validation
source_holdout,2,batch_019:81,validation
source_holdout,2,batch_019:88,validation
source_holdout,2,batch_019:93,validation
source_holdout,2,batch_019:100,validation
source_holdout,2,batch_019:102,validation
source_holdout,2,batch_019:108,validation
source_holdout,2,batch_019:109,validation
source_holdout,2,batch_019:115,validation
source_holdout,2,batch_019:121,validation
source_holdout,2,batch_019:124,validation
source_holdout,2,batch_019:126,validation
source_holdout,2,batch_019:127,validation
source_holdout,2,batch_019:137,validation
source_holdout,2,batch_019:151,validation
source_holdout,2,batch_019:154,validation
source_holdout,2,batch_019:155,validation
source_holdout,2,batch_019:158,validation
source_holdout,2,batch_019:162,validation
source_holdout,2,batch_019:163,validation
source_holdout,2,batch_019:176,validation
source_holdout,2,batch_019:180,validation
source_holdout,2,batch_019:191,validation
source_holdout,2,batch_019:197,validation
source_holdout,2,batch_019:200,validation
source_holdout,2,batch_019:204,validation
source_holdout,2,batch_019:208,validation
source_holdout,2,batch_019:212,validation
source_holdout,2,batch_019:221,validation
source_holdout,2,batch_019:225,validation
source_holdout,2,batch_019:237,validation
source_holdout,2,batch_019:243,validation
source_holdout,2,batch_019:247,validation
source_holdout,2,batch_019:249,validation
source_holdout,2,batch_019:255,validation
source_holdout,2,batch_019:266,validation
source_holdout,2,batch_019:267,validation
source_holdout,2,batch_019:270,validation
source_holdout,2,batch_019:273,validation
source_holdout,2,batch_019:274,validation
source_holdout,2,batch_019:275,validation
source_holdout,2,batch_019:276,validation
source_holdout,2,batch_019:299,validation
source_holdout,2,batch_019:302,validation
source_holdout,2,batch_019:314,validation
source_holdout,2,batch_019:316,validation
source_holdout,2,batch_019:318,validation
source_holdout,2,batch_019:320,validation
source_holdout,2,batch_019:321,validation
source_holdout,2,batch_019:348,validation
source_holdout,2,batch_019:350,validation
source_holdout,2,batch_019:352,validation
source_holdout,2,batch_019:358,validation
source_holdout,2,batch_019:363,validation
source_holdout,2,batch_019:371,validation
source_holdout,2,batch_019:376,validation
source_holdout,2,batch_019:377,validation
source_holdout,2,batch_019:380,validation
source_holdout,2,batch_019:381,validation
source_holdout,2,batch_019:386,validation
source_holdout,2,batch_019:392,validation
source_holdout,2,batch_019:400,validation
source_holdout,2,batch_019:407,validation
source_holdout,2,batch_019:410,validation
source_holdout,2,batch_019:415,validation
source_holdout,2,batch_019:426,validation
source_holdout,2,batch_019:433,validation
source_holdout,2,batch_019:443,validation
source_holdout,2,batch_019:445,validation
source_holdout,2,batch_019:446,validation
source_holdout,2,batch_019:447,validation
source_holdout,2,batch_019:449,validation
source_holdout,2,batch_019:457,validation
source_holdout,2,batch_019:458,validation
source_holdout,2,batch_019:460,validation
source_holdout,2,batch_019:461,validation
source_holdout,2,batch_019:463,validation
source_holdout,2,batch_019:478,validation
source_holdout,2,batch_019:485,validation
source_holdout,2,batch_019:487,validation
source_holdout,2,batch_019:488,validation
source_holdout,2,batch_019:489,validation
source_holdout,2,batch_019:490,validation
source_holdout,2,batch_019:499,validation
source_holdout,2,batch_019:502,validation
source_holdout,2,batch_019:508,validation
source_holdout,2,batch_019:512,validation
source_holdout,2,batch_019:514,validation
source_holdout,2,batch_019:520,validation
source_holdout,2,batch_019:522,validation
source_holdout,2,batch_019:524,validation
source_holdout,2,batch_019:528,validation
source_holdout,2,batch_019:546,validation
source_holdout,2,batch_019:547,validation
source_holdout,2,batch_019:551,validation
source_holdout,2,batch_019:552,validation
source_holdout,2,batch_019:553,validation
source_holdout,2,batch_019:561,validation
source_holdout,2,batch_019:562,validation
source_holdout,2,batch_019:572,validation
source_holdout,2,batch_019:575,validation
source_holdout,2,batch_019:576,validation
source_holdout,2,batch_019:580,validation
source_holdout,2,batch_019:587,validation
source_holdout,2,batch_019:592,validation
source_holdout,2,batch_019:604,validation
source_holdout,2,batch_019:615,validation
source_holdout,2,batch_019:621,validation
source_holdout,2,batch_019:627,validation
source_holdout,2,batch_019:650,validation
source_holdout,2,batch_019:652,validation
source_holdout,2,batch_019:653,validation
source_holdout,2,batch_019:655,validation
source_holdout,2,batch_019:656,validation
source_holdout,2,batch_019:662,validation
source_holdout,2,batch_019:664,validation
source_holdout,2,batch_019:668,validation
source_holdout,2,batch_019:671,validation
source_holdout,2,batch_019:673,validation
source_holdout,2,batch_019:674,validation
source_holdout,2,batch_019:688,validation
source_holdout,2,batch_019:698,validation
source_holdout,2,batch_019:703,validation
source_holdout,2,batch_019:710,validation
source_holdout,2,batch_019:711,validation
source_holdout,2,batch_019:712,validation
source_holdout,2,batch_019:721,validation
source_holdout,2,batch_019:725,validation
source_holdout,2,batch_019:726,validation
source_holdout,2,batch_019:730,validation
source_holdout,2,batch_019:735,validation
source_holdout,2,batch_019:737,validation
source_holdout,2,batch_019:746,validation
source_holdout,2,batch_019:754,validation
source_holdout,2,batch_019:767,validation
source_holdout,2,batch_019:769,validation
source_holdout,2,batch_019:778,validation
source_holdout,2,batch_019:782,validation
source_holdout,2,batch_019:783,validation
source_holdout,2,batch_019:784,validation
source_holdout,2,batch_019:785,validation
source_holdout,2,batch_019:786,validation
source_holdout,2,batch_019:796,validation
source_holdout,2,batch_019:798,validation
source_holdout,2,batch_019:816,validation
source_holdout,2,batch_019:817,validation
source_holdout,2,batch_019:823,validation
source_holdout,2,batch_019:828,validation
source_holdout,2,batch_019:832,validation
source_holdout,2,batch_019:836,validation
source_holdout,2,batch_019:844,validation
source_holdout,2,batch_019:853,validation
source_holdout,2,batch_019:856,validation
source_holdout,2,batch_019:857,validation
source_holdout,2,batch_019:880,validation
source_holdout,2,batch_019:893,validation
source_holdout,2,batch_019:895,validation
source_holdout,2,batch_019:902,validation
source_holdout,2,batch_019:904,validation
source_holdout,2,batch_019:910,validation
source_holdout,2,batch_019:918,validation
source_holdout,2,batch_019:920,validation
source_holdout,2,batch_019:928,validation
source_holdout,2,batch_019:929,validation
source_holdout,2,batch_019:932,validation
source_holdout,2,batch_019:933,validation
source_holdout,2,batch_019:939,validation
source_holdout,2,batch_019:947,validation
source_holdout,2,batch_019:952,validation
source_holdout,2,batch_019:954,validation
source_holdout,2,batch_019:973,validation
source_holdout,2,batch_019:990,validation
source_holdout,2,batch_019:991,validation
source_holdout,2,batch_019:992,validation
source_holdout,2,batch_019:999,validation
source_holdout,3,batch_013:5,validation
source_holdout,3,batch_013:11,validation
source_holdout,3,batch_013:12,validation
source_holdout,3,batch_013:15,validation
source_holdout,3,batch_013:16,validation
source_holdout,3,batch_013:26,validation
source_holdout,3,batch_013:33,validation
source_holdout,3,batch_013:37,validation
source_holdout,3,batch_013:38,validation
source_holdout,3,batch_013:58,validation
source_holdout,3,batch_013:81,validation
source_holdout,3,batch_013:86,validation
source_holdout,3,batch_013:87,validation
source_holdout,3,batch_013:88,validation
source_holdout,3,batch_013:90,validation
source_holdout,3,batch_013:91,validation
source_holdout,3,batch_013:94,validation
source_holdout,3,batch_013:110,validation
source_holdout,3,batch_013:117,validation
source_holdout,3,batch_013:120,validation
source_holdout,3,batch_013:123,validation
source_holdout,3,batch_013:129,validation
source_holdout,3,batch_013:134,validation
source_holdout,3,batch_013:139,validation
source_holdout,3,batch_013:142,validation
source_holdout,3,batch_013:143,validation
source_holdout,3,batch_013:167,validation
source_holdout,3,batch_013:170,validation
source_holdout,3,batch_013:175,validation
source_holdout,3,batch_013:176,validation
source_holdout,3,batch_013:179,validation
source_holdout,3,batch_013:185,validation
source_holdout,3,batch_013:190,validation
source_holdout,3,batch_013:195,validation
source_holdout,3,batch_013:197,validation
source_holdout,3,batch_013:199,validation
source_holdout,3,batch_013:201,validation
source_holdout,3,batch_013:205,validation
source_holdout,3,batch_013:212,validation
source_holdout,3,batch_013:223,validation
source_holdout,3,batch_013:239,validation
source_holdout,3,batch_013:250,validation
source_holdout,3,batch_013:259,validation
source_holdout,3,batch_013:264,validation
source_holdout,3,batch_013:268,validation
source_holdout,3,batch_013:271,validation
source_holdout,3,batch_013:272,validation
source_holdout,3,batch_013:276,validation
source_holdout,3,batch_013:278,validation
source_holdout,3,batch_013:282,validation
source_holdout,3,batch_013:297,validation
source_holdout,3,batch_013:308,validation
source_holdout,3,batch_013:314,validation
source_holdout,3,batch_013:320,validation
source_holdout,3,batch_013:326,validation
source_holdout,3,batch_013:346,validation
source_holdout,3,batch_013:358,validation
source_holdout,3,batch_013:365,validation
source_holdout,3,batch_013:368,validation
source_holdout,3,batch_013:371,validation
source_holdout,3,batch_013:374,validation
source_holdout,3,batch_013:377,validation
source_holdout,3,batch_013:383,validation
source_holdout,3,batch_013:393,validation
source_holdout,3,batch_013:395,validation
source_holdout,3,batch_013:401,validation
source_holdout,3,batch_013:410,validation
source_holdout,3,batch_013:412,validation
source_holdout,3,batch_013:424,validation
source_holdout,3,batch_013:428,validation
source_holdout,3,batch_013:429,validation
source_holdout,3,batch_013:447,validation
source_holdout,3,batch_013:451,validation
source_holdout,3,batch_013:454,validation
source_holdout,3,batch_013:462,validation
source_holdout,3,batch_013:471,validation
source_holdout,3,batch_013:473,validation
source_holdout,3,batch_013:474,validation
source_holdout,3,batch_013:477,validation
source_holdout,3,batch_013:480,validation
source_holdout,3,batch_013:486,validation
source_holdout,3,batch_013:487,validation
source_holdout,3,batch_013:504,validation
source_holdout,3,batch_013:510,validation
source_holdout,3,batch_013:516,validation
source_holdout,3,batch_013:517,validation
source_holdout,3,batch_013:524,validation
source_holdout,3,batch_013:526,validation
source_holdout,3,batch_013:528,validation
source_holdout,3,batch_013:530,validation
source_holdout,3,batch_013:531,validation
source_holdout,3,batch_013:536,validation
source_holdout,3,batch_013:537,validation
source_holdout,3,batch_013:538,validation
source_holdout,3,batch_013:540,validation
source_holdout,3,batch_013:545,validation
source_holdout,3,batch_013:549,validation
source_holdout,3,batch_013:564,validation
source_holdout,3,batch_013:569,validation
source_holdout,3,batch_013:573,validation
source_holdout,3,batch_013:575,validation
source_holdout,3,batch_013:591,validation
source_holdout,3,batch_013:599,validation
source_holdout,3,batch_013:602,validation
source_holdout,3,batch_013:603,validation
source_holdout,3,batch_013:613,validation
source_holdout,3,batch_013:617,validation
source_holdout,3,batch_013:630,validation
source_holdout,3,batch_013:640,validation
source_holdout,3,batch_013:642,validation
source_holdout,3,batch_013:643,validation
source_holdout,3,batch_013:652,validation
source_holdout,3,batch_013:677,validation
source_holdout,3,batch_013:680,validation
source_holdout,3,batch_013:696,validation
source_holdout,3,batch_013:699,validation
source_holdout,3,batch_013:707,validation
source_holdout,3,batch_013:709,validation
source_holdout,3,batch_013:712,validation
source_holdout,3,batch_013:713,validation
source_holdout,3,batch_013:723,validation
source_holdout,3,batch_013:725,validation
source_holdout,3,batch_013:733,validation
source_holdout,3,batch_013:742,validation
source_holdout,3,batch_013:745,validation
source_holdout,3,batch_013:746,validation
source_holdout,3,batch_013:752,validation
source_holdout,3,batch_013:759,validation
source_holdout,3,batch_013:766,validation
source_holdout,3,batch_013:784,validation
source_holdout,3,batch_013:790,validation
source_holdout,3,batch_013:799,validation
source_holdout,3,batch_013:800,validation
source_holdout,3,batch_013:805,validation
source_holdout,3,batch_013:809,validation
source_holdout,3,batch_013:819,validation
source_holdout,3,batch_013:822,validation
source_holdout,3,batch_013:824,validation
source_holdout,3,batch_013:830,validation
source_holdout,3,batch_013:835,validation
source_holdout,3,batch_013:837,validation
source_holdout,3,batch_013:843,validation
source_holdout,3,batch_013:844,validation
source_holdout,3,batch_013:847,validation
source_holdout,3,batch_013:850,validation
source_holdout,3,batch_013:857,validation
source_holdout,3,batch_013:868,validation
source_holdout,3,batch_013:871,validation
source_holdout,3,batch_013:877,validation
source_holdout,3,batch_013:887,validation
source_holdout,3,batch_013:892,validation
source_holdout,3,batch_013:895,validation
source_holdout,3,batch_013:906,validation
source_holdout,3,batch_013:908,validation
source_holdout,3,batch_013:915,validation
source_holdout,3,batch_013:917,validation
source_holdout,3,batch_013:925,validation
source_holdout,3,batch_013:929,validation
source_holdout,3,batch_013:932,validation
source_holdout,3,batch_013:943,validation
source_holdout,3,batch_013:947,validation
source_holdout,3,batch_013:953,validation
source_holdout,3,batch_013:960,validation
source_holdout,3,batch_013:965,validation
source_holdout,3,batch_013:968,validation
source_holdout,3,batch_013:982,validation
source_holdout,3,batch_013:999,validation
source_holdout,3,batch_014:5,validation
source_holdout,3,batch_014:7,validation
source_holdout,3,batch_014:17,validation
source_holdout,3,batch_014:29,validation
source_holdout,3,batch_014:33,validation
source_holdout,3,batch_014:37,validation
source_holdout,3,batch_014:42,validation
source_holdout,3,batch_014:45,validation
source_holdout,3,batch_014:54,validation
source_holdout,3,batch_014:65,validation
source_holdout,3,batch_014:76,validation
source_holdout,3,batch_014:79,validation
source_holdout,3,batch_014:88,validation
source_holdout,3,batch_014:106,validation
source_holdout,3,batch_014:114,validation
source_holdout,3,batch_014:117,validation
source_holdout,3,batch_014:121,validation
source_holdout,3,batch_014:125,validation
source_holdout,3,batch_014:130,validation
source_holdout,3,batch_014:140,validation
source_holdout,3,batch_014:155,validation
source_holdout,3,batch_014:162,validation
source_holdout,3,batch_014:167,validation
source_holdout,3,batch_014:170,validation
source_holdout,3,batch_014:179,validation
source_holdout,3,batch_014:181,validation
source_holdout,3,batch_014:182,validation
source_holdout,3,batch_014:183,validation
source_holdout,3,batch_014:187,validation
source_holdout,3,batch_014:191,validation
source_holdout,3,batch_014:192,validation
source_holdout,3,batch_014:195,validation
source_holdout,3,batch_014:198,validation
source_holdout,3,batch_014:199,validation
source_holdout,3,batch_014:209,validation
source_holdout,3,batch_014:212,validation
source_holdout,3,batch_014:218,validation
source_holdout,3,batch_014:220,validation
source_holdout,3,batch_014:224,validation
source_holdout,3,batch_014:238,validation
source_holdout,3,batch_014:239,validation
source_holdout,3,batch_014:240,validation
source_holdout,3,batch_014:251,validation
source_holdout,3,batch_014:263,validation
source_holdout,3,batch_014:267,validation
source_holdout,3,batch_014:278,validation
source_holdout,3,batch_014:283,validation
source_holdout,3,batch_014:288,validation
source_holdout,3,batch_014:303,validation
source_holdout,3,batch_014:309,validation
source_holdout,3,batch_014:311,validation
source_holdout,3,batch_014:313,validation
source_holdout,3,batch_014:315,validation
source_holdout,3,batch_014:327,validation
source_holdout,3,batch_014:330,validation
source_holdout,3,batch_014:346,validation
source_holdout,3,batch_014:348,validation
source_holdout,3,batch_014:356,validation
source_holdout,3,batch_014:362,validation
source_holdout,3,batch_014:371,validation
source_holdout,3,batch_014:376,validation
source_holdout,3,batch_014:384,validation
source_holdout,3,batch_014:390,validation
source_holdout,3,batch_014:396,validation
source_holdout,3,batch_014:399,validation
source_holdout,3,batch_014:403,validation
source_holdout,3,batch_014:411,validation
source_holdout,3,batch_014:413,validation
source_holdout,3,batch_014:419,validation
source_holdout,3,batch_014:423,validation
source_holdout,3,batch_014:433,validation
source_holdout,3,batch_014:438,validation
source_holdout,3,batch_014:442,validation
source_holdout,3,batch_014:450,validation
source_holdout,3,batch_014:460,validation
source_holdout,3,batch_014:464,validation
source_holdout,3,batch_014:467,validation
source_holdout,3,batch_014:472,validation
source_holdout,3,batch_014:473,validation
source_holdout,3,batch_014:486,validation
source_holdout,3,batch_014:494,validation
source_holdout,3,batch_014:497,validation
source_holdout,3,batch_014:504,validation
source_holdout,3,batch_014:509,validation
source_holdout,3,batch_014:511,validation
source_holdout,3,batch_014:512,validation
source_holdout,3,batch_014:524,validation
source_holdout,3,batch_014:525,validation
source_holdout,3,batch_014:526,validation
source_holdout,3,batch_014:531,validation
source_holdout,3,batch_014:544,validation
source_holdout,3,batch_014:545,validation
source_holdout,3,batch_014:548,validation
source_holdout,3,batch_014:549,validation
source_holdout,3,batch_014:550,validation
source_holdout,3,batch_014:557,validation
source_holdout,3,batch_014:559,validation
source_holdout,3,batch_014:566,validation
source_holdout,3,batch_014:569,validation
source_holdout,3,batch_014:572,validation
source_holdout,3,batch_014:577,validation
source_holdout,3,batch_014:578,validation
source_holdout,3,batch_014:582,validation
source_holdout,3,batch_014:593,validation
source_holdout,3,batch_014:596,validation
source_holdout,3,batch_014:603,validation
source_holdout,3,batch_014:606,validation
source_holdout,3,batch_014:618,validation
source_holdout,3,batch_014:631,validation
source_holdout,3,batch_014:637,validation
source_holdout,3,batch_014:654,validation
source_holdout,3,batch_014:655,validation
source_holdout,3,batch_014:660,validation
source_holdout,3,batch_014:666,validation
source_holdout,3,batch_014:667,validation
source_holdout,3,batch_014:671,validation
source_holdout,3,batch_014:674,validation
source_holdout,3,batch_014:677,validation
source_holdout,3,batch_014:678,validation
source_holdout,3,batch_014:679,validation
source_holdout,3,batch_014:687,validation
source_holdout,3,batch_014:692,validation
source_holdout,3,batch_014:703,validation
source_holdout,3,batch_014:704,validation
source_holdout,3,batch_014:710,validation
source_holdout,3,batch_014:716,validation
source_holdout,3,batch_014:718,validation
source_holdout,3,batch_014:728,validation
source_holdout,3,batch_014:733,validation
source_holdout,3,batch_014:736,validation
source_holdout,3,batch_014:740,validation
source_holdout,3,batch_014:764,validation
source_holdout,3,batch_014:766,validation
source_holdout,3,batch_014:767,validation
source_holdout,3,batch_014:769,validation
source_holdout,3,batch_014:790,validation
source_holdout,3,batch_014:794,validation
source_holdout,3,batch_014:810,validation
source_holdout,3,batch_014:815,validation
source_holdout,3,batch_014:816,validation
source_holdout,3,batch_014:818,validation
source_holdout,3,batch_014:822,validation
source_holdout,3,batch_014:830,validation
source_holdout,3,batch_014:835,validation
source_holdout,3,batch_014:836,validation
source_holdout,3,batch_014:844,validation
source_holdout,3,batch_014:845,validation
source_holdout,3,batch_014:851,validation
source_holdout,3,batch_014:854,validation
source_holdout,3,batch_014:873,validation
source_holdout,3,batch_014:876,validation
source_holdout,3,batch_014:879,validation
source_holdout,3,batch_014:880,validation
source_holdout,3,batch_014:881,validation
source_holdout,3,batch_014:886,validation
source_holdout,3,batch_014:888,validation
source_holdout,3,batch_014:891,validation
source_holdout,3,batch_014:901,validation
source_holdout,3,batch_014:904,validation
source_holdout,3,batch_014:934,validation
source_holdout,3,batch_014:936,validation
source_holdout,3,batch_014:944,validation
source_holdout,3,batch_014:958,validation
source_holdout,3,batch_014:961,validation
source_holdout,3,batch_014:965,validation
source_holdout,3,batch_014:970,validation
source_holdout,3,batch_014:982,validation
source_holdout,3,batch_014:989,validation
source_holdout,3,batch_014:991,validation
source_holdout,3,batch_015:3,validation
source_holdout,3,batch_015:6,validation
source_holdout,3,batch_015:11,validation
source_holdout,3,batch_015:14,validation
source_holdout,3,batch_015:20,validation
source_holdout,3,batch_015:23,validation
source_holdout,3,batch_015:25,validation
source_holdout,3,batch_015:32,validation
source_holdout,3,batch_015:40,validation
source_holdout,3,batch_015:41,validation
source_holdout,3,batch_015:45,validation
source_holdout,3,batch_015:58,validation
source_holdout,3,batch_015:59,validation
source_holdout,3,batch_015:65,validation
source_holdout,3,batch_015:67,validation
source_holdout,3,batch_015:74,validation
source_holdout,3,batch_015:87,validation
source_holdout,3,batch_015:95,validation
source_holdout,3,batch_015:99,validation
source_holdout,3,batch_015:104,validation
source_holdout,3,batch_015:113,validation
source_holdout,3,batch_015:115,validation
source_holdout,3,batch_015:120,validation
source_holdout,3,batch_015:121,validation
source_holdout,3,batch_015:122,validation
source_holdout,3,batch_015:128,validation
source_holdout,3,batch_015:132,validation
source_holdout,3,batch_015:155,validation
source_holdout,3,batch_015:162,validation
source_holdout,3,batch_015:165,validation
source_holdout,3,batch_015:167,validation
source_holdout,3,batch_015:169,validation
source_holdout,3,batch_015:172,validation
source_holdout,3,batch_015:177,validation
source_holdout,3,batch_015:179,validation
source_holdout,3,batch_015:188,validation
source_holdout,3,batch_015:190,validation
source_holdout,3,batch_015:191,validation
source_holdout,3,batch_015:206,validation
source_holdout,3,batch_015:210,validation
source_holdout,3,batch_015:222,validation
source_holdout,3,batch_015:223,validation
source_holdout,3,batch_015:230,validation
source_holdout,3,batch_015:234,validation
source_holdout,3,batch_015:238,validation
source_holdout,3,batch_015:254,validation
source_holdout,3,batch_015:262,validation
source_holdout,3,batch_015:263,validation
source_holdout,3,batch_015:265,validation
source_holdout,3,batch_015:272,validation
source_holdout,3,batch_015:276,validation
source_holdout,3,batch_015:280,validation
source_holdout,3,batch_015:284,validation
source_holdout,3,batch_015:293,validation
source_holdout,3,batch_015:301,validation
source_holdout,3,batch_015:313,validation
source_holdout,3,batch_015:314,validation
source_holdout,3,batch_015:328,validation
source_holdout,3,batch_015:352,validation
source_holdout,3,batch_015:356,validation
source_holdout,3,batch_015:365,validation
source_holdout,3,batch_015:369,validation
source_holdout,3,batch_015:371,validation
source_holdout,3,batch_015:373,validation
source_holdout,3,batch_015:375,validation
source_holdout,3,batch_015:389,validation
source_holdout,3,batch_015:391,validation
source_holdout,3,batch_015:413,validation
source_holdout,3,batch_015:420,validation
source_holdout,3,batch_015:422,validation
source_holdout,3,batch_015:435,validation
source_holdout,3,batch_015:443,validation
source_holdout,3,batch_015:452,validation
source_holdout,3,batch_015:456,validation
source_holdout,3,batch_015:469,validation
source_holdout,3,batch_015:471,validation
source_holdout,3,batch_015:474,validation
source_holdout,3,batch_015:479,validation
source_holdout,3,batch_015:500,validation
source_holdout,3,batch_015:501,validation
source_holdout,3,batch_015:508,validation
source_holdout,3,batch_015:513,validation
source_holdout,3,batch_015:519,validation
source_holdout,3,batch_015:528,validation
source_holdout,3,batch_015:532,validation
source_holdout,3,batch_015:541,validation
source_holdout,3,batch_015:543,validation
source_holdout,3,batch_015:550,validation
source_holdout,3,batch_015:559,validation
source_holdout,3,batch_015:562,validation
source_holdout,3,batch_015:564,validation
source_holdout,3,batch_015:572,validation
source_holdout,3,batch_015:580,validation
source_holdout,3,batch_015:590,validation
source_holdout,3,batch_015:592,validation
source_holdout,3,batch_015:597,validation
source_holdout,3,batch_015:603,validation
source_holdout,3,batch_015:606,validation
source_holdout,3,batch_015:608,validation
source_holdout,3,batch_015:611,validation
source_holdout,3,batch_015:612,validation
source_holdout,3,batch_015:619,validation
source_holdout,3,batch_015:626,validation
source_holdout,3,batch_015:632,validation
source_holdout,3,batch_015:638,validation
source_holdout,3,batch_015:642,validation
source_holdout,3,batch_015:644,validation
source_holdout,3,batch_015:645,validation
source_holdout,3,batch_015:648,validation
source_holdout,3,batch_015:651,validation
source_holdout,3,batch_015:652,validation
source_holdout,3,batch_015:659,validation
source_holdout,3,batch_015:662,validation
source_holdout,3,batch_015:665,validation
source_holdout,3,batch_015:684,validation
source_holdout,3,batch_015:685,validation
source_holdout,3,batch_015:692,validation
source_holdout,3,batch_015:696,validation
source_holdout,3,batch_015:724,validation
source_holdout,3,batch_015:728,validation
source_holdout,3,batch_015:736,validation
source_holdout,3,batch_015:738,validation
source_holdout,3,batch_015:745,validation
source_holdout,3,batch_015:749,validation
source_holdout,3,batch_015:755,validation
source_holdout,3,batch_015:763,validation
source_holdout,3,batch_015:766,validation
source_holdout,3,batch_015:772,validation
source_holdout,3,batch_015:781,validation
source_holdout,3,batch_015:783,validation
source_holdout,3,batch_015:789,validation
source_holdout,3,batch_015:797,validation
source_holdout,3,batch_015:799,validation
source_holdout,3,batch_015:805,validation
source_holdout,3,batch_015:809,validation
source_holdout,3,batch_015:816,validation
source_holdout,3,batch_015:817,validation
source_holdout,3,batch_015:827,validation
source_holdout,3,batch_015:830,validation
source_holdout,3,batch_015:840,validation
source_holdout,3,batch_015:847,validation
source_holdout,3,batch_015:854,validation
source_holdout,3,batch_015:859,validation
source_holdout,3,batch_015:875,validation
source_holdout,3,batch_015:884,validation
source_holdout,3,batch_015:886,validation
source_holdout,3,batch_015:898,validation
source_holdout,3,batch_015:907,validation
source_holdout,3,batch_015:918,validation
source_holdout,3,batch_015:930,validation
source_holdout,3,batch_015:931,validation
source_holdout,3,batch_015:945,validation
source_holdout,3,batch_015:954,validation
source_holdout,3,batch_015:955,validation
source_holdout,3,batch_015:959,validation
source_holdout,3,batch_015:965,validation
source_holdout,3,batch_015:989,validation
source_holdout,3,batch_016:4,validation
source_holdout,3,batch_016:8,validation
source_holdout,3,batch_016:9,validation
source_holdout,3,batch_016:13,validation
source_holdout,3,batch_016:17,validation
source_holdout,3,batch_016:25,validation
source_holdout,3,batch_016:27,validation
source_holdout,3,batch_016:30,validation
source_holdout,3,batch_016:31,validation
source_holdout,3,batch_016:36,validation
source_holdout,3,batch_016:40,validation
source_holdout,3,batch_016:46,validation
source_holdout,3,batch_016:47,validation
source_holdout,3,batch_016:56,validation
source_holdout,3,batch_016:57,validation
source_holdout,3,batch_016:64,validation
source_holdout,3,batch_016:69,validation
source_holdout,3,batch_016:85,validation
source_holdout,3,batch_016:88,validation
source_holdout,3,batch_016:89,validation
source_holdout,3,batch_016:93,validation
source_holdout,3,batch_016:95,validation
source_holdout,3,batch_016:96,validation
source_holdout,3,batch_016:97,validation
source_holdout,3,batch_016:101,validation
source_holdout,3,batch_016:117,validation
source_holdout,3,batch_016:121,validation
source_holdout,3,batch_016:132,validation
source_holdout,3,batch_016:137,validation
source_holdout,3,batch_016:142,validation
source_holdout,3,batch_016:148,validation
source_holdout,3,batch_016:152,validation
source_holdout,3,batch_016:157,validation
source_holdout,3,batch_016:160,validation
source_holdout,3,batch_016:174,validation
source_holdout,3,batch_016:182,validation
source_holdout,3,batch_016:184,validation
source_holdout,3,batch_016:185,validation
source_holdout,3,batch_016:186,validation
source_holdout,3,batch_016:187,validation
source_holdout,3,batch_016:188,validation
source_holdout,3,batch_016:190,validation
source_holdout,3,batch_016:220,validation
source_holdout,3,batch_016:225,validation
source_holdout,3,batch_016:237,validation
source_holdout,3,batch_016:239,validation
source_holdout,3,batch_016:240,validation
source_holdout,3,batch_016:241,validation
source_holdout,3,batch_016:242,validation
source_holdout,3,batch_016:245,validation
source_holdout,3,batch_016:249,validation
source_holdout,3,batch_016:253,validation
source_holdout,3,batch_016:259,validation
source_holdout,3,batch_016:262,validation
source_holdout,3,batch_016:265,validation
source_holdout,3,batch_016:275,validation
source_holdout,3,batch_016:278,validation
source_holdout,3,batch_016:280,validation
source_holdout,3,batch_016:283,validation
source_holdout,3,batch_016:288,validation
source_holdout,3,batch_016:289,validation
source_holdout,3,batch_016:293,validation
source_holdout,3,batch_016:295,validation
source_holdout,3,batch_016:296,validation
source_holdout,3,batch_016:299,validation
source_holdout,3,batch_016:317,validation
source_holdout,3,batch_016:334,validation
source_holdout,3,batch_016:342,validation
source_holdout,3,batch_016:343,validation
source_holdout,3,batch_016:344,validation
source_holdout,3,batch_016:361,validation
source_holdout,3,batch_016:364,validation
source_holdout,3,batch_016:365,validation
source_holdout,3,batch_016:384,validation
source_holdout,3,batch_016:396,validation
source_holdout,3,batch_016:402,validation
source_holdout,3,batch_016:404,validation
source_holdout,3,batch_016:408,validation
source_holdout,3,batch_016:437,validation
source_holdout,3,batch_016:439,validation
source_holdout,3,batch_016:442,validation
source_holdout,3,batch_016:448,validation
source_holdout,3,batch_016:467,validation
source_holdout,3,batch_016:474,validation
source_holdout,3,batch_016:502,validation
source_holdout,3,batch_016:523,validation
source_holdout,3,batch_016:524,validation
source_holdout,3,batch_016:532,validation
source_holdout,3,batch_016:533,validation
source_holdout,3,batch_016:534,validation
source_holdout,3,batch_016:535,validation
source_holdout,3,batch_016:541,validation
source_holdout,3,batch_016:543,validation
source_holdout,3,batch_016:557,validation
source_holdout,3,batch_016:562,validation
source_holdout,3,batch_016:566,validation
source_holdout,3,batch_016:572,validation
source_holdout,3,batch_016:573,validation
source_holdout,3,batch_016:578,validation
source_holdout,3,batch_016:593,validation
source_holdout,3,batch_016:611,validation
source_holdout,3,batch_016:617,validation
source_holdout,3,batch_016:627,validation
source_holdout,3,batch_016:637,validation
source_holdout,3,batch_016:638,validation
source_holdout,3,batch_016:639,validation
source_holdout,3,batch_016:641,validation
source_holdout,3,batch_016:655,validation
source_holdout,3,batch_016:662,validation
source_holdout,3,batch_016:667,validation
source_holdout,3,batch_016:668,validation
source_holdout,3,batch_016:670,validation
source_holdout,3,batch_016:680,validation
source_holdout,3,batch_016:692,validation
source_holdout,3,batch_016:697,validation
source_holdout,3,batch_016:700,validation
source_holdout,3,batch_016:701,validation
source_holdout,3,batch_016:706,validation
source_holdout,3,batch_016:719,validation
source_holdout,3,batch_016:723,validation
source_holdout,3,batch_016:730,validation
source_holdout,3,batch_016:734,validation
source_holdout,3,batch_016:740,validation
source_holdout,3,batch_016:746,validation
source_holdout,3,batch_016:754,validation
source_holdout,3,batch_016:766,validation
source_holdout,3,batch_016:772,validation
source_holdout,3,batch_016:776,validation
source_holdout,3,batch_016:778,validation
source_holdout,3,batch_016:779,validation
source_holdout,3,batch_016:785,validation
source_holdout,3,batch_016:788,validation
source_holdout,3,batch_016:790,validation
source_holdout,3,batch_016:810,validation
source_holdout,3,batch_016:822,validation
source_holdout,3,batch_016:824,validation
source_holdout,3,batch_016:828,validation
source_holdout,3,batch_016:832,validation
source_holdout,3,batch_016:840,validation
source_holdout,3,batch_016:846,validation
source_holdout,3,batch_016:859,validation
source_holdout,3,batch_016:863,validation
source_holdout,3,batch_016:866,validation
source_holdout,3,batch_016:870,validation
source_holdout,3,batch_016:873,validation
source_holdout,3,batch_016:877,validation
source_holdout,3,batch_016:886,validation
source_holdout,3,batch_016:888,validation
source_holdout,3,batch_016:898,validation
source_holdout,3,batch_016:899,validation
source_holdout,3,batch_016:904,validation
source_holdout,3,batch_016:912,validation
source_holdout,3,batch_016:913,validation
source_holdout,3,batch_016:920,validation
source_holdout,3,batch_016:926,validation
source_holdout,3,batch_016:932,validation
source_holdout,3,batch_016:934,validation
source_holdout,3,batch_016:935,validation
source_holdout,3,batch_016:938,validation
source_holdout,3,batch_016:939,validation
source_holdout,3,batch_016:948,validation
source_holdout,3,batch_016:949,validation
source_holdout,3,batch_016:956,validation
source_holdout,3,batch_016:959,validation
source_holdout,3,batch_016:963,validation
source_holdout,3,batch_016:987,validation
source_holdout,3,batch_016:993,validation
source_holdout,3,batch_017:7,validation
source_holdout,3,batch_017:20,validation
source_holdout,3,batch_017:24,validation
source_holdout,3,batch_017:33,validation
source_holdout,3,batch_017:35,validation
source_holdout,3,batch_017:36,validation
source_holdout,3,batch_017:44,validation
source_holdout,3,batch_017:49,validation
source_holdout,3,batch_017:51,validation
source_holdout,3,batch_017:53,validation
source_holdout,3,batch_017:56,validation
source_holdout,3,batch_017:65,validation
source_holdout,3,batch_017:75,validation
source_holdout,3,batch_017:89,validation
source_holdout,3,batch_017:110,validation
source_holdout,3,batch_017:114,validation
source_holdout,3,batch_017:115,validation
source_holdout,3,batch_017:116,validation
source_holdout,3,batch_017:135,validation
source_holdout,3,batch_017:142,validation
source_holdout,3,batch_017:160,validation
source_holdout,3,batch_017:165,validation
source_holdout,3,batch_017:168,validation
source_holdout,3,batch_017:173,validation
source_holdout,3,batch_017:177,validation
source_holdout,3,batch_017:189,validation
source_holdout,3,batch_017:195,validation
source_holdout,3,batch_017:196,validation
source_holdout,3,batch_017:197,validation
source_holdout,3,batch_017:199,validation
source_holdout,3,batch_017:208,validation
source_holdout,3,batch_017:220,validation
source_holdout,3,batch_017:222,validation
source_holdout,3,batch_017:223,validation
source_holdout,3,batch_017:226,validation
source_holdout,3,batch_017:229,validation
source_holdout,3,batch_017:234,validation
source_holdout,3,batch_017:238,validation
source_holdout,3,batch_017:244,validation
source_holdout,3,batch_017:270,validation
source_holdout,3,batch_017:273,validation
source_holdout,3,batch_017:281,validation
source_holdout,3,batch_017:282,validation
source_holdout,3,batch_017:311,validation
source_holdout,3,batch_017:316,validation
source_holdout,3,batch_017:318,validation
source_holdout,3,batch_017:319,validation
source_holdout,3,batch_017:321,validation
source_holdout,3,batch_017:329,validation
source_holdout,3,batch_017:334,validation
source_holdout,3,batch_017:338,validation
source_holdout,3,batch_017:339,validation
source_holdout,3,batch_017:345,validation
source_holdout,3,batch_017:353,validation
source_holdout,3,batch_017:364,validation
source_holdout,3,batch_017:369,validation
source_holdout,3,batch_017:378,validation
source_holdout,3,batch_017:379,validation
source_holdout,3,batch_017:387,validation
source_holdout,3,batch_017:397,validation
source_holdout,3,batch_017:399,validation
source_holdout,3,batch_017:401,validation
source_holdout,3,batch_017:408,validation
source_holdout,3,batch_017:417,validation
source_holdout,3,batch_017:419,validation
source_holdout,3,batch_017:421,validation
source_holdout,3,batch_017:427,validation
source_holdout,3,batch_017:433,validation
source_holdout,3,batch_017:438,validation
source_holdout,3,batch_017:448,validation
source_holdout,3,batch_017:450,validation
source_holdout,3,batch_017:463,validation
source_holdout,3,batch_017:472,validation
source_holdout,3,batch_017:477,validation
source_holdout,3,batch_017:479,validation
source_holdout,3,batch_017:490,validation
source_holdout,3,batch_017:492,validation
source_holdout,3,batch_017:505,validation
source_holdout,3,batch_017:508,validation
source_holdout,3,batch_017:513,validation
source_holdout,3,batch_017:516,validation
source_holdout,3,batch_017:529,validation
source_holdout,3,batch_017:535,validation
source_holdout,3,batch_017:538,validation
source_holdout,3,batch_017:550,validation
source_holdout,3,batch_017:556,validation
source_holdout,3,batch_017:558,validation
source_holdout,3,batch_017:568,validation
source_holdout,3,batch_017:574,validation
source_holdout,3,batch_017:580,validation
source_holdout,3,batch_017:585,validation
source_holdout,3,batch_017:600,validation
source_holdout,3,batch_017:603,validation
source_holdout,3,batch_017:607,validation
source_holdout,3,batch_017:628,validation
source_holdout,3,batch_017:636,validation
source_holdout,3,batch_017:641,validation
source_holdout,3,batch_017:642,validation
source_holdout,3,batch_017:643,validation
source_holdout,3,batch_017:644,validation
source_holdout,3,batch_017:646,validation
source_holdout,3,batch_017:649,validation
source_holdout,3,batch_017:653,validation
source_holdout,3,batch_017:670,validation
source_holdout,3,batch_017:672,validation
source_holdout,3,batch_017:675,validation
source_holdout,3,batch_017:676,validation
source_holdout,3,batch_017:679,validation
source_holdout,3,batch_017:680,validation
source_holdout,3,batch_017:681,validation
source_holdout,3,batch_017:682,validation
source_holdout,3,batch_017:689,validation
source_holdout,3,batch_017:699,validation
source_holdout,3,batch_017:704,validation
source_holdout,3,batch_017:706,validation
source_holdout,3,batch_017:707,validation
source_holdout,3,batch_017:714,validation
source_holdout,3,batch_017:717,validation
source_holdout,3,batch_017:724,validation
source_holdout,3,batch_017:725,validation
source_holdout,3,batch_017:728,validation
source_holdout,3,batch_017:735,validation
source_holdout,3,batch_017:742,validation
source_holdout,3,batch_017:749,validation
source_holdout,3,batch_017:751,validation
source_holdout,3,batch_017:755,validation
source_holdout,3,batch_017:762,validation
source_holdout,3,batch_017:765,validation
source_holdout,3,batch_017:767,validation
source_holdout,3,batch_017:768,validation
source_holdout,3,batch_017:770,validation
source_holdout,3,batch_017:773,validation
source_holdout,3,batch_017:790,validation
source_holdout,3,batch_017:792,validation
source_holdout,3,batch_017:794,validation
source_holdout,3,batch_017:795,validation
source_holdout,3,batch_017:798,validation
source_holdout,3,batch_017:804,validation
source_holdout,3,batch_017:806,validation
source_holdout,3,batch_017:810,validation
source_holdout,3,batch_017:813,validation
source_holdout,3,batch_017:820,validation
source_holdout,3,batch_017:824,validation
source_holdout,3,batch_017:825,validation
source_holdout,3,batch_017:829,validation
source_holdout,3,batch_017:837,validation
source_holdout,3,batch_017:861,validation
source_holdout,3,batch_017:867,validation
source_holdout,3,batch_017:874,validation
source_holdout,3,batch_017:877,validation
source_holdout,3,batch_017:881,validation
source_holdout,3,batch_017:885,validation
source_holdout,3,batch_017:887,validation
source_holdout,3,batch_017:906,validation
source_holdout,3,batch_017:907,validation
source_holdout,3,batch_017:909,validation
source_holdout,3,batch_017:914,validation
source_holdout,3,batch_017:922,validation
source_holdout,3,batch_017:923,validation
source_holdout,3,batch_017:925,validation
source_holdout,3,batch_017:926,validation
source_holdout,3,batch_017:941,validation
source_holdout,3,batch_017:955,validation
source_holdout,3,batch_017:974,validation
source_holdout,3,batch_017:976,validation
source_holdout,3,batch_017:978,validation
source_holdout,3,batch_017:982,validation
source_holdout,3,batch_017:987,validation
source_holdout,3,batch_017:989,validation
source_holdout,3,batch_017:991,validation
source_holdout,3,batch_017:995,validation
source_holdout,3,batch_018:1,validation
source_holdout,3,batch_018:3,validation
source_holdout,3,batch_018:5,validation
source_holdout,3,batch_018:10,validation
source_holdout,3,batch_018:15,validation
source_holdout,3,batch_018:16,validation
source_holdout,3,batch_018:19,validation
source_holdout,3,batch_018:22,validation
source_holdout,3,batch_018:26,validation
source_holdout,3,batch_018:39,validation
source_holdout,3,batch_018:56,validation
source_holdout,3,batch_018:65,validation
source_holdout,3,batch_018:72,validation
source_holdout,3,batch_018:76,validation
source_holdout,3,batch_018:79,validation
source_holdout,3,batch_018:90,validation
source_holdout,3,batch_018:94,validation
source_holdout,3,batch_018:104,validation
source_holdout,3,batch_018:105,validation
source_holdout,3,batch_018:107,validation
source_holdout,3,batch_018:110,validation
source_holdout,3,batch_018:123,validation
source_holdout,3,batch_018:128,validation
source_holdout,3,batch_018:136,validation
source_holdout,3,batch_018:138,validation
source_holdout,3,batch_018:140,validation
source_holdout,3,batch_018:147,validation
source_holdout,3,batch_018:160,validation
source_holdout,3,batch_018:175,validation
source_holdout,3,batch_018:187,validation
source_holdout,3,batch_018:188,validation
source_holdout,3,batch_018:193,validation
source_holdout,3,batch_018:195,validation
source_holdout,3,batch_018:204,validation
source_holdout,3,batch_018:212,validation
source_holdout,3,batch_018:227,validation
source_holdout,3,batch_018:232,validation
source_holdout,3,batch_018:250,validation
source_holdout,3,batch_018:257,validation
source_holdout,3,batch_018:268,validation
source_holdout,3,batch_018:270,validation
source_holdout,3,batch_018:273,validation
source_holdout,3,batch_018:290,validation
source_holdout,3,batch_018:296,validation
source_holdout,3,batch_018:310,validation
source_holdout,3,batch_018:316,validation
source_holdout,3,batch_018:319,validation
source_holdout,3,batch_018:332,validation
source_holdout,3,batch_018:338,validation
source_holdout,3,batch_018:340,validation
source_holdout,3,batch_018:343,validation
source_holdout,3,batch_018:344,validation
source_holdout,3,batch_018:350,validation
source_holdout,3,batch_018:358,validation
source_holdout,3,batch_018:371,validation
source_holdout,3,batch_018:374,validation
source_holdout,3,batch_018:375,validation
source_holdout,3,batch_018:390,validation
source_holdout,3,batch_018:391,validation
source_holdout,3,batch_018:399,validation
source_holdout,3,batch_018:400,validation
source_holdout,3,batch_018:404,validation
source_holdout,3,batch_018:409,validation
source_holdout,3,batch_018:414,validation
source_holdout,3,batch_018:415,validation
source_holdout,3,batch_018:423,validation
source_holdout,3,batch_018:424,validation
source_holdout,3,batch_018:428,validation
source_holdout,3,batch_018:430,validation
source_holdout,3,batch_018:433,validation
source_holdout,3,batch_018:466,validation
source_holdout,3,batch_018:474,validation
source_holdout,3,batch_018:489,validation
source_holdout,3,batch_018:501,validation
source_holdout,3,batch_018:504,validation
source_holdout,3,batch_018:505,validation
source_holdout,3,batch_018:506,validation
source_holdout,3,batch_018:507,validation
source_holdout,3,batch_018:508,validation
source_holdout,3,batch_018:509,validation
source_holdout,3,batch_018:514,validation
source_holdout,3,batch_018:518,validation
source_holdout,3,batch_018:519,validation
source_holdout,3,batch_018:539,validation
source_holdout,3,batch_018:540,validation
source_holdout,3,batch_018:546,validation
source_holdout,3,batch_018:548,validation
source_holdout,3,batch_018:551,validation
source_holdout,3,batch_018:554,validation
source_holdout,3,batch_018:559,validation
source_holdout,3,batch_018:570,validation
source_holdout,3,batch_018:574,validation
source_holdout,3,batch_018:584,validation
source_holdout,3,batch_018:592,validation
source_holdout,3,batch_018:599,validation
source_holdout,3,batch_018:600,validation
source_holdout,3,batch_018:614,validation
source_holdout,3,batch_018:617,validation
source_holdout,3,batch_018:620,validation
source_holdout,3,batch_018:631,validation
source_holdout,3,batch_018:634,validation
source_holdout,3,batch_018:635,validation
source_holdout,3,batch_018:642,validation
source_holdout,3,batch_018:644,validation
source_holdout,3,batch_018:655,validation
source_holdout,3,batch_018:669,validation
source_holdout,3,batch_018:683,validation
source_holdout,3,batch_018:685,validation
source_holdout,3,batch_018:700,validation
source_holdout,3,batch_018:711,validation
source_holdout,3,batch_018:713,validation
source_holdout,3,batch_018:724,validation
source_holdout,3,batch_018:732,validation
source_holdout,3,batch_018:742,validation
source_holdout,3,batch_018:744,validation
source_holdout,3,batch_018:752,validation
source_holdout,3,batch_018:753,validation
source_holdout,3,batch_018:755,validation
source_holdout,3,batch_018:759,validation
source_holdout,3,batch_018:760,validation
source_holdout,3,batch_018:770,validation
source_holdout,3,batch_018:776,validation
source_holdout,3,batch_018:779,validation
source_holdout,3,batch_018:782,validation
source_holdout,3,batch_018:786,validation
source_holdout,3,batch_018:790,validation
source_holdout,3,batch_018:803,validation
source_holdout,3,batch_018:808,validation
source_holdout,3,batch_018:810,validation
source_holdout,3,batch_018:814,validation
source_holdout,3,batch_018:818,validation
source_holdout,3,batch_018:835,validation
source_holdout,3,batch_018:852,validation
source_holdout,3,batch_018:860,validation
source_holdout,3,batch_018:879,validation
source_holdout,3,batch_018:880,validation
source_holdout,3,batch_018:891,validation
source_holdout,3,batch_018:919,validation
source_holdout,3,batch_018:927,validation
source_holdout,3,batch_018:932,validation
source_holdout,3,batch_018:933,validation
source_holdout,3,batch_018:944,validation
source_holdout,3,batch_018:974,validation
source_holdout,3,batch_018:976,validation
source_holdout,3,batch_018:983,validation
source_holdout,3,batch_018:987,validation
source_holdout,3,batch_018:989,validation
source_holdout,3,batch_018:990,validation
source_holdout,3,batch_018:997,validation
source_holdout,3,batch_018:998,validation
source_holdout,3,batch_019:1,validation
source_holdout,3,batch_019:5,validation
source_holdout,3,batch_019:8,validation
source_holdout,3,batch_019:11,validation
source_holdout,3,batch_019:15,validation
source_holdout,3,batch_019:21,validation
source_holdout,3,batch_019:32,validation
source_holdout,3,batch_019:37,validation
source_holdout,3,batch_019:41,validation
source_holdout,3,batch_019:45,validation
source_holdout,3,batch_019:51,validation
source_holdout,3,batch_019:56,validation
source_holdout,3,batch_019:58,validation
source_holdout,3,batch_019:62,validation
source_holdout,3,batch_019:67,validation
source_holdout,3,batch_019:76,validation
source_holdout,3,batch_019:77,validation
source_holdout,3,batch_019:79,validation
source_holdout,3,batch_019:84,validation
source_holdout,3,batch_019:95,validation
source_holdout,3,batch_019:97,validation
source_holdout,3,batch_019:107,validation
source_holdout,3,batch_019:111,validation
source_holdout,3,batch_019:114,validation
source_holdout,3,batch_019:119,validation
source_holdout,3,batch_019:120,validation
source_holdout,3,batch_019:122,validation
source_holdout,3,batch_019:132,validation
source_holdout,3,batch_019:136,validation
source_holdout,3,batch_019:142,validation
source_holdout,3,batch_019:147,validation
source_holdout,3,batch_019:182,validation
source_holdout,3,batch_019:186,validation
source_holdout,3,batch_019:198,validation
source_holdout,3,batch_019:199,validation
source_holdout,3,batch_019:201,validation
source_holdout,3,batch_019:210,validation
source_holdout,3,batch_019:211,validation
source_holdout,3,batch_019:224,validation
source_holdout,3,batch_019:228,validation
source_holdout,3,batch_019:235,validation
source_holdout,3,batch_019:236,validation
source_holdout,3,batch_019:238,validation
source_holdout,3,batch_019:242,validation
source_holdout,3,batch_019:251,validation
source_holdout,3,batch_019:253,validation
source_holdout,3,batch_019:254,validation
source_holdout,3,batch_019:257,validation
source_holdout,3,batch_019:258,validation
source_holdout,3,batch_019:286,validation
source_holdout,3,batch_019:290,validation
source_holdout,3,batch_019:291,validation
source_holdout,3,batch_019:292,validation
source_holdout,3,batch_019:305,validation
source_holdout,3,batch_019:306,validation
source_holdout,3,batch_019:312,validation
source_holdout,3,batch_019:328,validation
source_holdout,3,batch_019:337,validation
source_holdout,3,batch_019:340,validation
source_holdout,3,batch_019:341,validation
source_holdout,3,batch_019:342,validation
source_holdout,3,batch_019:345,validation
source_holdout,3,batch_019:351,validation
source_holdout,3,batch_019:354,validation
source_holdout,3,batch_019:355,validation
source_holdout,3,batch_019:356,validation
source_holdout,3,batch_019:359,validation
source_holdout,3,batch_019:362,validation
source_holdout,3,batch_019:364,validation
source_holdout,3,batch_019:369,validation
source_holdout,3,batch_019:383,validation
source_holdout,3,batch_019:389,validation
source_holdout,3,batch_019:395,validation
source_holdout,3,batch_019:399,validation
source_holdout,3,batch_019:408,validation
source_holdout,3,batch_019:412,validation
source_holdout,3,batch_019:419,validation
source_holdout,3,batch_019:423,validation
source_holdout,3,batch_019:425,validation
source_holdout,3,batch_019:429,validation
source_holdout,3,batch_019:436,validation
source_holdout,3,batch_019:439,validation
source_holdout,3,batch_019:440,validation
source_holdout,3,batch_019:448,validation
source_holdout,3,batch_019:465,validation
source_holdout,3,batch_019:466,validation
source_holdout,3,batch_019:479,validation
source_holdout,3,batch_019:480,validation
source_holdout,3,batch_019:500,validation
source_holdout,3,batch_019:501,validation
source_holdout,3,batch_019:503,validation
source_holdout,3,batch_019:506,validation
source_holdout,3,batch_019:509,validation
source_holdout,3,batch_019:517,validation
source_holdout,3,batch_019:518,validation
source_holdout,3,batch_019:529,validation
source_holdout,3,batch_019:530,validation
source_holdout,3,batch_019:532,validation
source_holdout,3,batch_019:537,validation
source_holdout,3,batch_019:538,validation
source_holdout,3,batch_019:542,validation
source_holdout,3,batch_019:548,validation
source_holdout,3,batch_019:550,validation
source_holdout,3,batch_019:556,validation
source_holdout,3,batch_019:565,validation
source_holdout,3,batch_019:567,validation
source_holdout,3,batch_019:577,validation
source_holdout,3,batch_019:581,validation
source_holdout,3,batch_019:588,validation
source_holdout,3,batch_019:600,validation
source_holdout,3,batch_019:603,validation
source_holdout,3,batch_019:610,validation
source_holdout,3,batch_019:618,validation
source_holdout,3,batch_019:630,validation
source_holdout,3,batch_019:631,validation
source_holdout,3,batch_019:638,validation
source_holdout,3,batch_019:660,validation
source_holdout,3,batch_019:661,validation
source_holdout,3,batch_019:672,validation
source_holdout,3,batch_019:681,validation
source_holdout,3,batch_019:684,validation
source_holdout,3,batch_019:691,validation
source_holdout,3,batch_019:694,validation
source_holdout,3,batch_019:715,validation
source_holdout,3,batch_019:722,validation
source_holdout,3,batch_019:727,validation
source_holdout,3,batch_019:734,validation
source_holdout,3,batch_019:739,validation
source_holdout,3,batch_019:747,validation
source_holdout,3,batch_019:751,validation
source_holdout,3,batch_019:757,validation
source_holdout,3,batch_019:758,validation
source_holdout,3,batch_019:762,validation
source_holdout,3,batch_019:764,validation
source_holdout,3,batch_019:773,validation
source_holdout,3,batch_019:774,validation
source_holdout,3,batch_019:777,validation
source_holdout,3,batch_019:787,validation
source_holdout,3,batch_019:789,validation
source_holdout,3,batch_019:795,validation
source_holdout,3,batch_019:800,validation
source_holdout,3,batch_019:806,validation
source_holdout,3,batch_019:818,validation
source_holdout,3,batch_019:826,validation
source_holdout,3,batch_019:838,validation
source_holdout,3,batch_019:840,validation
source_holdout,3,batch_019:845,validation
source_holdout,3,batch_019:850,validation
source_holdout,3,batch_019:863,validation
source_holdout,3,batch_019:864,validation
source_holdout,3,batch_019:865,validation
source_holdout,3,batch_019:871,validation
source_holdout,3,batch_019:874,validation
source_holdout,3,batch_019:882,validation
source_holdout,3,batch_019:888,validation
source_holdout,3,batch_019:890,validation
source_holdout,3,batch_019:900,validation
source_holdout,3,batch_019:907,validation
source_holdout,3,batch_019:911,validation
source_holdout,3,batch_019:912,validation
source_holdout,3,batch_019:913,validation
source_holdout,3,batch_019:921,validation
source_holdout,3,batch_019:925,validation
source_holdout,3,batch_019:935,validation
source_holdout,3,batch_019:936,validation
source_holdout,3,batch_019:941,validation
source_holdout,3,batch_019:959,validation
source_holdout,3,batch_019:961,validation
source_holdout,3,batch_019:962,validation
source_holdout,3,batch_019:978,validation
source_holdout,4,batch_013:32,validation
source_holdout,4,batch_013:43,validation
source_holdout,4,batch_013:48,validation
source_holdout,4,batch_013:51,validation
source_holdout,4,batch_013:54,validation
source_holdout,4,batch_013:55,validation
source_holdout,4,batch_013:57,validation
source_holdout,4,batch_013:59,validation
source_holdout,4,batch_013:62,validation
source_holdout,4,batch_013:66,validation
source_holdout,4,batch_013:71,validation
source_holdout,4,batch_013:76,validation
source_holdout,4,batch_013:82,validation
source_holdout,4,batch_013:93,validation
source_holdout,4,batch_013:98,validation
source_holdout,4,batch_013:99,validation
source_holdout,4,batch_013:100,validation
source_holdout,4,batch_013:105,validation
source_holdout,4,batch_013:106,validation
source_holdout,4,batch_013:116,validation
source_holdout,4,batch_013:118,validation
source_holdout,4,batch_013:122,validation
source_holdout,4,batch_013:126,validation
source_holdout,4,batch_013:130,validation
source_holdout,4,batch_013:131,validation
source_holdout,4,batch_013:141,validation
source_holdout,4,batch_013:160,validation
source_holdout,4,batch_013:163,validation
source_holdout,4,batch_013:165,validation
source_holdout,4,batch_013:166,validation
source_holdout,4,batch_013:168,validation
source_holdout,4,batch_013:169,validation
source_holdout,4,batch_013:173,validation
source_holdout,4,batch_013:180,validation
source_holdout,4,batch_013:186,validation
source_holdout,4,batch_013:187,validation
source_holdout,4,batch_013:196,validation
source_holdout,4,batch_013:202,validation
source_holdout,4,batch_013:204,validation
source_holdout,4,batch_013:215,validation
source_holdout,4,batch_013:216,validation
source_holdout,4,batch_013:217,validation
source_holdout,4,batch_013:227,validation
source_holdout,4,batch_013:234,validation
source_holdout,4,batch_013:246,validation
source_holdout,4,batch_013:253,validation
source_holdout,4,batch_013:256,validation
source_holdout,4,batch_013:283,validation
source_holdout,4,batch_013:284,validation
source_holdout,4,batch_013:298,validation
source_holdout,4,batch_013:304,validation
source_holdout,4,batch_013:312,validation
source_holdout,4,batch_013:316,validation
source_holdout,4,batch_013:317,validation
source_holdout,4,batch_013:318,validation
source_holdout,4,batch_013:322,validation
source_holdout,4,batch_013:323,validation
source_holdout,4,batch_013:325,validation
source_holdout,4,batch_013:329,validation
source_holdout,4,batch_013:334,validation
source_holdout,4,batch_013:338,validation
source_holdout,4,batch_013:351,validation
source_holdout,4,batch_013:352,validation
source_holdout,4,batch_013:361,validation
source_holdout,4,batch_013:364,validation
source_holdout,4,batch_013:366,validation
source_holdout,4,batch_013:367,validation
source_holdout,4,batch_013:376,validation
source_holdout,4,batch_013:385,validation
source_holdout,4,batch_013:392,validation
source_holdout,4,batch_013:402,validation
source_holdout,4,batch_013:403,validation
source_holdout,4,batch_013:405,validation
source_holdout,4,batch_013:406,validation
source_holdout,4,batch_013:407,validation
source_holdout,4,batch_013:414,validation
source_holdout,4,batch_013:417,validation
source_holdout,4,batch_013:427,validation
source_holdout,4,batch_013:430,validation
source_holdout,4,batch_013:437,validation
source_holdout,4,batch_013:441,validation
source_holdout,4,batch_013:448,validation
source_holdout,4,batch_013:452,validation
source_holdout,4,batch_013:457,validation
source_holdout,4,batch_013:465,validation
source_holdout,4,batch_013:467,validation
source_holdout,4,batch_013:472,validation
source_holdout,4,batch_013:478,validation
source_holdout,4,batch_013:482,validation
source_holdout,4,batch_013:483,validation
source_holdout,4,batch_013:484,validation
source_holdout,4,batch_013:485,validation
source_holdout,4,batch_013:488,validation
source_holdout,4,batch_013:500,validation
source_holdout,4,batch_013:502,validation
source_holdout,4,batch_013:505,validation
source_holdout,4,batch_013:518,validation
source_holdout,4,batch_013:523,validation
source_holdout,4,batch_013:543,validation
source_holdout,4,batch_013:546,validation
source_holdout,4,batch_013:553,validation
source_holdout,4,batch_013:555,validation
source_holdout,4,batch_013:559,validation
source_holdout,4,batch_013:560,validation
source_holdout,4,batch_013:563,validation
source_holdout,4,batch_013:582,validation
source_holdout,4,batch_013:586,validation
source_holdout,4,batch_013:590,validation
source_holdout,4,batch_013:595,validation
source_holdout,4,batch_013:605,validation
source_holdout,4,batch_013:608,validation
source_holdout,4,batch_013:611,validation
source_holdout,4,batch_013:625,validation
source_holdout,4,batch_013:631,validation
source_holdout,4,batch_013:634,validation
source_holdout,4,batch_013:637,validation
source_holdout,4,batch_013:639,validation
source_holdout,4,batch_013:646,validation
source_holdout,4,batch_013:664,validation
source_holdout,4,batch_013:671,validation
source_holdout,4,batch_013:676,validation
source_holdout,4,batch_013:681,validation
source_holdout,4,batch_013:689,validation
source_holdout,4,batch_013:690,validation
source_holdout,4,batch_013:692,validation
source_holdout,4,batch_013:695,validation
source_holdout,4,batch_013:698,validation
source_holdout,4,batch_013:724,validation
source_holdout,4,batch_013:730,validation
source_holdout,4,batch_013:732,validation
source_holdout,4,batch_013:734,validation
source_holdout,4,batch_013:739,validation
source_holdout,4,batch_013:753,validation
source_holdout,4,batch_013:785,validation
source_holdout,4,batch_013:789,validation
source_holdout,4,batch_013:791,validation
source_holdout,4,batch_013:793,validation
source_holdout,4,batch_013:795,validation
source_holdout,4,batch_013:797,validation
source_holdout,4,batch_013:801,validation
source_holdout,4,batch_013:810,validation
source_holdout,4,batch_013:816,validation
source_holdout,4,batch_013:834,validation
source_holdout,4,batch_013:836,validation
source_holdout,4,batch_013:838,validation
source_holdout,4,batch_013:839,validation
source_holdout,4,batch_013:842,validation
source_holdout,4,batch_013:845,validation
source_holdout,4,batch_013:851,validation
source_holdout,4,batch_013:853,validation
source_holdout,4,batch_013:858,validation
source_holdout,4,batch_013:862,validation
source_holdout,4,batch_013:890,validation
source_holdout,4,batch_013:894,validation
source_holdout,4,batch_013:896,validation
source_holdout,4,batch_013:898,validation
source_holdout,4,batch_013:902,validation
source_holdout,4,batch_013:904,validation
source_holdout,4,batch_013:907,validation
source_holdout,4,batch_013:914,validation
source_holdout,4,batch_013:916,validation
source_holdout,4,batch_013:918,validation
source_holdout,4,batch_013:920,validation
source_holdout,4,batch_013:924,validation
source_holdout,4,batch_013:927,validation
source_holdout,4,batch_013:937,validation
source_holdout,4,batch_013:942,validation
source_holdout,4,batch_013:945,validation
source_holdout,4,batch_013:952,validation
source_holdout,4,batch_013:955,validation
source_holdout,4,batch_013:958,validation
source_holdout,4,batch_013:966,validation
source_holdout,4,batch_013:971,validation
source_holdout,4,batch_013:985,validation
source_holdout,4,batch_013:1000,validation
source_holdout,4,batch_014:1,validation
source_holdout,4,batch_014:10,validation
source_holdout,4,batch_014:14,validation
source_holdout,4,batch_014:21,validation
source_holdout,4,batch_014:25,validation
source_holdout,4,batch_014:31,validation
source_holdout,4,batch_014:34,validation
source_holdout,4,batch_014:35,validation
source_holdout,4,batch_014:39,validation
source_holdout,4,batch_014:58,validation
source_holdout,4,batch_014:68,validation
source_holdout,4,batch_014:69,validation
source_holdout,4,batch_014:74,validation
source_holdout,4,batch_014:77,validation
source_holdout,4,batch_014:92,validation
source_holdout,4,batch_014:112,validation
source_holdout,4,batch_014:116,validation
source_holdout,4,batch_014:133,validation
source_holdout,4,batch_014:137,validation
source_holdout,4,batch_014:161,validation
source_holdout,4,batch_014:177,validation
source_holdout,4,batch_014:185,validation
source_holdout,4,batch_014:189,validation
source_holdout,4,batch_014:200,validation
source_holdout,4,batch_014:204,validation
source_holdout,4,batch_014:210,validation
source_holdout,4,batch_014:217,validation
source_holdout,4,batch_014:225,validation
source_holdout,4,batch_014:232,validation
source_holdout,4,batch_014:236,validation
source_holdout,4,batch_014:241,validation
source_holdout,4,batch_014:244,validation
source_holdout,4,batch_014:245,validation
source_holdout,4,batch_014:269,validation
source_holdout,4,batch_014:271,validation
source_holdout,4,batch_014:272,validation
source_holdout,4,batch_014:274,validation
source_holdout,4,batch_014:276,validation
source_holdout,4,batch_014:280,validation
source_holdout,4,batch_014:281,validation
source_holdout,4,batch_014:285,validation
source_holdout,4,batch_014:294,validation
source_holdout,4,batch_014:298,validation
source_holdout,4,batch_014:300,validation
source_holdout,4,batch_014:301,validation
source_holdout,4,batch_014:302,validation
source_holdout,4,batch_014:307,validation
source_holdout,4,batch_014:321,validation
source_holdout,4,batch_014:328,validation
source_holdout,4,batch_014:329,validation
source_holdout,4,batch_014:331,validation
source_holdout,4,batch_014:333,validation
source_holdout,4,batch_014:342,validation
source_holdout,4,batch_014:345,validation
source_holdout,4,batch_014:355,validation
source_holdout,4,batch_014:374,validation
source_holdout,4,batch_014:375,validation
source_holdout,4,batch_014:380,validation
source_holdout,4,batch_014:381,validation
source_holdout,4,batch_014:383,validation
source_holdout,4,batch_014:393,validation
source_holdout,4,batch_014:408,validation
source_holdout,4,batch_014:409,validation
source_holdout,4,batch_014:417,validation
source_holdout,4,batch_014:418,validation
source_holdout,4,batch_014:420,validation
source_holdout,4,batch_014:421,validation
source_holdout,4,batch_014:422,validation
source_holdout,4,batch_014:434,validation
source_holdout,4,batch_014:439,validation
source_holdout,4,batch_014:443,validation
source_holdout,4,batch_014:449,validation
source_holdout,4,batch_014:458,validation
source_holdout,4,batch_014:463,validation
source_holdout,4,batch_014:466,validation
source_holdout,4,batch_014:474,validation
source_holdout,4,batch_014:477,validation
source_holdout,4,batch_014:481,validation
source_holdout,4,batch_014:482,validation
source_holdout,4,batch_014:483,validation
source_holdout,4,batch_014:507,validation
source_holdout,4,batch_014:518,validation
source_holdout,4,batch_014:523,validation
source_holdout,4,batch_014:539,validation
source_holdout,4,batch_014:552,validation
source_holdout,4,batch_014:556,validation
source_holdout,4,batch_014:558,validation
source_holdout,4,batch_014:564,validation
source_holdout,4,batch_014:573,validation
source_holdout,4,batch_014:574,validation
source_holdout,4,batch_014:580,validation
source_holdout,4,batch_014:581,validation
source_holdout,4,batch_014:587,validation
source_holdout,4,batch_014:592,validation
source_holdout,4,batch_014:594,validation
source_holdout,4,batch_014:605,validation
source_holdout,4,batch_014:608,validation
source_holdout,4,batch_014:609,validation
source_holdout,4,batch_014:615,validation
source_holdout,4,batch_014:617,validation
source_holdout,4,batch_014:621,validation
source_holdout,4,batch_014:622,validation
source_holdout,4,batch_014:628,validation
source_holdout,4,batch_014:630,validation
source_holdout,4,batch_014:633,validation
source_holdout,4,batch_014:638,validation
source_holdout,4,batch_014:639,validation
source_holdout,4,batch_014:640,validation
source_holdout,4,batch_014:645,validation
source_holdout,4,batch_014:659,validation
source_holdout,4,batch_014:682,validation
source_holdout,4,batch_014:694,validation
source_holdout,4,batch_014:701,validation
source_holdout,4,batch_014:706,validation
source_holdout,4,batch_014:707,validation
source_holdout,4,batch_014:712,validation
source_holdout,4,batch_014:713,validation
source_holdout,4,batch_014:714,validation
source_holdout,4,batch_014:721,validation
source_holdout,4,batch_014:722,validation
source_holdout,4,batch_014:729,validation
source_holdout,4,batch_014:730,validation
source_holdout,4,batch_014:732,validation
source_holdout,4,batch_014:735,validation
source_holdout,4,batch_014:748,validation
source_holdout,4,batch_014:760,validation
source_holdout,4,batch_014:772,validation
source_holdout,4,batch_014:780,validation
source_holdout,4,batch_014:781,validation
source_holdout,4,batch_014:787,validation
source_holdout,4,batch_014:793,validation
source_holdout,4,batch_014:812,validation
source_holdout,4,batch_014:814,validation
source_holdout,4,batch_014:828,validation
source_holdout,4,batch_014:829,validation
source_holdout,4,batch_014:831,validation
source_holdout,4,batch_014:843,validation
source_holdout,4,batch_014:848,validation
source_holdout,4,batch_014:850,validation
source_holdout,4,batch_014:852,validation
source_holdout,4,batch_014:867,validation
source_holdout,4,batch_014:868,validation
source_holdout,4,batch_014:871,validation
source_holdout,4,batch_014:878,validation
source_holdout,4,batch_014:889,validation
source_holdout,4,batch_014:890,validation
source_holdout,4,batch_014:897,validation
source_holdout,4,batch_014:906,validation
source_holdout,4,batch_014:908,validation
source_holdout,4,batch_014:910,validation
source_holdout,4,batch_014:917,validation
source_holdout,4,batch_014:941,validation
source_holdout,4,batch_014:948,validation
source_holdout,4,batch_014:952,validation
source_holdout,4,batch_014:956,validation
source_holdout,4,batch_014:960,validation
source_holdout,4,batch_014:963,validation
source_holdout,4,batch_014:969,validation
source_holdout,4,batch_014:973,validation
source_holdout,4,batch_014:979,validation
source_holdout,4,batch_014:981,validation
source_holdout,4,batch_014:1000,validation
source_holdout,4,batch_015:4,validation
source_holdout,4,batch_015:7,validation
source_holdout,4,batch_015:8,validation
source_holdout,4,batch_015:22,validation
source_holdout,4,batch_015:27,validation
source_holdout,4,batch_015:30,validation
source_holdout,4,batch_015:31,validation
source_holdout,4,batch_015:47,validation
source_holdout,4,batch_015:48,validation
source_holdout,4,batch_015:50,validation
source_holdout,4,batch_015:64,validation
source_holdout,4,batch_015:71,validation
source_holdout,4,batch_015:78,validation
source_holdout,4,batch_015:81,validation
source_holdout,4,batch_015:83,validation
source_holdout,4,batch_015:123,validation
source_holdout,4,batch_015:124,validation
source_holdout,4,batch_015:127,validation
source_holdout,4,batch_015:130,validation
source_holdout,4,batch_015:138,validation
source_holdout,4,batch_015:141,validation
source_holdout,4,batch_015:152,validation
source_holdout,4,batch_015:166,validation
source_holdout,4,batch_015:176,validation
source_holdout,4,batch_015:183,validation
source_holdout,4,batch_015:189,validation
source_holdout,4,batch_015:194,validation
source_holdout,4,batch_015:195,validation
source_holdout,4,batch_015:197,validation
source_holdout,4,batch_015:198,validation
source_holdout,4,batch_015:199,validation
source_holdout,4,batch_015:207,validation
source_holdout,4,batch_015:208,validation
source_holdout,4,batch_015:218,validation
source_holdout,4,batch_015:220,validation
source_holdout,4,batch_015:221,validation
source_holdout,4,batch_015:233,validation
source_holdout,4,batch_015:236,validation
source_holdout,4,batch_015:237,validation
source_holdout,4,batch_015:246,validation
source_holdout,4,batch_015:247,validation
source_holdout,4,batch_015:259,validation
source_holdout,4,batch_015:267,validation
source_holdout,4,batch_015:270,validation
source_holdout,4,batch_015:271,validation
source_holdout,4,batch_015:278,validation
source_holdout,4,batch_015:281,validation
source_holdout,4,batch_015:285,validation
source_holdout,4,batch_015:287,validation
source_holdout,4,batch_015:290,validation
source_holdout,4,batch_015:294,validation
source_holdout,4,batch_015:312,validation
source_holdout,4,batch_015:315,validation
source_holdout,4,batch_015:326,validation
source_holdout,4,batch_015:335,validation
source_holdout,4,batch_015:336,validation
source_holdout,4,batch_015:340,validation
source_holdout,4,batch_015:345,validation
source_holdout,4,batch_015:354,validation
source_holdout,4,batch_015:360,validation
source_holdout,4,batch_015:364,validation
source_holdout,4,batch_015:366,validation
source_holdout,4,batch_015:367,validation
source_holdout,4,batch_015:379,validation
source_holdout,4,batch_015:387,validation
source_holdout,4,batch_015:388,validation
source_holdout,4,batch_015:411,validation
source_holdout,4,batch_015:414,validation
source_holdout,4,batch_015:415,validation
source_holdout,4,batch_015:418,validation
source_holdout,4,batch_015:426,validation
source_holdout,4,batch_015:427,validation
source_holdout,4,batch_015:428,validation
source_holdout,4,batch_015:438,validation
source_holdout,4,batch_015:445,validation
source_holdout,4,batch_015:446,validation
source_holdout,4,batch_015:450,validation
source_holdout,4,batch_015:454,validation
source_holdout,4,batch_015:459,validation
source_holdout,4,batch_015:463,validation
source_holdout,4,batch_015:473,validation
source_holdout,4,batch_015:484,validation
source_holdout,4,batch_015:485,validation
source_holdout,4,batch_015:488,validation
source_holdout,4,batch_015:499,validation
source_holdout,4,batch_015:504,validation
source_holdout,4,batch_015:511,validation
source_holdout,4,batch_015:517,validation
source_holdout,4,batch_015:521,validation
source_holdout,4,batch_015:522,validation
source_holdout,4,batch_015:529,validation
source_holdout,4,batch_015:531,validation
source_holdout,4,batch_015:533,validation
source_holdout,4,batch_015:535,validation
source_holdout,4,batch_015:536,validation
source_holdout,4,batch_015:537,validation
source_holdout,4,batch_015:539,validation
source_holdout,4,batch_015:546,validation
source_holdout,4,batch_015:549,validation
source_holdout,4,batch_015:560,validation
source_holdout,4,batch_015:571,validation
source_holdout,4,batch_015:575,validation
source_holdout,4,batch_015:583,validation
source_holdout,4,batch_015:585,validation
source_holdout,4,batch_015:586,validation
source_holdout,4,batch_015:587,validation
source_holdout,4,batch_015:596,validation
source_holdout,4,batch_015:609,validation
source_holdout,4,batch_015:613,validation
source_holdout,4,batch_015:616,validation
source_holdout,4,batch_015:617,validation
source_holdout,4,batch_015:624,validation
source_holdout,4,batch_015:625,validation
source_holdout,4,batch_015:636,validation
source_holdout,4,batch_015:640,validation
source_holdout,4,batch_015:647,validation
source_holdout,4,batch_015:661,validation
source_holdout,4,batch_015:664,validation
source_holdout,4,batch_015:666,validation
source_holdout,4,batch_015:667,validation
source_holdout,4,batch_015:671,validation
source_holdout,4,batch_015:674,validation
source_holdout,4,batch_015:686,validation
source_holdout,4,batch_015:691,validation
source_holdout,4,batch_015:693,validation
source_holdout,4,batch_015:704,validation
source_holdout,4,batch_015:707,validation
source_holdout,4,batch_015:708,validation
source_holdout,4,batch_015:714,validation
source_holdout,4,batch_015:716,validation
source_holdout,4,batch_015:720,validation
source_holdout,4,batch_015:731,validation
source_holdout,4,batch_015:732,validation
source_holdout,4,batch_015:734,validation
source_holdout,4,batch_015:740,validation
source_holdout,4,batch_015:742,validation
source_holdout,4,batch_015:743,validation
source_holdout,4,batch_015:746,validation
source_holdout,4,batch_015:752,validation
source_holdout,4,batch_015:757,validation
source_holdout,4,batch_015:759,validation
source_holdout,4,batch_015:769,validation
source_holdout,4,batch_015:770,validation
source_holdout,4,batch_015:774,validation
source_holdout,4,batch_015:779,validation
source_holdout,4,batch_015:795,validation
source_holdout,4,batch_015:801,validation
source_holdout,4,batch_015:802,validation
source_holdout,4,batch_015:834,validation
source_holdout,4,batch_015:838,validation
source_holdout,4,batch_015:839,validation
source_holdout,4,batch_015:843,validation
source_holdout,4,batch_015:851,validation
source_holdout,4,batch_015:855,validation
source_holdout,4,batch_015:856,validation
source_holdout,4,batch_015:862,validation
source_holdout,4,batch_015:865,validation
source_holdout,4,batch_015:869,validation
source_holdout,4,batch_015:870,validation
source_holdout,4,batch_015:872,validation
source_holdout,4,batch_015:874,validation
source_holdout,4,batch_015:880,validation
source_holdout,4,batch_015:894,validation
source_holdout,4,batch_015:902,validation
source_holdout,4,batch_015:924,validation
source_holdout,4,batch_015:928,validation
source_holdout,4,batch_015:935,validation
source_holdout,4,batch_015:939,validation
source_holdout,4,batch_015:943,validation
source_holdout,4,batch_015:958,validation
source_holdout,4,batch_015:961,validation
source_holdout,4,batch_015:962,validation
source_holdout,4,batch_015:975,validation
source_holdout,4,batch_015:979,validation
source_holdout,4,batch_015:984,validation
source_holdout,4,batch_015:991,validation
source_holdout,4,batch_015:992,validation
source_holdout,4,batch_015:993,validation
source_holdout,4,batch_015:996,validation
source_holdout,4,batch_015:998,validation
source_holdout,4,batch_016:1,validation
source_holdout,4,batch_016:2,validation
source_holdout,4,batch_016:7,validation
source_holdout,4,batch_016:16,validation
source_holdout,4,batch_016:24,validation
source_holdout,4,batch_016:32,validation
source_holdout,4,batch_016:34,validation
source_holdout,4,batch_016:35,validation
source_holdout,4,batch_016:61,validation
source_holdout,4,batch_016:65,validation
source_holdout,4,batch_016:66,validation
source_holdout,4,batch_016:84,validation
source_holdout,4,batch_016:86,validation
source_holdout,4,batch_016:94,validation
source_holdout,4,batch_016:108,validation
source_holdout,4,batch_016:118,validation
source_holdout,4,batch_016:120,validation
source_holdout,4,batch_016:123,validation
source_holdout,4,batch_016:127,validation
source_holdout,4,batch_016:134,validation
source_holdout,4,batch_016:138,validation
source_holdout,4,batch_016:150,validation
source_holdout,4,batch_016:155,validation
source_holdout,4,batch_016:158,validation
source_holdout,4,batch_016:170,validation
source_holdout,4,batch_016:171,validation
source_holdout,4,batch_016:176,validation
source_holdout,4,batch_016:191,validation
source_holdout,4,batch_016:193,validation
source_holdout,4,batch_016:195,validation
source_holdout,4,batch_016:204,validation
source_holdout,4,batch_016:215,validation
source_holdout,4,batch_016:219,validation
source_holdout,4,batch_016:228,validation
source_holdout,4,batch_016:229,validation
source_holdout,4,batch_016:231,validation
source_holdout,4,batch_016:247,validation
source_holdout,4,batch_016:252,validation
source_holdout,4,batch_016:263,validation
source_holdout,4,batch_016:277,validation
source_holdout,4,batch_016:279,validation
source_holdout,4,batch_016:287,validation
source_holdout,4,batch_016:297,validation
source_holdout,4,batch_016:301,validation
source_holdout,4,batch_016:305,validation
source_holdout,4,batch_016:308,validation
source_holdout,4,batch_016:309,validation
source_holdout,4,batch_016:312,validation
source_holdout,4,batch_016:316,validation
source_holdout,4,batch_016:323,validation
source_holdout,4,batch_016:324,validation
source_holdout,4,batch_016:331,validation
source_holdout,4,batch_016:332,validation
source_holdout,4,batch_016:345,validation
source_holdout,4,batch_016:350,validation
source_holdout,4,batch_016:351,validation
source_holdout,4,batch_016:356,validation
source_holdout,4,batch_016:367,validation
source_holdout,4,batch_016:375,validation
source_holdout,4,batch_016:380,validation
source_holdout,4,batch_016:385,validation
source_holdout,4,batch_016:387,validation
source_holdout,4,batch_016:389,validation
source_holdout,4,batch_016:391,validation
source_holdout,4,batch_016:403,validation
source_holdout,4,batch_016:405,validation
source_holdout,4,batch_016:410,validation
source_holdout,4,batch_016:411,validation
source_holdout,4,batch_016:413,validation
source_holdout,4,batch_016:416,validation
source_holdout,4,batch_016:418,validation
source_holdout,4,batch_016:420,validation
source_holdout,4,batch_016:443,validation
source_holdout,4,batch_016:444,validation
source_holdout,4,batch_016:445,validation
source_holdout,4,batch_016:451,validation
source_holdout,4,batch_016:453,validation
source_holdout,4,batch_016:463,validation
source_holdout,4,batch_016:465,validation
source_holdout,4,batch_016:466,validation
source_holdout,4,batch_016:477,validation
source_holdout,4,batch_016:486,validation
source_holdout,4,batch_016:492,validation
source_holdout,4,batch_016:497,validation
source_holdout,4,batch_016:504,validation
source_holdout,4,batch_016:505,validation
source_holdout,4,batch_016:520,validation
source_holdout,4,batch_016:560,validation
source_holdout,4,batch_016:567,validation
source_holdout,4,batch_016:579,validation
source_holdout,4,batch_016:599,validation
source_holdout,4,batch_016:600,validation
source_holdout,4,batch_016:603,validation
source_holdout,4,batch_016:605,validation
source_holdout,4,batch_016:612,validation
source_holdout,4,batch_016:616,validation
source_holdout,4,batch_016:625,validation
source_holdout,4,batch_016:629,validation
source_holdout,4,batch_016:632,validation
source_holdout,4,batch_016:633,validation
source_holdout,4,batch_016:643,validation
source_holdout,4,batch_016:645,validation
source_holdout,4,batch_016:648,validation
source_holdout,4,batch_016:650,validation
source_holdout,4,batch_016:661,validation
source_holdout,4,batch_016:672,validation
source_holdout,4,batch_016:675,validation
source_holdout,4,batch_016:687,validation
source_holdout,4,batch_016:688,validation
source_holdout,4,batch_016:696,validation
source_holdout,4,batch_016:710,validation
source_holdout,4,batch_016:738,validation
source_holdout,4,batch_016:741,validation
source_holdout,4,batch_016:742,validation
source_holdout,4,batch_016:747,validation
source_holdout,4,batch_016:755,validation
source_holdout,4,batch_016:759,validation
source_holdout,4,batch_016:767,validation
source_holdout,4,batch_016:768,validation
source_holdout,4,batch_016:770,validation
source_holdout,4,batch_016:773,validation
source_holdout,4,batch_016:787,validation
source_holdout,4,batch_016:793,validation
source_holdout,4,batch_016:796,validation
source_holdout,4,batch_016:801,validation
source_holdout,4,batch_016:802,validation
source_holdout,4,batch_016:803,validation
source_holdout,4,batch_016:815,validation
source_holdout,4,batch_016:816,validation
source_holdout,4,batch_016:817,validation
source_holdout,4,batch_016:839,validation
source_holdout,4,batch_016:843,validation
source_holdout,4,batch_016:844,validation
source_holdout,4,batch_016:848,validation
source_holdout,4,batch_016:854,validation
source_holdout,4,batch_016:887,validation
source_holdout,4,batch_016:890,validation
source_holdout,4,batch_016:891,validation
source_holdout,4,batch_016:894,validation
source_holdout,4,batch_016:919,validation
source_holdout,4,batch_016:921,validation
source_holdout,4,batch_016:936,validation
source_holdout,4,batch_016:951,validation
source_holdout,4,batch_016:957,validation
source_holdout,4,batch_016:960,validation
source_holdout,4,batch_016:964,validation
source_holdout,4,batch_016:966,validation
source_holdout,4,batch_016:967,validation
source_holdout,4,batch_016:968,validation
source_holdout,4,batch_016:969,validation
source_holdout,4,batch_016:970,validation
source_holdout,4,batch_016:972,validation
source_holdout,4,batch_016:978,validation
source_holdout,4,batch_016:981,validation
source_holdout,4,batch_016:992,validation
source_holdout,4,batch_017:1,validation
source_holdout,4,batch_017:13,validation
source_holdout,4,batch_017:18,validation
source_holdout,4,batch_017:21,validation
source_holdout,4,batch_017:22,validation
source_holdout,4,batch_017:29,validation
source_holdout,4,batch_017:40,validation
source_holdout,4,batch_017:42,validation
source_holdout,4,batch_017:47,validation
source_holdout,4,batch_017:52,validation
source_holdout,4,batch_017:55,validation
source_holdout,4,batch_017:59,validation
source_holdout,4,batch_017:71,validation
source_holdout,4,batch_017:79,validation
source_holdout,4,batch_017:80,validation
source_holdout,4,batch_017:81,validation
source_holdout,4,batch_017:86,validation
source_holdout,4,batch_017:87,validation
source_holdout,4,batch_017:88,validation
source_holdout,4,batch_017:90,validation
source_holdout,4,batch_017:100,validation
source_holdout,4,batch_017:102,validation
source_holdout,4,batch_017:109,validation
source_holdout,4,batch_017:111,validation
source_holdout,4,batch_017:125,validation
source_holdout,4,batch_017:131,validation
source_holdout,4,batch_017:132,validation
source_holdout,4,batch_017:137,validation
source_holdout,4,batch_017:139,validation
source_holdout,4,batch_017:146,validation
source_holdout,4,batch_017:149,validation
source_holdout,4,batch_017:152,validation
source_holdout,4,batch_017:153,validation
source_holdout,4,batch_017:162,validation
source_holdout,4,batch_017:171,validation
source_holdout,4,batch_017:174,validation
source_holdout,4,batch_017:186,validation
source_holdout,4,batch_017:216,validation
source_holdout,4,batch_017:230,validation
source_holdout,4,batch_017:237,validation
source_holdout,4,batch_017:240,validation
source_holdout,4,batch_017:241,validation
source_holdout,4,batch_017:245,validation
source_holdout,4,batch_017:247,validation
source_holdout,4,batch_017:257,validation
source_holdout,4,batch_017:264,validation
source_holdout,4,batch_017:268,validation
source_holdout,4,batch_017:279,validation
source_holdout,4,batch_017:293,validation
source_holdout,4,batch_017:294,validation
source_holdout,4,batch_017:295,validation
source_holdout,4,batch_017:301,validation
source_holdout,4,batch_017:312,validation
source_holdout,4,batch_017:323,validation
source_holdout,4,batch_017:326,validation
source_holdout,4,batch_017:335,validation
source_holdout,4,batch_017:342,validation
source_holdout,4,batch_017:343,validation
source_holdout,4,batch_017:347,validation
source_holdout,4,batch_017:355,validation
source_holdout,4,batch_017:365,validation
source_holdout,4,batch_017:372,validation
source_holdout,4,batch_017:373,validation
source_holdout,4,batch_017:374,validation
source_holdout,4,batch_017:377,validation
source_holdout,4,batch_017:385,validation
source_holdout,4,batch_017:409,validation
source_holdout,4,batch_017:425,validation
source_holdout,4,batch_017:426,validation
source_holdout,4,batch_017:430,validation
source_holdout,4,batch_017:431,validation
source_holdout,4,batch_017:434,validation
source_holdout,4,batch_017:435,validation
source_holdout,4,batch_017:437,validation
source_holdout,4,batch_017:439,validation
source_holdout,4,batch_017:456,validation
source_holdout,4,batch_017:462,validation
source_holdout,4,batch_017:469,validation
source_holdout,4,batch_017:476,validation
source_holdout,4,batch_017:478,validation
source_holdout,4,batch_017:494,validation
source_holdout,4,batch_017:507,validation
source_holdout,4,batch_017:510,validation
source_holdout,4,batch_017:522,validation
source_holdout,4,batch_017:527,validation
source_holdout,4,batch_017:528,validation
source_holdout,4,batch_017:541,validation
source_holdout,4,batch_017:547,validation
source_holdout,4,batch_017:559,validation
source_holdout,4,batch_017:562,validation
source_holdout,4,batch_017:564,validation
source_holdout,4,batch_017:567,validation
source_holdout,4,batch_017:582,validation
source_holdout,4,batch_017:598,validation
source_holdout,4,batch_017:599,validation
source_holdout,4,batch_017:608,validation
source_holdout,4,batch_017:617,validation
source_holdout,4,batch_017:618,validation
source_holdout,4,batch_017:619,validation
source_holdout,4,batch_017:626,validation
source_holdout,4,batch_017:629,validation
source_holdout,4,batch_017:634,validation
source_holdout,4,batch_017:637,validation
source_holdout,4,batch_017:639,validation
source_holdout,4,batch_017:648,validation
source_holdout,4,batch_017:657,validation
source_holdout,4,batch_017:660,validation
source_holdout,4,batch_017:661,validation
source_holdout,4,batch_017:662,validation
source_holdout,4,batch_017:663,validation
source_holdout,4,batch_017:664,validation
source_holdout,4,batch_017:673,validation
source_holdout,4,batch_017:685,validation
source_holdout,4,batch_017:687,validation
source_holdout,4,batch_017:690,validation
source_holdout,4,batch_017:694,validation
source_holdout,4,batch_017:698,validation
source_holdout,4,batch_017:703,validation
source_holdout,4,batch_017:710,validation
source_holdout,4,batch_017:716,validation
source_holdout,4,batch_017:720,validation
source_holdout,4,batch_017:726,validation
source_holdout,4,batch_017:730,validation
source_holdout,4,batch_017:731,validation
source_holdout,4,batch_017:732,validation
source_holdout,4,batch_017:733,validation
source_holdout,4,batch_017:736,validation
source_holdout,4,batch_017:737,validation
source_holdout,4,batch_017:738,validation
source_holdout,4,batch_017:739,validation
source_holdout,4,batch_017:750,validation
source_holdout,4,batch_017:754,validation
source_holdout,4,batch_017:758,validation
source_holdout,4,batch_017:763,validation
source_holdout,4,batch_017:784,validation
source_holdout,4,batch_017:785,validation
source_holdout,4,batch_017:799,validation
source_holdout,4,batch_017:801,validation
source_holdout,4,batch_017:803,validation
source_holdout,4,batch_017:817,validation
source_holdout,4,batch_017:823,validation
source_holdout,4,batch_017:846,validation
source_holdout,4,batch_017:854,validation
source_holdout,4,batch_017:855,validation
source_holdout,4,batch_017:857,validation
source_holdout,4,batch_017:871,validation
source_holdout,4,batch_017:873,validation
source_holdout,4,batch_017:875,validation
source_holdout,4,batch_017:884,validation
source_holdout,4,batch_017:886,validation
source_holdout,4,batch_017:889,validation
source_holdout,4,batch_017:890,validation
source_holdout,4,batch_017:891,validation
source_holdout,4,batch_017:897,validation
source_holdout,4,batch_017:910,validation
source_holdout,4,batch_017:912,validation
source_holdout,4,batch_017:920,validation
source_holdout,4,batch_017:934,validation
source_holdout,4,batch_017:937,validation
source_holdout,4,batch_017:942,validation
source_holdout,4,batch_017:958,validation
source_holdout,4,batch_017:962,validation
source_holdout,4,batch_017:966,validation
source_holdout,4,batch_017:971,validation
source_holdout,4,batch_017:972,validation
source_holdout,4,batch_017:984,validation
source_holdout,4,batch_017:988,validation
source_holdout,4,batch_017:996,validation
source_holdout,4,batch_017:1000,validation
source_holdout,4,batch_018:28,validation
source_holdout,4,batch_018:36,validation
source_holdout,4,batch_018:41,validation
source_holdout,4,batch_018:45,validation
source_holdout,4,batch_018:47,validation
source_holdout,4,batch_018:51,validation
source_holdout,4,batch_018:52,validation
source_holdout,4,batch_018:54,validation
source_holdout,4,batch_018:55,validation
source_holdout,4,batch_018:58,validation
source_holdout,4,batch_018:62,validation
source_holdout,4,batch_018:67,validation
source_holdout,4,batch_018:68,validation
source_holdout,4,batch_018:84,validation
source_holdout,4,batch_018:92,validation
source_holdout,4,batch_018:96,validation
source_holdout,4,batch_018:97,validation
source_holdout,4,batch_018:106,validation
source_holdout,4,batch_018:111,validation
source_holdout,4,batch_018:113,validation
source_holdout,4,batch_018:119,validation
source_holdout,4,batch_018:132,validation
source_holdout,4,batch_018:135,validation
source_holdout,4,batch_018:142,validation
source_holdout,4,batch_018:143,validation
source_holdout,4,batch_018:148,validation
source_holdout,4,batch_018:151,validation
source_holdout,4,batch_018:154,validation
source_holdout,4,batch_018:157,validation
source_holdout,4,batch_018:164,validation
source_holdout,4,batch_018:165,validation
source_holdout,4,batch_018:170,validation
source_holdout,4,batch_018:173,validation
source_holdout,4,batch_018:174,validation
source_holdout,4,batch_018:178,validation
source_holdout,4,batch_018:180,validation
source_holdout,4,batch_018:186,validation
source_holdout,4,batch_018:190,validation
source_holdout,4,batch_018:198,validation
source_holdout,4,batch_018:199,validation
source_holdout,4,batch_018:200,validation
source_holdout,4,batch_018:208,validation
source_holdout,4,batch_018:210,validation
source_holdout,4,batch_018:214,validation
source_holdout,4,batch_018:219,validation
source_holdout,4,batch_018:225,validation
source_holdout,4,batch_018:244,validation
source_holdout,4,batch_018:246,validation
source_holdout,4,batch_018:255,validation
source_holdout,4,batch_018:276,validation
source_holdout,4,batch_018:302,validation
source_holdout,4,batch_018:303,validation
source_holdout,4,batch_018:309,validation
source_holdout,4,batch_018:311,validation
source_holdout,4,batch_018:322,validation
source_holdout,4,batch_018:328,validation
source_holdout,4,batch_018:345,validation
source_holdout,4,batch_018:347,validation
source_holdout,4,batch_018:355,validation
source_holdout,4,batch_018:356,validation
source_holdout,4,batch_018:362,validation
source_holdout,4,batch_018:368,validation
source_holdout,4,batch_018:370,validation
source_holdout,4,batch_018:383,validation
source_holdout,4,batch_018:389,validation
source_holdout,4,batch_018:392,validation
source_holdout,4,batch_018:393,validation
source_holdout,4,batch_018:403,validation
source_holdout,4,batch_018:406,validation
source_holdout,4,batch_018:422,validation
source_holdout,4,batch_018:429,validation
source_holdout,4,batch_018:435,validation
source_holdout,4,batch_018:442,validation
source_holdout,4,batch_018:447,validation
source_holdout,4,batch_018:449,validation
source_holdout,4,batch_018:450,validation
source_holdout,4,batch_018:455,validation
source_holdout,4,batch_018:467,validation
source_holdout,4,batch_018:469,validation
source_holdout,4,batch_018:473,validation
source_holdout,4,batch_018:483,validation
source_holdout,4,batch_018:484,validation
source_holdout,4,batch_018:487,validation
source_holdout,4,batch_018:491,validation
source_holdout,4,batch_018:492,validation
source_holdout,4,batch_018:497,validation
source_holdout,4,batch_018:500,validation
source_holdout,4,batch_018:517,validation
source_holdout,4,batch_018:525,validation
source_holdout,4,batch_018:531,validation
source_holdout,4,batch_018:533,validation
source_holdout,4,batch_018:542,validation
source_holdout,4,batch_018:550,validation
source_holdout,4,batch_018:556,validation
source_holdout,4,batch_018:558,validation
source_holdout,4,batch_018:562,validation
source_holdout,4,batch_018:563,validation
source_holdout,4,batch_018:566,validation
source_holdout,4,batch_018:568,validation
source_holdout,4,batch_018:583,validation
source_holdout,4,batch_018:585,validation
source_holdout,4,batch_018:603,validation
source_holdout,4,batch_018:605,validation
source_holdout,4,batch_018:606,validation
source_holdout,4,batch_018:613,validation
source_holdout,4,batch_018:615,validation
source_holdout,4,batch_018:616,validation
source_holdout,4,batch_018:619,validation
source_holdout,4,batch_018:636,validation
source_holdout,4,batch_018:638,validation
source_holdout,4,batch_018:639,validation
source_holdout,4,batch_018:641,validation
source_holdout,4,batch_018:646,validation
source_holdout,4,batch_018:648,validation
source_holdout,4,batch_018:654,validation
source_holdout,4,batch_018:657,validation
source_holdout,4,batch_018:661,validation
source_holdout,4,batch_018:663,validation
source_holdout,4,batch_018:665,validation
source_holdout,4,batch_018:666,validation
source_holdout,4,batch_018:677,validation
source_holdout,4,batch_018:704,validation
source_holdout,4,batch_018:707,validation
source_holdout,4,batch_018:708,validation
source_holdout,4,batch_018:716,validation
source_holdout,4,batch_018:719,validation
source_holdout,4,batch_018:725,validation
source_holdout,4,batch_018:750,validation
source_holdout,4,batch_018:758,validation
source_holdout,4,batch_018:763,validation
source_holdout,4,batch_018:764,validation
source_holdout,4,batch_018:773,validation
source_holdout,4,batch_018:774,validation
source_holdout,4,batch_018:785,validation
source_holdout,4,batch_018:787,validation
source_holdout,4,batch_018:798,validation
source_holdout,4,batch_018:806,validation
source_holdout,4,batch_018:807,validation
source_holdout,4,batch_018:809,validation
source_holdout,4,batch_018:817,validation
source_holdout,4,batch_018:824,validation
source_holdout,4,batch_018:827,validation
source_holdout,4,batch_018:834,validation
source_holdout,4,batch_018:838,validation
source_holdout,4,batch_018:856,validation
source_holdout,4,batch_018:857,validation
source_holdout,4,batch_018:862,validation
source_holdout,4,batch_018:875,validation
source_holdout,4,batch_018:876,validation
source_holdout,4,batch_018:881,validation
source_holdout,4,batch_018:883,validation
source_holdout,4,batch_018:894,validation
source_holdout,4,batch_018:895,validation
source_holdout,4,batch_018:901,validation
source_holdout,4,batch_018:904,validation
source_holdout,4,batch_018:906,validation
source_holdout,4,batch_018:911,validation
source_holdout,4,batch_018:912,validation
source_holdout,4,batch_018:922,validation
source_holdout,4,batch_018:923,validation
source_holdout,4,batch_018:930,validation
source_holdout,4,batch_018:938,validation
source_holdout,4,batch_018:939,validation
source_holdout,4,batch_018:940,validation
source_holdout,4,batch_018:950,validation
source_holdout,4,batch_018:962,validation
source_holdout,4,batch_018:964,validation
source_holdout,4,batch_018:971,validation
source_holdout,4,batch_018:977,validation
source_holdout,4,batch_018:984,validation
source_holdout,4,batch_018:994,validation
source_holdout,4,batch_019:4,validation
source_holdout,4,batch_019:12,validation
source_holdout,4,batch_019:14,validation
source_holdout,4,batch_019:16,validation
source_holdout,4,batch_019:18,validation
source_holdout,4,batch_019:19,validation
source_holdout,4,batch_019:20,validation
source_holdout,4,batch_019:31,validation
source_holdout,4,batch_019:34,validation
source_holdout,4,batch_019:35,validation
source_holdout,4,batch_019:38,validation
source_holdout,4,batch_019:82,validation
source_holdout,4,batch_019:89,validation
source_holdout,4,batch_019:90,validation
source_holdout,4,batch_019:94,validation
source_holdout,4,batch_019:96,validation
source_holdout,4,batch_019:101,validation
source_holdout,4,batch_019:117,validation
source_holdout,4,batch_019:128,validation
source_holdout,4,batch_019:148,validation
source_holdout,4,batch_019:164,validation
source_holdout,4,batch_019:165,validation
source_holdout,4,batch_019:170,validation
source_holdout,4,batch_019:175,validation
source_holdout,4,batch_019:177,validation
source_holdout,4,batch_019:188,validation
source_holdout,4,batch_019:190,validation
source_holdout,4,batch_019:195,validation
source_holdout,4,batch_019:205,validation
source_holdout,4,batch_019:206,validation
source_holdout,4,batch_019:207,validation
source_holdout,4,batch_019:209,validation
source_holdout,4,batch_019:213,validation
source_holdout,4,batch_019:219,validation
source_holdout,4,batch_019:223,validation
source_holdout,4,batch_019:226,validation
source_holdout,4,batch_019:230,validation
source_holdout,4,batch_019:234,validation
source_holdout,4,batch_019:246,validation
source_holdout,4,batch_019:252,validation
source_holdout,4,batch_019:260,validation
source_holdout,4,batch_019:263,validation
source_holdout,4,batch_019:268,validation
source_holdout,4,batch_019:281,validation
source_holdout,4,batch_019:284,validation
source_holdout,4,batch_019:295,validation
source_holdout,4,batch_019:298,validation
source_holdout,4,batch_019:301,validation
source_holdout,4,batch_019:303,validation
source_holdout,4,batch_019:308,validation
source_holdout,4,batch_019:322,validation
source_holdout,4,batch_019:325,validation
source_holdout,4,batch_019:327,validation
source_holdout,4,batch_019:331,validation
source_holdout,4,batch_019:333,validation
source_holdout,4,batch_019:339,validation
source_holdout,4,batch_019:365,validation
source_holdout,4,batch_019:366,validation
source_holdout,4,batch_019:367,validation
source_holdout,4,batch_019:372,validation
source_holdout,4,batch_019:374,validation
source_holdout,4,batch_019:382,validation
source_holdout,4,batch_019:384,validation
source_holdout,4,batch_019:387,validation
source_holdout,4,batch_019:394,validation
source_holdout,4,batch_019:398,validation
source_holdout,4,batch_019:405,validation
source_holdout,4,batch_019:413,validation
source_holdout,4,batch_019:417,validation
source_holdout,4,batch_019:422,validation
source_holdout,4,batch_019:431,validation
source_holdout,4,batch_019:432,validation
source_holdout,4,batch_019:438,validation
source_holdout,4,batch_019:450,validation
source_holdout,4,batch_019:451,validation
source_holdout,4,batch_019:452,validation
source_holdout,4,batch_019:456,validation
source_holdout,4,batch_019:475,validation
source_holdout,4,batch_019:481,validation
source_holdout,4,batch_019:482,validation
source_holdout,4,batch_019:513,validation
source_holdout,4,batch_019:515,validation
source_holdout,4,batch_019:516,validation
source_holdout,4,batch_019:525,validation
source_holdout,4,batch_019:534,validation
source_holdout,4,batch_019:535,validation
source_holdout,4,batch_019:544,validation
source_holdout,4,batch_019:545,validation
source_holdout,4,batch_019:558,validation
source_holdout,4,batch_019:559,validation
source_holdout,4,batch_019:560,validation
source_holdout,4,batch_019:586,validation
source_holdout,4,batch_019:593,validation
source_holdout,4,batch_019:596,validation
source_holdout,4,batch_019:597,validation
source_holdout,4,batch_019:598,validation
source_holdout,4,batch_019:601,validation
source_holdout,4,batch_019:607,validation
source_holdout,4,batch_019:614,validation
source_holdout,4,batch_019:622,validation
source_holdout,4,batch_019:625,validation
source_holdout,4,batch_019:626,validation
source_holdout,4,batch_019:633,validation
source_holdout,4,batch_019:639,validation
source_holdout,4,batch_019:646,validation
source_holdout,4,batch_019:649,validation
source_holdout,4,batch_019:651,validation
source_holdout,4,batch_019:654,validation
source_holdout,4,batch_019:659,validation
source_holdout,4,batch_019:675,validation
source_holdout,4,batch_019:676,validation
source_holdout,4,batch_019:677,validation
source_holdout,4,batch_019:679,validation
source_holdout,4,batch_019:680,validation
source_holdout,4,batch_019:685,validation
source_holdout,4,batch_019:687,validation
source_holdout,4,batch_019:689,validation
source_holdout,4,batch_019:701,validation
source_holdout,4,batch_019:702,validation
source_holdout,4,batch_019:705,validation
source_holdout,4,batch_019:707,validation
source_holdout,4,batch_019:723,validation
source_holdout,4,batch_019:742,validation
source_holdout,4,batch_019:750,validation
source_holdout,4,batch_019:761,validation
source_holdout,4,batch_019:770,validation
source_holdout,4,batch_019:780,validation
source_holdout,4,batch_019:790,validation
source_holdout,4,batch_019:791,validation
source_holdout,4,batch_019:797,validation
source_holdout,4,batch_019:807,validation
source_holdout,4,batch_019:814,validation
source_holdout,4,batch_019:815,validation
source_holdout,4,batch_019:825,validation
source_holdout,4,batch_019:841,validation
source_holdout,4,batch_019:843,validation
source_holdout,4,batch_019:869,validation
source_holdout,4,batch_019:881,validation
source_holdout,4,batch_019:884,validation
source_holdout,4,batch_019:894,validation
source_holdout,4,batch_019:899,validation
source_holdout,4,batch_019:901,validation
source_holdout,4,batch_019:914,validation
source_holdout,4,batch_019:915,validation
source_holdout,4,batch_019:917,validation
source_holdout,4,batch_019:922,validation
source_holdout,4,batch_019:930,validation
source_holdout,4,batch_019:940,validation
source_holdout,4,batch_019:946,validation
source_holdout,4,batch_019:949,validation
source_holdout,4,batch_019:957,validation
source_holdout,4,batch_019:971,validation
source_holdout,4,batch_019:976,validation
source_holdout,4,batch_019:982,validation
source_holdout,4,batch_019:989,validation
source_holdout,5,batch_013:2,validation
source_holdout,5,batch_013:6,validation
source_holdout,5,batch_013:10,validation
source_holdout,5,batch_013:19,validation
source_holdout,5,batch_013:22,validation
source_holdout,5,batch_013:24,validation
source_holdout,5,batch_013:30,validation
source_holdout,5,batch_013:45,validation
source_holdout,5,batch_013:53,validation
source_holdout,5,batch_013:60,validation
source_holdout,5,batch_013:65,validation
source_holdout,5,batch_013:74,validation
source_holdout,5,batch_013:80,validation
source_holdout,5,batch_013:83,validation
source_holdout,5,batch_013:96,validation
source_holdout,5,batch_013:103,validation
source_holdout,5,batch_013:132,validation
source_holdout,5,batch_013:133,validation
source_holdout,5,batch_013:138,validation
source_holdout,5,batch_013:146,validation
source_holdout,5,batch_013:147,validation
source_holdout,5,batch_013:155,validation
source_holdout,5,batch_013:157,validation
source_holdout,5,batch_013:162,validation
source_holdout,5,batch_013:164,validation
source_holdout,5,batch_013:174,validation
source_holdout,5,batch_013:188,validation
source_holdout,5,batch_013:206,validation
source_holdout,5,batch_013:207,validation
source_holdout,5,batch_013:208,validation
source_holdout,5,batch_013:210,validation
source_holdout,5,batch_013:218,validation
source_holdout,5,batch_013:219,validation
source_holdout,5,batch_013:224,validation
source_holdout,5,batch_013:226,validation
source_holdout,5,batch_013:233,validation
source_holdout,5,batch_013:254,validation
source_holdout,5,batch_013:255,validation
source_holdout,5,batch_013:257,validation
source_holdout,5,batch_013:262,validation
source_holdout,5,batch_013:270,validation
source_holdout,5,batch_013:273,validation
source_holdout,5,batch_013:274,validation
source_holdout,5,batch_013:281,validation
source_holdout,5,batch_013:292,validation
source_holdout,5,batch_013:296,validation
source_holdout,5,batch_013:305,validation
source_holdout,5,batch_013:315,validation
source_holdout,5,batch_013:319,validation
source_holdout,5,batch_013:321,validation
source_holdout,5,batch_013:328,validation
source_holdout,5,batch_013:336,validation
source_holdout,5,batch_013:344,validation
source_holdout,5,batch_013:345,validation
source_holdout,5,batch_013:350,validation
source_holdout,5,batch_013:355,validation
source_holdout,5,batch_013:359,validation
source_holdout,5,batch_013:363,validation
source_holdout,5,batch_013:373,validation
source_holdout,5,batch_013:375,validation
source_holdout,5,batch_013:378,validation
source_holdout,5,batch_013:379,validation
source_holdout,5,batch_013:382,validation
source_holdout,5,batch_013:397,validation
source_holdout,5,batch_013:419,validation
source_holdout,5,batch_013:423,validation
source_holdout,5,batch_013:442,validation
source_holdout,5,batch_013:445,validation
source_holdout,5,batch_013:456,validation
source_holdout,5,batch_013:459,validation
source_holdout,5,batch_013:475,validation
source_holdout,5,batch_013:479,validation
source_holdout,5,batch_013:491,validation
source_holdout,5,batch_013:492,validation
source_holdout,5,batch_013:494,validation
source_holdout,5,batch_013:495,validation
source_holdout,5,batch_013:496,validation
source_holdout,5,batch_013:498,validation
source_holdout,5,batch_013:506,validation
source_holdout,5,batch_013:507,validation
source_holdout,5,batch_013:511,validation
source_holdout,5,batch_013:514,validation
source_holdout,5,batch_013:520,validation
source_holdout,5,batch_013:525,validation
source_holdout,5,batch_013:529,validation
source_holdout,5,batch_013:532,validation
source_holdout,5,batch_013:539,validation
source_holdout,5,batch_013:550,validation
source_holdout,5,batch_013:558,validation
source_holdout,5,batch_013:566,validation
source_holdout,5,batch_013:568,validation
source_holdout,5,batch_013:570,validation
source_holdout,5,batch_013:571,validation
source_holdout,5,batch_013:574,validation
source_holdout,5,batch_013:581,validation
source_holdout,5,batch_013:594,validation
source_holdout,5,batch_013:598,validation
source_holdout,5,batch_013:600,validation
source_holdout,5,batch_013:606,validation
source_holdout,5,batch_013:610,validation
source_holdout,5,batch_013:612,validation
source_holdout,5,batch_013:627,validation
source_holdout,5,batch_013:629,validation
source_holdout,5,batch_013:632,validation
source_holdout,5,batch_013:635,validation
source_holdout,5,batch_013:636,validation
source_holdout,5,batch_013:641,validation
source_holdout,5,batch_013:645,validation
source_holdout,5,batch_013:648,validation
source_holdout,5,batch_013:650,validation
source_holdout,5,batch_013:658,validation
source_holdout,5,batch_013:662,validation
source_holdout,5,batch_013:666,validation
source_holdout,5,batch_013:668,validation
source_holdout,5,batch_013:674,validation
source_holdout,5,batch_013:683,validation
source_holdout,5,batch_013:685,validation
source_holdout,5,batch_013:686,validation
source_holdout,5,batch_013:688,validation
source_holdout,5,batch_013:693,validation
source_holdout,5,batch_013:700,validation
source_holdout,5,batch_013:703,validation
source_holdout,5,batch_013:704,validation
source_holdout,5,batch_013:714,validation
source_holdout,5,batch_013:719,validation
source_holdout,5,batch_013:721,validation
source_holdout,5,batch_013:726,validation
source_holdout,5,batch_013:727,validation
source_holdout,5,batch_013:735,validation
source_holdout,5,batch_013:737,validation
source_holdout,5,batch_013:740,validation
source_holdout,5,batch_013:754,validation
source_holdout,5,batch_013:757,validation
source_holdout,5,batch_013:761,validation
source_holdout,5,batch_013:777,validation
source_holdout,5,batch_013:783,validation
source_holdout,5,batch_013:787,validation
source_holdout,5,batch_013:788,validation
source_holdout,5,batch_013:813,validation
source_holdout,5,batch_013:827,validation
source_holdout,5,batch_013:828,validation
source_holdout,5,batch_013:840,validation
source_holdout,5,batch_013:848,validation
source_holdout,5,batch_013:855,validation
source_holdout,5,batch_013:873,validation
source_holdout,5,batch_013:874,validation
source_holdout,5,batch_013:881,validation
source_holdout,5,batch_013:882,validation
source_holdout,5,batch_013:885,validation
source_holdout,5,batch_013:886,validation
source_holdout,5,batch_013:888,validation
source_holdout,5,batch_013:891,validation
source_holdout,5,batch_013:901,validation
source_holdout,5,batch_013:903,validation
source_holdout,5,batch_013:921,validation
source_holdout,5,batch_013:923,validation
source_holdout,5,batch_013:928,validation
source_holdout,5,batch_013:931,validation
source_holdout,5,batch_013:935,validation
source_holdout,5,batch_013:946,validation
source_holdout,5,batch_013:948,validation
source_holdout,5,batch_013:956,validation
source_holdout,5,batch_013:957,validation
source_holdout,5,batch_013:963,validation
source_holdout,5,batch_013:969,validation
source_holdout,5,batch_013:970,validation
source_holdout,5,batch_013:974,validation
source_holdout,5,batch_013:975,validation
source_holdout,5,batch_013:976,validation
source_holdout,5,batch_013:984,validation
source_holdout,5,batch_013:992,validation
source_holdout,5,batch_013:993,validation
source_holdout,5,batch_013:994,validation
source_holdout,5,batch_013:995,validation
source_holdout,5,batch_014:2,validation
source_holdout,5,batch_014:8,validation
source_holdout,5,batch_014:15,validation
source_holdout,5,batch_014:22,validation
source_holdout,5,batch_014:24,validation
source_holdout,5,batch_014:32,validation
source_holdout,5,batch_014:46,validation
source_holdout,5,batch_014:53,validation
source_holdout,5,batch_014:56,validation
source_holdout,5,batch_014:59,validation
source_holdout,5,batch_014:64,validation
source_holdout,5,batch_014:67,validation
source_holdout,5,batch_014:70,validation
source_holdout,5,batch_014:80,validation
source_holdout,5,batch_014:82,validation
source_holdout,5,batch_014:94,validation
source_holdout,5,batch_014:98,validation
source_holdout,5,batch_014:100,validation
source_holdout,5,batch_014:103,validation
source_holdout,5,batch_014:115,validation
source_holdout,5,batch_014:118,validation
source_holdout,5,batch_014:120,validation
source_holdout,5,batch_014:126,validation
source_holdout,5,batch_014:141,validation
source_holdout,5,batch_014:142,validation
source_holdout,5,batch_014:144,validation
source_holdout,5,batch_014:152,validation
source_holdout,5,batch_014:153,validation
source_holdout,5,batch_014:156,validation
source_holdout,5,batch_014:163,validation
source_holdout,5,batch_014:172,validation
source_holdout,5,batch_014:173,validation
source_holdout,5,batch_014:197,validation
source_holdout,5,batch_014:202,validation
source_holdout,5,batch_014:211,validation
source_holdout,5,batch_014:213,validation
source_holdout,5,batch_014:227,validation
source_holdout,5,batch_014:228,validation
source_holdout,5,batch_014:237,validation
source_holdout,5,batch_014:243,validation
source_holdout,5,batch_014:248,validation
source_holdout,5,batch_014:249,validation
source_holdout,5,batch_014:254,validation
source_holdout,5,batch_014:268,validation
source_holdout,5,batch_014:273,validation
source_holdout,5,batch_014:275,validation
source_holdout,5,batch_014:279,validation
source_holdout,5,batch_014:282,validation
source_holdout,5,batch_014:290,validation
source_holdout,5,batch_014:291,validation
source_holdout,5,batch_014:293,validation
source_holdout,5,batch_014:305,validation
source_holdout,5,batch_014:319,validation
source_holdout,5,batch_014:320,validation
source_holdout,5,batch_014:323,validation
source_holdout,5,batch_014:324,validation
source_holdout,5,batch_014:326,validation
source_holdout,5,batch_014:347,validation
source_holdout,5,batch_014:349,validation
source_holdout,5,batch_014:354,validation
source_holdout,5,batch_014:359,validation
source_holdout,5,batch_014:365,validation
source_holdout,5,batch_014:367,validation
source_holdout,5,batch_014:377,validation
source_holdout,5,batch_014:387,validation
source_holdout,5,batch_014:394,validation
source_holdout,5,batch_014:401,validation
source_holdout,5,batch_014:407,validation
source_holdout,5,batch_014:410,validation
source_holdout,5,batch_014:430,validation
source_holdout,5,batch_014:435,validation
source_holdout,5,batch_014:436,validation
source_holdout,5,batch_014:446,validation
source_holdout,5,batch_014:447,validation
source_holdout,5,batch_014:451,validation
source_holdout,5,batch_014:453,validation
source_holdout,5,batch_014:455,validation
source_holdout,5,batch_014:456,validation
source_holdout,5,batch_014:462,validation
source_holdout,5,batch_014:468,validation
source_holdout,5,batch_014:475,validation
source_holdout,5,batch_014:479,validation
source_holdout,5,batch_014:485,validation
source_holdout,5,batch_014:502,validation
source_holdout,5,batch_014:503,validation
source_holdout,5,batch_014:510,validation
source_holdout,5,batch_014:520,validation
source_holdout,5,batch_014:530,validation
source_holdout,5,batch_014:532,validation
source_holdout,5,batch_014:533,validation
source_holdout,5,batch_014:537,validation
source_holdout,5,batch_014:546,validation
source_holdout,5,batch_014:547,validation
source_holdout,5,batch_014:553,validation
source_holdout,5,batch_014:554,validation
source_holdout,5,batch_014:567,validation
source_holdout,5,batch_014:571,validation
source_holdout,5,batch_014:589,validation
source_holdout,5,batch_014:590,validation
source_holdout,5,batch_014:595,validation
source_holdout,5,batch_014:619,validation
source_holdout,5,batch_014:620,validation
source_holdout,5,batch_014:623,validation
source_holdout,5,batch_014:624,validation
source_holdout,5,batch_014:636,validation
source_holdout,5,batch_014:642,validation
source_holdout,5,batch_014:643,validation
source_holdout,5,batch_014:650,validation
source_holdout,5,batch_014:653,validation
source_holdout,5,batch_014:662,validation
source_holdout,5,batch_014:663,validation
source_holdout,5,batch_014:664,validation
source_holdout,5,batch_014:665,validation
source_holdout,5,batch_014:673,validation
source_holdout,5,batch_014:676,validation
source_holdout,5,batch_014:680,validation
source_holdout,5,batch_014:685,validation
source_holdout,5,batch_014:686,validation
source_holdout,5,batch_014:697,validation
source_holdout,5,batch_014:702,validation
source_holdout,5,batch_014:715,validation
source_holdout,5,batch_014:724,validation
source_holdout,5,batch_014:731,validation
source_holdout,5,batch_014:734,validation
source_holdout,5,batch_014:737,validation
source_holdout,5,batch_014:738,validation
source_holdout,5,batch_014:743,validation
source_holdout,5,batch_014:750,validation
source_holdout,5,batch_014:757,validation
source_holdout,5,batch_014:765,validation
source_holdout,5,batch_014:770,validation
source_holdout,5,batch_014:773,validation
source_holdout,5,batch_014:775,validation
source_holdout,5,batch_014:784,validation
source_holdout,5,batch_014:786,validation
source_holdout,5,batch_014:799,validation
source_holdout,5,batch_014:806,validation
source_holdout,5,batch_014:811,validation
source_holdout,5,batch_014:817,validation
source_holdout,5,batch_014:821,validation
source_holdout,5,batch_014:833,validation
source_holdout,5,batch_014:838,validation
source_holdout,5,batch_014:841,validation
source_holdout,5,batch_014:858,validation
source_holdout,5,batch_014:859,validation
source_holdout,5,batch_014:866,validation
source_holdout,5,batch_014:872,validation
source_holdout,5,batch_014:875,validation
source_holdout,5,batch_014:877,validation
source_holdout,5,batch_014:882,validation
source_holdout,5,batch_014:899,validation
source_holdout,5,batch_014:903,validation
source_holdout,5,batch_014:911,validation
source_holdout,5,batch_014:913,validation
source_holdout,5,batch_014:914,validation
source_holdout,5,batch_014:919,validation
source_holdout,5,batch_014:921,validation
source_holdout,5,batch_014:924,validation
source_holdout,5,batch_014:928,validation
source_holdout,5,batch_014:942,validation
source_holdout,5,batch_014:950,validation
source_holdout,5,batch_014:974,validation
source_holdout,5,batch_014:975,validation
source_holdout,5,batch_014:976,validation
source_holdout,5,batch_014:977,validation
source_holdout,5,batch_014:978,validation
source_holdout,5,batch_014:987,validation
source_holdout,5,batch_014:990,validation
source_holdout,5,batch_014:992,validation
source_holdout,5,batch_014:999,validation
source_holdout,5,batch_015:1,validation
source_holdout,5,batch_015:2,validation
source_holdout,5,batch_015:5,validation
source_holdout,5,batch_015:16,validation
source_holdout,5,batch_015:17,validation
source_holdout,5,batch_015:18,validation
source_holdout,5,batch_015:21,validation
source_holdout,5,batch_015:26,validation
source_holdout,5,batch_015:28,validation
source_holdout,5,batch_015:34,validation
source_holdout,5,batch_015:37,validation
source_holdout,5,batch_015:38,validation
source_holdout,5,batch_015:68,validation
source_holdout,5,batch_015:69,validation
source_holdout,5,batch_015:70,validation
source_holdout,5,batch_015:72,validation
source_holdout,5,batch_015:76,validation
source_holdout,5,batch_015:77,validation
source_holdout,5,batch_015:90,validation
source_holdout,5,batch_015:92,validation
source_holdout,5,batch_015:101,validation
source_holdout,5,batch_015:110,validation
source_holdout,5,batch_015:133,validation
source_holdout,5,batch_015:136,validation
source_holdout,5,batch_015:150,validation
source_holdout,5,batch_015:153,validation
source_holdout,5,batch_015:156,validation
source_holdout,5,batch_015:158,validation
source_holdout,5,batch_015:160,validation
source_holdout,5,batch_015:163,validation
source_holdout,5,batch_015:164,validation
source_holdout,5,batch_015:170,validation
source_holdout,5,batch_015:182,validation
source_holdout,5,batch_015:209,validation
source_holdout,5,batch_015:216,validation
source_holdout,5,batch_015:219,validation
source_holdout,5,batch_015:225,validation
source_holdout,5,batch_015:239,validation
source_holdout,5,batch_015:250,validation
source_holdout,5,batch_015:251,validation
source_holdout,5,batch_015:253,validation
source_holdout,5,batch_015:266,validation
source_holdout,5,batch_015:268,validation
source_holdout,5,batch_015:275,validation
source_holdout,5,batch_015:288,validation
source_holdout,5,batch_015:295,validation
source_holdout,5,batch_015:300,validation
source_holdout,5,batch_015:306,validation
source_holdout,5,batch_015:308,validation
source_holdout,5,batch_015:311,validation
source_holdout,5,batch_015:332,validation
source_holdout,5,batch_015:338,validation
source_holdout,5,batch_015:347,validation
source_holdout,5,batch_015:350,validation
source_holdout,5,batch_015:353,validation
source_holdout,5,batch_015:358,validation
source_holdout,5,batch_015:368,validation
source_holdout,5,batch_015:370,validation
source_holdout,5,batch_015:380,validation
source_holdout,5,batch_015:386,validation
source_holdout,5,batch_015:395,validation
source_holdout,5,batch_015:404,validation
source_holdout,5,batch_015:407,validation
source_holdout,5,batch_015:408,validation
source_holdout,5,batch_015:416,validation
source_holdout,5,batch_015:419,validation
source_holdout,5,batch_015:423,validation
source_holdout,5,batch_015:424,validation
source_holdout,5,batch_015:431,validation
source_holdout,5,batch_015:432,validation
source_holdout,5,batch_015:433,validation
source_holdout,5,batch_015:434,validation
source_holdout,5,batch_015:441,validation
source_holdout,5,batch_015:457,validation
source_holdout,5,batch_015:461,validation
source_holdout,5,batch_015:464,validation
source_holdout,5,batch_015:467,validation
source_holdout,5,batch_015:477,validation
source_holdout,5,batch_015:478,validation
source_holdout,5,batch_015:498,validation
source_holdout,5,batch_015:505,validation
source_holdout,5,batch_015:506,validation
source_holdout,5,batch_015:514,validation
source_holdout,5,batch_015:523,validation
source_holdout,5,batch_015:525,validation
source_holdout,5,batch_015:542,validation
source_holdout,5,batch_015:548,validation
source_holdout,5,batch_015:554,validation
source_holdout,5,batch_015:555,validation
source_holdout,5,batch_015:566,validation
source_holdout,5,batch_015:570,validation
source_holdout,5,batch_015:577,validation
source_holdout,5,batch_015:578,validation
source_holdout,5,batch_015:579,validation
source_holdout,5,batch_015:581,validation
source_holdout,5,batch_015:591,validation
source_holdout,5,batch_015:593,validation
source_holdout,5,batch_015:599,validation
source_holdout,5,batch_015:601,validation
source_holdout,5,batch_015:607,validation
source_holdout,5,batch_015:615,validation
source_holdout,5,batch_015:618,validation
source_holdout,5,batch_015:630,validation
source_holdout,5,batch_015:641,validation
source_holdout,5,batch_015:643,validation
source_holdout,5,batch_015:655,validation
source_holdout,5,batch_015:657,validation
source_holdout,5,batch_015:658,validation
source_holdout,5,batch_015:677,validation
source_holdout,5,batch_015:682,validation
source_holdout,5,batch_015:688,validation
source_holdout,5,batch_015:694,validation
source_holdout,5,batch_015:698,validation
source_holdout,5,batch_015:701,validation
source_holdout,5,batch_015:703,validation
source_holdout,5,batch_015:711,validation
source_holdout,5,batch_015:712,validation
source_holdout,5,batch_015:725,validation
source_holdout,5,batch_015:737,validation
source_holdout,5,batch_015:751,validation
source_holdout,5,batch_015:756,validation
source_holdout,5,batch_015:776,validation
source_holdout,5,batch_015:780,validation
source_holdout,5,batch_015:784,validation
source_holdout,5,batch_015:785,validation
source_holdout,5,batch_015:786,validation
source_holdout,5,batch_015:791,validation
source_holdout,5,batch_015:794,validation
source_holdout,5,batch_015:798,validation
source_holdout,5,batch_015:800,validation
source_holdout,5,batch_015:803,validation
source_holdout,5,batch_015:808,validation
source_holdout,5,batch_015:810,validation
source_holdout,5,batch_015:814,validation
source_holdout,5,batch_015:820,validation
source_holdout,5,batch_015:822,validation
source_holdout,5,batch_015:823,validation
source_holdout,5,batch_015:828,validation
source_holdout,5,batch_015:835,validation
source_holdout,5,batch_015:841,validation
source_holdout,5,batch_015:845,validation
source_holdout,5,batch_015:846,validation
source_holdout,5,batch_015:848,validation
source_holdout,5,batch_015:849,validation
source_holdout,5,batch_015:852,validation
source_holdout,5,batch_015:857,validation
source_holdout,5,batch_015:861,validation
source_holdout,5,batch_015:863,validation
source_holdout,5,batch_015:867,validation
source_holdout,5,batch_015:879,validation
source_holdout,5,batch_015:885,validation
source_holdout,5,batch_015:900,validation
source_holdout,5,batch_015:901,validation
source_holdout,5,batch_015:908,validation
source_holdout,5,batch_015:919,validation
source_holdout,5,batch_015:925,validation
source_holdout,5,batch_015:927,validation
source_holdout,5,batch_015:932,validation
source_holdout,5,batch_015:936,validation
source_holdout,5,batch_015:946,validation
source_holdout,5,batch_015:949,validation
source_holdout,5,batch_015:950,validation
source_holdout,5,batch_015:952,validation
source_holdout,5,batch_015:953,validation
source_holdout,5,batch_015:966,validation
source_holdout,5,batch_015:970,validation
source_holdout,5,batch_015:971,validation
source_holdout,5,batch_015:976,validation
source_holdout,5,batch_015:981,validation
source_holdout,5,batch_016:6,validation
source_holdout,5,batch_016:14,validation
source_holdout,5,batch_016:15,validation
source_holdout,5,batch_016:18,validation
source_holdout,5,batch_016:19,validation
source_holdout,5,batch_016:21,validation
source_holdout,5,batch_016:38,validation
source_holdout,5,batch_016:48,validation
source_holdout,5,batch_016:51,validation
source_holdout,5,batch_016:52,validation
source_holdout,5,batch_016:55,validation
source_holdout,5,batch_016:62,validation
source_holdout,5,batch_016:90,validation
source_holdout,5,batch_016:91,validation
source_holdout,5,batch_016:109,validation
source_holdout,5,batch_016:110,validation
source_holdout,5,batch_016:116,validation
source_holdout,5,batch_016:125,validation
source_holdout,5,batch_016:128,validation
source_holdout,5,batch_016:130,validation
source_holdout,5,batch_016:141,validation
source_holdout,5,batch_016:143,validation
source_holdout,5,batch_016:145,validation
source_holdout,5,batch_016:146,validation
source_holdout,5,batch_016:151,validation
source_holdout,5,batch_016:156,validation
source_holdout,5,batch_016:163,validation
source_holdout,5,batch_016:164,validation
source_holdout,5,batch_016:169,validation
source_holdout,5,batch_016:177,validation
source_holdout,5,batch_016:194,validation
source_holdout,5,batch_016:205,validation
source_holdout,5,batch_016:213,validation
source_holdout,5,batch_016:216,validation
source_holdout,5,batch_016:223,validation
source_holdout,5,batch_016:226,validation
source_holdout,5,batch_016:232,validation
source_holdout,5,batch_016:236,validation
source_holdout,5,batch_016:256,validation
source_holdout,5,batch_016:269,validation
source_holdout,5,batch_016:271,validation
source_holdout,5,batch_016:272,validation
source_holdout,5,batch_016:276,validation
source_holdout,5,batch_016:286,validation
source_holdout,5,batch_016:290,validation
source_holdout,5,batch_016:307,validation
source_holdout,5,batch_016:314,validation
source_holdout,5,batch_016:321,validation
source_holdout,5,batch_016:330,validation
source_holdout,5,batch_016:340,validation
source_holdout,5,batch_016:341,validation
source_holdout,5,batch_016:346,validation
source_holdout,5,batch_016:355,validation
source_holdout,5,batch_016:359,validation
source_holdout,5,batch_016:360,validation
source_holdout,5,batch_016:363,validation
source_holdout,5,batch_016:368,validation
source_holdout,5,batch_016:370,validation
source_holdout,5,batch_016:371,validation
source_holdout,5,batch_016:379,validation
source_holdout,5,batch_016:382,validation
source_holdout,5,batch_016:383,validation
source_holdout,5,batch_016:386,validation
source_holdout,5,batch_016:393,validation
source_holdout,5,batch_016:397,validation
source_holdout,5,batch_016:398,validation
source_holdout,5,batch_016:400,validation
source_holdout,5,batch_016:406,validation
source_holdout,5,batch_016:412,validation
source_holdout,5,batch_016:421,validation
source_holdout,5,batch_016:426,validation
source_holdout,5,batch_016:429,validation
source_holdout,5,batch_016:432,validation
source_holdout,5,batch_016:436,validation
source_holdout,5,batch_016:446,validation
source_holdout,5,batch_016:454,validation
source_holdout,5,batch_016:457,validation
source_holdout,5,batch_016:459,validation
source_holdout,5,batch_016:470,validation
source_holdout,5,batch_016:473,validation
source_holdout,5,batch_016:476,validation
source_holdout,5,batch_016:478,validation
source_holdout,5,batch_016:484,validation
source_holdout,5,batch_016:487,validation
source_holdout,5,batch_016:488,validation
source_holdout,5,batch_016:491,validation
source_holdout,5,batch_016:499,validation
source_holdout,5,batch_016:501,validation
source_holdout,5,batch_016:503,validation
source_holdout,5,batch_016:509,validation
source_holdout,5,batch_016:512,validation
source_holdout,5,batch_016:516,validation
source_holdout,5,batch_016:526,validation
source_holdout,5,batch_016:527,validation
source_holdout,5,batch_016:531,validation
source_holdout,5,batch_016:545,validation
source_holdout,5,batch_016:548,validation
source_holdout,5,batch_016:552,validation
source_holdout,5,batch_016:554,validation
source_holdout,5,batch_016:555,validation
source_holdout,5,batch_016:558,validation
source_holdout,5,batch_016:564,validation
source_holdout,5,batch_016:565,validation
source_holdout,5,batch_016:570,validation
source_holdout,5,batch_016:577,validation
source_holdout,5,batch_016:583,validation
source_holdout,5,batch_016:584,validation
source_holdout,5,batch_016:590,validation
source_holdout,5,batch_016:591,validation
source_holdout,5,batch_016:594,validation
source_holdout,5,batch_016:596,validation
source_holdout,5,batch_016:601,validation
source_holdout,5,batch_016:607,validation
source_holdout,5,batch_016:619,validation
source_holdout,5,batch_016:621,validation
source_holdout,5,batch_016:653,validation
source_holdout,5,batch_016:659,validation
source_holdout,5,batch_016:660,validation
source_holdout,5,batch_016:663,validation
source_holdout,5,batch_016:664,validation
source_holdout,5,batch_016:665,validation
source_holdout,5,batch_016:669,validation
source_holdout,5,batch_016:674,validation
source_holdout,5,batch_016:690,validation
source_holdout,5,batch_016:695,validation
source_holdout,5,batch_016:702,validation
source_holdout,5,batch_016:708,validation
source_holdout,5,batch_016:711,validation
source_holdout,5,batch_016:713,validation
source_holdout,5,batch_016:716,validation
source_holdout,5,batch_016:718,validation
source_holdout,5,batch_016:720,validation
source_holdout,5,batch_016:724,validation
source_holdout,5,batch_016:733,validation
source_holdout,5,batch_016:735,validation
source_holdout,5,batch_016:736,validation
source_holdout,5,batch_016:744,validation
source_holdout,5,batch_016:756,validation
source_holdout,5,batch_016:765,validation
source_holdout,5,batch_016:771,validation
source_holdout,5,batch_016:781,validation
source_holdout,5,batch_016:782,validation
source_holdout,5,batch_016:784,validation
source_holdout,5,batch_016:792,validation
source_holdout,5,batch_016:795,validation
source_holdout,5,batch_016:797,validation
source_holdout,5,batch_016:804,validation
source_holdout,5,batch_016:805,validation
source_holdout,5,batch_016:818,validation
source_holdout,5,batch_016:819,validation
source_holdout,5,batch_016:821,validation
source_holdout,5,batch_016:831,validation
source_holdout,5,batch_016:834,validation
source_holdout,5,batch_016:842,validation
source_holdout,5,batch_016:850,validation
source_holdout,5,batch_016:856,validation
source_holdout,5,batch_016:857,validation
source_holdout,5,batch_016:858,validation
source_holdout,5,batch_016:865,validation
source_holdout,5,batch_016:868,validation
source_holdout,5,batch_016:880,validation
source_holdout,5,batch_016:883,validation
source_holdout,5,batch_016:893,validation
source_holdout,5,batch_016:897,validation
source_holdout,5,batch_016:916,validation
source_holdout,5,batch_016:924,validation
source_holdout,5,batch_016:929,validation
source_holdout,5,batch_016:931,validation
source_holdout,5,batch_016:940,validation
source_holdout,5,batch_016:943,validation
source_holdout,5,batch_016:947,validation
source_holdout,5,batch_016:955,validation
source_holdout,5,batch_016:975,validation
source_holdout,5,batch_016:976,validation
source_holdout,5,batch_016:980,validation
source_holdout,5,batch_016:983,validation
source_holdout,5,batch_016:985,validation
source_holdout,5,batch_016:990,validation
source_holdout,5,batch_016:995,validation
source_holdout,5,batch_017:8,validation
source_holdout,5,batch_017:12,validation
source_holdout,5,batch_017:14,validation
source_holdout,5,batch_017:16,validation
source_holdout,5,batch_017:23,validation
source_holdout,5,batch_017:38,validation
source_holdout,5,batch_017:50,validation
source_holdout,5,batch_017:61,validation
source_holdout,5,batch_017:63,validation
source_holdout,5,batch_017:64,validation
source_holdout,5,batch_017:67,validation
source_holdout,5,batch_017:73,validation
source_holdout,5,batch_017:84,validation
source_holdout,5,batch_017:92,validation
source_holdout,5,batch_017:96,validation
source_holdout,5,batch_017:97,validation
source_holdout,5,batch_017:98,validation
source_holdout,5,batch_017:99,validation
source_holdout,5,batch_017:104,validation
source_holdout,5,batch_017:118,validation
source_holdout,5,batch_017:119,validation
source_holdout,5,batch_017:121,validation
source_holdout,5,batch_017:123,validation
source_holdout,5,batch_017:124,validation
source_holdout,5,batch_017:126,validation
source_holdout,5,batch_017:129,validation
source_holdout,5,batch_017:134,validation
source_holdout,5,batch_017:140,validation
source_holdout,5,batch_017:141,validation
source_holdout,5,batch_017:156,validation
source_holdout,5,batch_017:158,validation
source_holdout,5,batch_017:161,validation
source_holdout,5,batch_017:172,validation
source_holdout,5,batch_017:176,validation
source_holdout,5,batch_017:180,validation
source_holdout,5,batch_017:193,validation
source_holdout,5,batch_017:198,validation
source_holdout,5,batch_017:209,validation
source_holdout,5,batch_017:212,validation
source_holdout,5,batch_017:215,validation
source_holdout,5,batch_017:228,validation
source_holdout,5,batch_017:232,validation
source_holdout,5,batch_017:239,validation
source_holdout,5,batch_017:246,validation
source_holdout,5,batch_017:249,validation
source_holdout,5,batch_017:254,validation
source_holdout,5,batch_017:260,validation
source_holdout,5,batch_017:266,validation
source_holdout,5,batch_017:271,validation
source_holdout,5,batch_017:274,validation
source_holdout,5,batch_017:276,validation
source_holdout,5,batch_017:280,validation
source_holdout,5,batch_017:284,validation
source_holdout,5,batch_017:298,validation
source_holdout,5,batch_017:299,validation
source_holdout,5,batch_017:302,validation
source_holdout,5,batch_017:304,validation
source_holdout,5,batch_017:308,validation
source_holdout,5,batch_017:309,validation
source_holdout,5,batch_017:313,validation
source_holdout,5,batch_017:314,validation
source_holdout,5,batch_017:330,validation
source_holdout,5,batch_017:341,validation
source_holdout,5,batch_017:344,validation
source_holdout,5,batch_017:350,validation
source_holdout,5,batch_017:352,validation
source_holdout,5,batch_017:362,validation
source_holdout,5,batch_017:368,validation
source_holdout,5,batch_017:376,validation
source_holdout,5,batch_017:381,validation
source_holdout,5,batch_017:388,validation
source_holdout,5,batch_017:392,validation
source_holdout,5,batch_017:393,validation
source_holdout,5,batch_017:396,validation
source_holdout,5,batch_017:400,validation
source_holdout,5,batch_017:411,validation
source_holdout,5,batch_017:416,validation
source_holdout,5,batch_017:420,validation
source_holdout,5,batch_017:424,validation
source_holdout,5,batch_017:442,validation
source_holdout,5,batch_017:443,validation
source_holdout,5,batch_017:444,validation
source_holdout,5,batch_017:459,validation
source_holdout,5,batch_017:464,validation
source_holdout,5,batch_017:465,validation
source_holdout,5,batch_017:482,validation
source_holdout,5,batch_017:483,validation
source_holdout,5,batch_017:489,validation
source_holdout,5,batch_017:495,validation
source_holdout,5,batch_017:498,validation
source_holdout,5,batch_017:506,validation
source_holdout,5,batch_017:511,validation
source_holdout,5,batch_017:514,validation
source_holdout,5,batch_017:515,validation
source_holdout,5,batch_017:539,validation
source_holdout,5,batch_017:542,validation
source_holdout,5,batch_017:546,validation
source_holdout,5,batch_017:555,validation
source_holdout,5,batch_017:557,validation
source_holdout,5,batch_017:569,validation
source_holdout,5,batch_017:570,validation
source_holdout,5,batch_017:572,validation
source_holdout,5,batch_017:578,validation
source_holdout,5,batch_017:579,validation
source_holdout,5,batch_017:583,validation
source_holdout,5,batch_017:586,validation
source_holdout,5,batch_017:592,validation
source_holdout,5,batch_017:597,validation
source_holdout,5,batch_017:606,validation
source_holdout,5,batch_017:610,validation
source_holdout,5,batch_017:614,validation
source_holdout,5,batch_017:623,validation
source_holdout,5,batch_017:624,validation
source_holdout,5,batch_017:627,validation
source_holdout,5,batch_017:630,validation
source_holdout,5,batch_017:638,validation
source_holdout,5,batch_017:640,validation
source_holdout,5,batch_017:650,validation
source_holdout,5,batch_017:651,validation
source_holdout,5,batch_017:655,validation
source_holdout,5,batch_017:659,validation
source_holdout,5,batch_017:666,validation
source_holdout,5,batch_017:668,validation
source_holdout,5,batch_017:669,validation
source_holdout,5,batch_017:693,validation
source_holdout,5,batch_017:695,validation
source_holdout,5,batch_017:696,validation
source_holdout,5,batch_017:697,validation
source_holdout,5,batch_017:700,validation
source_holdout,5,batch_017:702,validation
source_holdout,5,batch_017:709,validation
source_holdout,5,batch_017:711,validation
source_holdout,5,batch_017:718,validation
source_holdout,5,batch_017:741,validation
source_holdout,5,batch_017:746,validation
source_holdout,5,batch_017:747,validation
source_holdout,5,batch_017:757,validation
source_holdout,5,batch_017:766,validation
source_holdout,5,batch_017:771,validation
source_holdout,5,batch_017:772,validation
source_holdout,5,batch_017:775,validation
source_holdout,5,batch_017:781,validation
source_holdout,5,batch_017:789,validation
source_holdout,5,batch_017:797,validation
source_holdout,5,batch_017:805,validation
source_holdout,5,batch_017:815,validation
source_holdout,5,batch_017:821,validation
source_holdout,5,batch_017:833,validation
source_holdout,5,batch_017:835,validation
source_holdout,5,batch_017:850,validation
source_holdout,5,batch_017:858,validation
source_holdout,5,batch_017:862,validation
source_holdout,5,batch_017:863,validation
source_holdout,5,batch_017:893,validation
source_holdout,5,batch_017:901,validation
source_holdout,5,batch_017:903,validation
source_holdout,5,batch_017:908,validation
source_holdout,5,batch_017:911,validation
source_holdout,5,batch_017:930,validation
source_holdout,5,batch_017:933,validation
source_holdout,5,batch_017:936,validation
source_holdout,5,batch_017:940,validation
source_holdout,5,batch_017:948,validation
source_holdout,5,batch_017:953,validation
source_holdout,5,batch_017:956,validation
source_holdout,5,batch_017:965,validation
source_holdout,5,batch_017:985,validation
source_holdout,5,batch_017:993,validation
source_holdout,5,batch_017:994,validation
source_holdout,5,batch_017:998,validation
source_holdout,5,batch_018:2,validation
source_holdout,5,batch_018:4,validation
source_holdout,5,batch_018:8,validation
source_holdout,5,batch_018:23,validation
source_holdout,5,batch_018:27,validation
source_holdout,5,batch_018:30,validation
source_holdout,5,batch_018:34,validation
source_holdout,5,batch_018:48,validation
source_holdout,5,batch_018:49,validation
source_holdout,5,batch_018:59,validation
source_holdout,5,batch_018:63,validation
source_holdout,5,batch_018:81,validation
source_holdout,5,batch_018:93,validation
source_holdout,5,batch_018:102,validation
source_holdout,5,batch_018:103,validation
source_holdout,5,batch_018:108,validation
source_holdout,5,batch_018:109,validation
source_holdout,5,batch_018:116,validation
source_holdout,5,batch_018:117,validation
source_holdout,5,batch_018:118,validation
source_holdout,5,batch_018:120,validation
source_holdout,5,batch_018:121,validation
source_holdout,5,batch_018:125,validation
source_holdout,5,batch_018:133,validation
source_holdout,5,batch_018:141,validation
source_holdout,5,batch_018:145,validation
source_holdout,5,batch_018:156,validation
source_holdout,5,batch_018:168,validation
source_holdout,5,batch_018:176,validation
source_holdout,5,batch_018:177,validation
source_holdout,5,batch_018:183,validation
source_holdout,5,batch_018:185,validation
source_holdout,5,batch_018:191,validation
source_holdout,5,batch_018:196,validation
source_holdout,5,batch_018:197,validation
source_holdout,5,batch_018:201,validation
source_holdout,5,batch_018:218,validation
source_holdout,5,batch_018:222,validation
source_holdout,5,batch_018:234,validation
source_holdout,5,batch_018:237,validation
source_holdout,5,batch_018:240,validation
source_holdout,5,batch_018:241,validation
source_holdout,5,batch_018:242,validation
source_holdout,5,batch_018:243,validation
source_holdout,5,batch_018:247,validation
source_holdout,5,batch_018:251,validation
source_holdout,5,batch_018:252,validation
source_holdout,5,batch_018:259,validation
source_holdout,5,batch_018:265,validation
source_holdout,5,batch_018:272,validation
source_holdout,5,batch_018:283,validation
source_holdout,5,batch_018:287,validation
source_holdout,5,batch_018:289,validation
source_holdout,5,batch_018:292,validation
source_holdout,5,batch_018:300,validation
source_holdout,5,batch_018:308,validation
source_holdout,5,batch_018:317,validation
source_holdout,5,batch_018:323,validation
source_holdout,5,batch_018:324,validation
source_holdout,5,batch_018:326,validation
source_holdout,5,batch_018:334,validation
source_holdout,5,batch_018:336,validation
source_holdout,5,batch_018:348,validation
source_holdout,5,batch_018:353,validation
source_holdout,5,batch_018:360,validation
source_holdout,5,batch_018:364,validation
source_holdout,5,batch_018:366,validation
source_holdout,5,batch_018:369,validation
source_holdout,5,batch_018:373,validation
source_holdout,5,batch_018:377,validation
source_holdout,5,batch_018:378,validation
source_holdout,5,batch_018:385,validation
source_holdout,5,batch_018:397,validation
source_holdout,5,batch_018:405,validation
source_holdout,5,batch_018:407,validation
source_holdout,5,batch_018:419,validation
source_holdout,5,batch_018:427,validation
source_holdout,5,batch_018:434,validation
source_holdout,5,batch_018:440,validation
source_holdout,5,batch_018:441,validation
source_holdout,5,batch_018:448,validation
source_holdout,5,batch_018:454,validation
source_holdout,5,batch_018:458,validation
source_holdout,5,batch_018:459,validation
source_holdout,5,batch_018:460,validation
source_holdout,5,batch_018:481,validation
source_holdout,5,batch_018:495,validation
source_holdout,5,batch_018:498,validation
source_holdout,5,batch_018:503,validation
source_holdout,5,batch_018:526,validation
source_holdout,5,batch_018:528,validation
source_holdout,5,batch_018:529,validation
source_holdout,5,batch_018:535,validation
source_holdout,5,batch_018:537,validation
source_holdout,5,batch_018:549,validation
source_holdout,5,batch_018:581,validation
source_holdout,5,batch_018:593,validation
source_holdout,5,batch_018:594,validation
source_holdout,5,batch_018:595,validation
source_holdout,5,batch_018:604,validation
source_holdout,5,batch_018:607,validation
source_holdout,5,batch_018:609,validation
source_holdout,5,batch_018:626,validation
source_holdout,5,batch_018:633,validation
source_holdout,5,batch_018:640,validation
source_holdout,5,batch_018:650,validation
source_holdout,5,batch_018:653,validation
source_holdout,5,batch_018:658,validation
source_holdout,5,batch_018:664,validation
source_holdout,5,batch_018:674,validation
source_holdout,5,batch_018:678,validation
source_holdout,5,batch_018:680,validation
source_holdout,5,batch_018:686,validation
source_holdout,5,batch_018:687,validation
source_holdout,5,batch_018:699,validation
source_holdout,5,batch_018:701,validation
source_holdout,5,batch_018:706,validation
source_holdout,5,batch_018:709,validation
source_holdout,5,batch_018:712,validation
source_holdout,5,batch_018:717,validation
source_holdout,5,batch_018:728,validation
source_holdout,5,batch_018:730,validation
source_holdout,5,batch_018:733,validation
source_holdout,5,batch_018:738,validation
source_holdout,5,batch_018:748,validation
source_holdout,5,batch_018:754,validation
source_holdout,5,batch_018:756,validation
source_holdout,5,batch_018:778,validation
source_holdout,5,batch_018:783,validation
source_holdout,5,batch_018:788,validation
source_holdout,5,batch_018:792,validation
source_holdout,5,batch_018:795,validation
source_holdout,5,batch_018:797,validation
source_holdout,5,batch_018:799,validation
source_holdout,5,batch_018:812,validation
source_holdout,5,batch_018:820,validation
source_holdout,5,batch_018:821,validation
source_holdout,5,batch_018:826,validation
source_holdout,5,batch_018:829,validation
source_holdout,5,batch_018:832,validation
source_holdout,5,batch_018:833,validation
source_holdout,5,batch_018:840,validation
source_holdout,5,batch_018:841,validation
source_holdout,5,batch_018:845,validation
source_holdout,5,batch_018:861,validation
source_holdout,5,batch_018:867,validation
source_holdout,5,batch_018:869,validation
source_holdout,5,batch_018:870,validation
source_holdout,5,batch_018:871,validation
source_holdout,5,batch_018:873,validation
source_holdout,5,batch_018:887,validation
source_holdout,5,batch_018:896,validation
source_holdout,5,batch_018:897,validation
source_holdout,5,batch_018:914,validation
source_holdout,5,batch_018:925,validation
source_holdout,5,batch_018:949,validation
source_holdout,5,batch_018:958,validation
source_holdout,5,batch_018:978,validation
source_holdout,5,batch_018:985,validation
source_holdout,5,batch_018:988,validation
source_holdout,5,batch_018:991,validation
source_holdout,5,batch_018:992,validation
source_holdout,5,batch_018:999,validation
source_holdout,5,batch_019:2,validation
source_holdout,5,batch_019:24,validation
source_holdout,5,batch_019:28,validation
source_holdout,5,batch_019:29,validation
source_holdout,5,batch_019:39,validation
source_holdout,5,batch_019:42,validation
source_holdout,5,batch_019:49,validation
source_holdout,5,batch_019:50,validation
source_holdout,5,batch_019:52,validation
source_holdout,5,batch_019:53,validation
source_holdout,5,batch_019:63,validation
source_holdout,5,batch_019:69,validation
source_holdout,5,batch_019:72,validation
source_holdout,5,batch_019:80,validation
source_holdout,5,batch_019:83,validation
source_holdout,5,batch_019:87,validation
source_holdout,5,batch_019:91,validation
source_holdout,5,batch_019:92,validation
source_holdout,5,batch_019:103,validation
source_holdout,5,batch_019:113,validation
source_holdout,5,batch_019:116,validation
source_holdout,5,batch_019:123,validation
source_holdout,5,batch_019:133,validation
source_holdout,5,batch_019:134,validation
source_holdout,5,batch_019:140,validation
source_holdout,5,batch_019:143,validation
source_holdout,5,batch_019:144,validation
source_holdout,5,batch_019:145,validation
source_holdout,5,batch_019:146,validation
source_holdout,5,batch_019:153,validation
source_holdout,5,batch_019:161,validation
source_holdout,5,batch_019:166,validation
source_holdout,5,batch_019:167,validation
source_holdout,5,batch_019:168,validation
source_holdout,5,batch_019:183,validation
source_holdout,5,batch_019:184,validation
source_holdout,5,batch_019:193,validation
source_holdout,5,batch_019:194,validation
source_holdout,5,batch_019:196,validation
source_holdout,5,batch_019:203,validation
source_holdout,5,batch_019:214,validation
source_holdout,5,batch_019:222,validation
source_holdout,5,batch_019:227,validation
source_holdout,5,batch_019:229,validation
source_holdout,5,batch_019:233,validation
source_holdout,5,batch_019:261,validation
source_holdout,5,batch_019:264,validation
source_holdout,5,batch_019:271,validation
source_holdout,5,batch_019:282,validation
source_holdout,5,batch_019:285,validation
source_holdout,5,batch_019:289,validation
source_holdout,5,batch_019:310,validation
source_holdout,5,batch_019:317,validation
source_holdout,5,batch_019:334,validation
source_holdout,5,batch_019:346,validation
source_holdout,5,batch_019:349,validation
source_holdout,5,batch_019:353,validation
source_holdout,5,batch_019:360,validation
source_holdout,5,batch_019:373,validation
source_holdout,5,batch_019:375,validation
source_holdout,5,batch_019:378,validation
source_holdout,5,batch_019:388,validation
source_holdout,5,batch_019:390,validation
source_holdout,5,batch_019:401,validation
source_holdout,5,batch_019:404,validation
source_holdout,5,batch_019:406,validation
source_holdout,5,batch_019:418,validation
source_holdout,5,batch_019:421,validation
source_holdout,5,batch_019:434,validation
source_holdout,5,batch_019:435,validation
source_holdout,5,batch_019:437,validation
source_holdout,5,batch_019:444,validation
source_holdout,5,batch_019:467,validation
source_holdout,5,batch_019:470,validation
source_holdout,5,batch_019:471,validation
source_holdout,5,batch_019:477,validation
source_holdout,5,batch_019:483,validation
source_holdout,5,batch_019:484,validation
source_holdout,5,batch_019:486,validation
source_holdout,5,batch_019:491,validation
source_holdout,5,batch_019:492,validation
source_holdout,5,batch_019:494,validation
source_holdout,5,batch_019:504,validation
source_holdout,5,batch_019:510,validation
source_holdout,5,batch_019:511,validation
source_holdout,5,batch_019:519,validation
source_holdout,5,batch_019:526,validation
source_holdout,5,batch_019:527,validation
source_holdout,5,batch_019:536,validation
source_holdout,5,batch_019:539,validation
source_holdout,5,batch_019:540,validation
source_holdout,5,batch_019:541,validation
source_holdout,5,batch_019:543,validation
source_holdout,5,batch_019:570,validation
source_holdout,5,batch_019:571,validation
source_holdout,5,batch_019:579,validation
source_holdout,5,batch_019:589,validation
source_holdout,5,batch_019:590,validation
source_holdout,5,batch_019:594,validation
source_holdout,5,batch_019:595,validation
source_holdout,5,batch_019:599,validation
source_holdout,5,batch_019:605,validation
source_holdout,5,batch_019:609,validation
source_holdout,5,batch_019:613,validation
source_holdout,5,batch_019:616,validation
source_holdout,5,batch_019:632,validation
source_holdout,5,batch_019:634,validation
source_holdout,5,batch_019:636,validation
source_holdout,5,batch_019:647,validation
source_holdout,5,batch_019:648,validation
source_holdout,5,batch_019:658,validation
source_holdout,5,batch_019:663,validation
source_holdout,5,batch_019:667,validation
source_holdout,5,batch_019:669,validation
source_holdout,5,batch_019:690,validation
source_holdout,5,batch_019:692,validation
source_holdout,5,batch_019:695,validation
source_holdout,5,batch_019:704,validation
source_holdout,5,batch_019:713,validation
source_holdout,5,batch_019:714,validation
source_holdout,5,batch_019:716,validation
source_holdout,5,batch_019:718,validation
source_holdout,5,batch_019:719,validation
source_holdout,5,batch_019:729,validation
source_holdout,5,batch_019:731,validation
source_holdout,5,batch_019:740,validation
source_holdout,5,batch_019:748,validation
source_holdout,5,batch_019:759,validation
source_holdout,5,batch_019:765,validation
source_holdout,5,batch_019:771,validation
source_holdout,5,batch_019:772,validation
source_holdout,5,batch_019:775,validation
source_holdout,5,batch_019:788,validation
source_holdout,5,batch_019:801,validation
source_holdout,5,batch_019:819,validation
source_holdout,5,batch_019:827,validation
source_holdout,5,batch_019:829,validation
source_holdout,5,batch_019:830,validation
source_holdout,5,batch_019:846,validation
source_holdout,5,batch_019:851,validation
source_holdout,5,batch_019:861,validation
source_holdout,5,batch_019:862,validation
source_holdout,5,batch_019:867,validation
source_holdout,5,batch_019:875,validation
source_holdout,5,batch_019:879,validation
source_holdout,5,batch_019:897,validation
source_holdout,5,batch_019:903,validation
source_holdout,5,batch_019:919,validation
source_holdout,5,batch_019:924,validation
source_holdout,5,batch_019:938,validation
source_holdout,5,batch_019:944,validation
source_holdout,5,batch_019:948,validation
source_holdout,5,batch_019:951,validation
source_holdout,5,batch_019:955,validation
source_holdout,5,batch_019:956,validation
source_holdout,5,batch_019:958,validation
source_holdout,5,batch_019:963,validation
source_holdout,5,batch_019:967,validation
source_holdout,5,batch_019:968,validation
source_holdout,5,batch_019:969,validation
source_holdout,5,batch_019:981,validation
source_holdout,5,batch_019:984,validation
source_holdout,5,batch_019:986,validation
source_holdout,5,batch_019:987,validation
source_holdout,5,batch_019:993,validation
source_holdout,5,batch_019:996,validation
source_holdout,5,batch_019:1000,validation
source_holdout,6,batch_013:1,validation
source_holdout,6,batch_013:3,validation
source_holdout,6,batch_013:4,validation
source_holdout,6,batch_013:7,validation
source_holdout,6,batch_013:13,validation
source_holdout,6,batch_013:21,validation
source_holdout,6,batch_013:25,validation
source_holdout,6,batch_013:31,validation
source_holdout,6,batch_013:39,validation
source_holdout,6,batch_013:40,validation
source_holdout,6,batch_013:46,validation
source_holdout,6,batch_013:47,validation
source_holdout,6,batch_013:56,validation
source_holdout,6,batch_013:64,validation
source_holdout,6,batch_013:75,validation
source_holdout,6,batch_013:78,validation
source_holdout,6,batch_013:79,validation
source_holdout,6,batch_013:92,validation
source_holdout,6,batch_013:108,validation
source_holdout,6,batch_013:109,validation
source_holdout,6,batch_013:112,validation
source_holdout,6,batch_013:113,validation
source_holdout,6,batch_013:124,validation
source_holdout,6,batch_013:125,validation
source_holdout,6,batch_013:135,validation
source_holdout,6,batch_013:136,validation
source_holdout,6,batch_013:140,validation
source_holdout,6,batch_013:149,validation
source_holdout,6,batch_013:158,validation
source_holdout,6,batch_013:171,validation
source_holdout,6,batch_013:178,validation
source_holdout,6,batch_013:181,validation
source_holdout,6,batch_013:184,validation
source_holdout,6,batch_013:191,validation
source_holdout,6,batch_013:198,validation
source_holdout,6,batch_013:203,validation
source_holdout,6,batch_013:221,validation
source_holdout,6,batch_013:225,validation
source_holdout,6,batch_013:228,validation
source_holdout,6,batch_013:229,validation
source_holdout,6,batch_013:230,validation
source_holdout,6,batch_013:231,validation
source_holdout,6,batch_013:237,validation
source_holdout,6,batch_013:238,validation
source_holdout,6,batch_013:241,validation
source_holdout,6,batch_013:243,validation
source_holdout,6,batch_013:245,validation
source_holdout,6,batch_013:249,validation
source_holdout,6,batch_013:265,validation
source_holdout,6,batch_013:267,validation
source_holdout,6,batch_013:269,validation
source_holdout,6,batch_013:275,validation
source_holdout,6,batch_013:277,validation
source_holdout,6,batch_013:279,validation
source_holdout,6,batch_013:280,validation
source_holdout,6,batch_013:286,validation
source_holdout,6,batch_013:288,validation
source_holdout,6,batch_013:289,validation
source_holdout,6,batch_013:290,validation
source_holdout,6,batch_013:295,validation
source_holdout,6,batch_013:299,validation
source_holdout,6,batch_013:300,validation
source_holdout,6,batch_013:309,validation
source_holdout,6,batch_013:311,validation
source_holdout,6,batch_013:327,validation
source_holdout,6,batch_013:333,validation
source_holdout,6,batch_013:337,validation
source_holdout,6,batch_013:339,validation
source_holdout,6,batch_013:348,validation
source_holdout,6,batch_013:360,validation
source_holdout,6,batch_013:370,validation
source_holdout,6,batch_013:372,validation
source_holdout,6,batch_013:381,validation
source_holdout,6,batch_013:391,validation
source_holdout,6,batch_013:408,validation
source_holdout,6,batch_013:416,validation
source_holdout,6,batch_013:418,validation
source_holdout,6,batch_013:422,validation
source_holdout,6,batch_013:449,validation
source_holdout,6,batch_013:455,validation
source_holdout,6,batch_013:461,validation
source_holdout,6,batch_013:466,validation
source_holdout,6,batch_013:469,validation
source_holdout,6,batch_013:476,validation
source_holdout,6,batch_013:481,validation
source_holdout,6,batch_013:499,validation
source_holdout,6,batch_013:508,validation
source_holdout,6,batch_013:509,validation
source_holdout,6,batch_013:521,validation
source_holdout,6,batch_013:522,validation
source_holdout,6,batch_013:542,validation
source_holdout,6,batch_013:547,validation
source_holdout,6,batch_013:548,validation
source_holdout,6,batch_013:554,validation
source_holdout,6,batch_013:562,validation
source_holdout,6,batch_013:572,validation
source_holdout,6,batch_013:578,validation
source_holdout,6,batch_013:579,validation
source_holdout,6,batch_013:584,validation
source_holdout,6,batch_013:588,validation
source_holdout,6,batch_013:589,validation
source_holdout,6,batch_013:592,validation
source_holdout,6,batch_013:607,validation
source_holdout,6,batch_013:614,validation
source_holdout,6,batch_013:618,validation
source_holdout,6,batch_013:622,validation
source_holdout,6,batch_013:626,validation
source_holdout,6,batch_013:638,validation
source_holdout,6,batch_013:644,validation
source_holdout,6,batch_013:651,validation
source_holdout,6,batch_013:654,validation
source_holdout,6,batch_013:657,validation
source_holdout,6,batch_013:665,validation
source_holdout,6,batch_013:667,validation
source_holdout,6,batch_013:675,validation
source_holdout,6,batch_013:679,validation
source_holdout,6,batch_013:702,validation
source_holdout,6,batch_013:711,validation
source_holdout,6,batch_013:718,validation
source_holdout,6,batch_013:738,validation
source_holdout,6,batch_013:741,validation
source_holdout,6,batch_013:743,validation
source_holdout,6,batch_013:748,validation
source_holdout,6,batch_013:762,validation
source_holdout,6,batch_013:765,validation
source_holdout,6,batch_013:770,validation
source_holdout,6,batch_013:772,validation
source_holdout,6,batch_013:774,validation
source_holdout,6,batch_013:778,validation
source_holdout,6,batch_013:781,validation
source_holdout,6,batch_013:782,validation
source_holdout,6,batch_013:786,validation
source_holdout,6,batch_013:798,validation
source_holdout,6,batch_013:803,validation
source_holdout,6,batch_013:804,validation
source_holdout,6,batch_013:806,validation
source_holdout,6,batch_013:815,validation
source_holdout,6,batch_013:818,validation
source_holdout,6,batch_013:823,validation
source_holdout,6,batch_013:829,validation
source_holdout,6,batch_013:831,validation
source_holdout,6,batch_013:832,validation
source_holdout,6,batch_013:833,validation
source_holdout,6,batch_013:841,validation
source_holdout,6,batch_013:852,validation
source_holdout,6,batch_013:859,validation
source_holdout,6,batch_013:860,validation
source_holdout,6,batch_013:864,validation
source_holdout,6,batch_013:866,validation
source_holdout,6,batch_013:876,validation
source_holdout,6,batch_013:909,validation
source_holdout,6,batch_013:912,validation
source_holdout,6,batch_013:922,validation
source_holdout,6,batch_013:926,validation
source_holdout,6,batch_013:933,validation
source_holdout,6,batch_013:936,validation
source_holdout,6,batch_013:938,validation
source_holdout,6,batch_013:944,validation
source_holdout,6,batch_013:961,validation
source_holdout,6,batch_013:964,validation
source_holdout,6,batch_013:973,validation
source_holdout,6,batch_013:977,validation
source_holdout,6,batch_013:978,validation
source_holdout,6,batch_013:991,validation
source_holdout,6,batch_013:996,validation
source_holdout,6,batch_013:998,validation
source_holdout,6,batch_014:3,validation
source_holdout,6,batch_014:4,validation
source_holdout,6,batch_014:12,validation
source_holdout,6,batch_014:16,validation
source_holdout,6,batch_014:19,validation
source_holdout,6,batch_014:23,validation
source_holdout,6,batch_014:26,validation
source_holdout,6,batch_014:28,validation
source_holdout,6,batch_014:36,validation
source_holdout,6,batch_014:41,validation
source_holdout,6,batch_014:44,validation
source_holdout,6,batch_014:48,validation
source_holdout,6,batch_014:49,validation
source_holdout,6,batch_014:57,validation
source_holdout,6,batch_014:61,validation
source_holdout,6,batch_014:63,validation
source_holdout,6,batch_014:71,validation
source_holdout,6,batch_014:72,validation
source_holdout,6,batch_014:84,validation
source_holdout,6,batch_014:85,validation
source_holdout,6,batch_014:95,validation
source_holdout,6,batch_014:107,validation
source_holdout,6,batch_014:110,validation
source_holdout,6,batch_014:124,validation
source_holdout,6,batch_014:128,validation
source_holdout,6,batch_014:143,validation
source_holdout,6,batch_014:146,validation
source_holdout,6,batch_014:149,validation
source_holdout,6,batch_014:150,validation
source_holdout,6,batch_014:154,validation
source_holdout,6,batch_014:165,validation
source_holdout,6,batch_014:168,validation
source_holdout,6,batch_014:176,validation
source_holdout,6,batch_014:180,validation
source_holdout,6,batch_014:188,validation
source_holdout,6,batch_014:190,validation
source_holdout,6,batch_014:201,validation
source_holdout,6,batch_014:203,validation
source_holdout,6,batch_014:222,validation
source_holdout,6,batch_014:223,validation
source_holdout,6,batch_014:229,validation
source_holdout,6,batch_014:233,validation
source_holdout,6,batch_014:234,validation
source_holdout,6,batch_014:242,validation
source_holdout,6,batch_014:247,validation
source_holdout,6,batch_014:252,validation
source_holdout,6,batch_014:256,validation
source_holdout,6,batch_014:258,validation
source_holdout,6,batch_014:260,validation
source_holdout,6,batch_014:262,validation
source_holdout,6,batch_014:265,validation
source_holdout,6,batch_014:297,validation
source_holdout,6,batch_014:299,validation
source_holdout,6,batch_014:308,validation
source_holdout,6,batch_014:310,validation
source_holdout,6,batch_014:325,validation
source_holdout,6,batch_014:336,validation
source_holdout,6,batch_014:337,validation
source_holdout,6,batch_014:338,validation
source_holdout,6,batch_014:340,validation
source_holdout,6,batch_014:344,validation
source_holdout,6,batch_014:350,validation
source_holdout,6,batch_014:352,validation
source_holdout,6,batch_014:357,validation
source_holdout,6,batch_014:363,validation
source_holdout,6,batch_014:368,validation
source_holdout,6,batch_014:372,validation
source_holdout,6,batch_014:378,validation
source_holdout,6,batch_014:382,validation
source_holdout,6,batch_014:388,validation
source_holdout,6,batch_014:392,validation
source_holdout,6,batch_014:397,validation
source_holdout,6,batch_014:400,validation
source_holdout,6,batch_014:402,validation
source_holdout,6,batch_014:406,validation
source_holdout,6,batch_014:415,validation
source_holdout,6,batch_014:416,validation
source_holdout,6,batch_014:424,validation
source_holdout,6,batch_014:428,validation
source_holdout,6,batch_014:454,validation
source_holdout,6,batch_014:461,validation
source_holdout,6,batch_014:469,validation
source_holdout,6,batch_014:476,validation
source_holdout,6,batch_014:484,validation
source_holdout,6,batch_014:489,validation
source_holdout,6,batch_014:490,validation
source_holdout,6,batch_014:495,validation
source_holdout,6,batch_014:501,validation
source_holdout,6,batch_014:505,validation
source_holdout,6,batch_014:517,validation
source_holdout,6,batch_014:534,validation
source_holdout,6,batch_014:536,validation
source_holdout,6,batch_014:551,validation
source_holdout,6,batch_014:555,validation
source_holdout,6,batch_014:562,validation
source_holdout,6,batch_014:563,validation
source_holdout,6,batch_014:565,validation
source_holdout,6,batch_014:568,validation
source_holdout,6,batch_014:570,validation
source_holdout,6,batch_014:575,validation
source_holdout,6,batch_014:583,validation
source_holdout,6,batch_014:601,validation
source_holdout,6,batch_014:610,validation
source_holdout,6,batch_014:612,validation
source_holdout,6,batch_014:613,validation
source_holdout,6,batch_014:616,validation
source_holdout,6,batch_014:627,validation
source_holdout,6,batch_014:634,validation
source_holdout,6,batch_014:648,validation
source_holdout,6,batch_014:668,validation
source_holdout,6,batch_014:688,validation
source_holdout,6,batch_014:708,validation
source_holdout,6,batch_014:719,validation
source_holdout,6,batch_014:747,validation
source_holdout,6,batch_014:762,validation
source_holdout,6,batch_014:763,validation
source_holdout,6,batch_014:776,validation
source_holdout,6,batch_014:778,validation
source_holdout,6,batch_014:785,validation
source_holdout,6,batch_014:789,validation
source_holdout,6,batch_014:795,validation
source_holdout,6,batch_014:797,validation
source_holdout,6,batch_014:804,validation
source_holdout,6,batch_014:809,validation
source_holdout,6,batch_014:823,validation
source_holdout,6,batch_014:825,validation
source_holdout,6,batch_014:826,validation
source_holdout,6,batch_014:827,validation
source_holdout,6,batch_014:847,validation
source_holdout,6,batch_014:849,validation
source_holdout,6,batch_014:861,validation
source_holdout,6,batch_014:869,validation
source_holdout,6,batch_014:870,validation
source_holdout,6,batch_014:896,validation
source_holdout,6,batch_014:898,validation
source_holdout,6,batch_014:900,validation
source_holdout,6,batch_014:909,validation
source_holdout,6,batch_014:916,validation
source_holdout,6,batch_014:927,validation
source_holdout,6,batch_014:929,validation
source_holdout,6,batch_014:931,validation
source_holdout,6,batch_014:935,validation
source_holdout,6,batch_014:938,validation
source_holdout,6,batch_014:939,validation
source_holdout,6,batch_014:946,validation
source_holdout,6,batch_014:954,validation
source_holdout,6,batch_014:968,validation
source_holdout,6,batch_014:985,validation
source_holdout,6,batch_014:986,validation
source_holdout,6,batch_014:988,validation
source_holdout,6,batch_014:995,validation
source_holdout,6,batch_014:996,validation
source_holdout,6,batch_015:9,validation
source_holdout,6,batch_015:13,validation
source_holdout,6,batch_015:15,validation
source_holdout,6,batch_015:24,validation
source_holdout,6,batch_015:33,validation
source_holdout,6,batch_015:39,validation
source_holdout,6,batch_015:42,validation
source_holdout,6,batch_015:43,validation
source_holdout,6,batch_015:49,validation
source_holdout,6,batch_015:51,validation
source_holdout,6,batch_015:53,validation
source_holdout,6,batch_015:56,validation
source_holdout,6,batch_015:60,validation
source_holdout,6,batch_015:62,validation
source_holdout,6,batch_015:63,validation
source_holdout,6,batch_015:66,validation
source_holdout,6,batch_015:73,validation
source_holdout,6,batch_015:82,validation
source_holdout,6,batch_015:85,validation
source_holdout,6,batch_015:88,validation
source_holdout,6,batch_015:108,validation
source_holdout,6,batch_015:111,validation
source_holdout,6,batch_015:118,validation
source_holdout,6,batch_015:129,validation
source_holdout,6,batch_015:131,validation
source_holdout,6,batch_015:134,validation
source_holdout,6,batch_015:135,validation
source_holdout,6,batch_015:137,validation
source_holdout,6,batch_015:139,validation
source_holdout,6,batch_015:144,validation
source_holdout,6,batch_015:146,validation
source_holdout,6,batch_015:147,validation
source_holdout,6,batch_015:148,validation
source_holdout,6,batch_015:149,validation
source_holdout,6,batch_015:154,validation
source_holdout,6,batch_015:159,validation
source_holdout,6,batch_015:173,validation
source_holdout,6,batch_015:193,validation
source_holdout,6,batch_015:196,validation
source_holdout,6,batch_015:203,validation
source_holdout,6,batch_015:212,validation
source_holdout,6,batch_015:215,validation
source_holdout,6,batch_015:226,validation
source_holdout,6,batch_015:227,validation
source_holdout,6,batch_015:229,validation
source_holdout,6,batch_015:232,validation
source_holdout,6,batch_015:235,validation
source_holdout,6,batch_015:240,validation
source_holdout,6,batch_015:244,validation
source_holdout,6,batch_015:249,validation
source_holdout,6,batch_015:252,validation
source_holdout,6,batch_015:255,validation
source_holdout,6,batch_015:258,validation
source_holdout,6,batch_015:261,validation
source_holdout,6,batch_015:274,validation
source_holdout,6,batch_015:277,validation
source_holdout,6,batch_015:282,validation
source_holdout,6,batch_015:291,validation
source_holdout,6,batch_015:298,validation
source_holdout,6,batch_015:307,validation
source_holdout,6,batch_015:310,validation
source_holdout,6,batch_015:321,validation
source_holdout,6,batch_015:325,validation
source_holdout,6,batch_015:331,validation
source_holdout,6,batch_015:334,validation
source_holdout,6,batch_015:346,validation
source_holdout,6,batch_015:349,validation
source_holdout,6,batch_015:351,validation
source_holdout,6,batch_015:372,validation
source_holdout,6,batch_015:390,validation
source_holdout,6,batch_015:398,validation
source_holdout,6,batch_015:399,validation
source_holdout,6,batch_015:409,validation
source_holdout,6,batch_015:425,validation
source_holdout,6,batch_015:436,validation
source_holdout,6,batch_015:437,validation
source_holdout,6,batch_015:444,validation
source_holdout,6,batch_015:447,validation
source_holdout,6,batch_015:451,validation
source_holdout,6,batch_015:455,validation
source_holdout,6,batch_015:462,validation
source_holdout,6,batch_015:466,validation
source_holdout,6,batch_015:470,validation
source_holdout,6,batch_015:475,validation
source_holdout,6,batch_015:480,validation
source_holdout,6,batch_015:481,validation
source_holdout,6,batch_015:482,validation
source_holdout,6,batch_015:483,validation
source_holdout,6,batch_015:487,validation
source_holdout,6,batch_015:490,validation
source_holdout,6,batch_015:495,validation
source_holdout,6,batch_015:496,validation
source_holdout,6,batch_015:497,validation
source_holdout,6,batch_015:502,validation
source_holdout,6,batch_015:503,validation
source_holdout,6,batch_015:510,validation
source_holdout,6,batch_015:526,validation
source_holdout,6,batch_015:527,validation
source_holdout,6,batch_015:530,validation
source_holdout,6,batch_015:534,validation
source_holdout,6,batch_015:538,validation
source_holdout,6,batch_015:540,validation
source_holdout,6,batch_015:545,validation
source_holdout,6,batch_015:563,validation
source_holdout,6,batch_015:573,validation
source_holdout,6,batch_015:574,validation
source_holdout,6,batch_015:584,validation
source_holdout,6,batch_015:589,validation
source_holdout,6,batch_015:614,validation
source_holdout,6,batch_015:620,validation
source_holdout,6,batch_015:621,validation
source_holdout,6,batch_015:622,validation
source_holdout,6,batch_015:627,validation
source_holdout,6,batch_015:631,validation
source_holdout,6,batch_015:653,validation
source_holdout,6,batch_015:654,validation
source_holdout,6,batch_015:672,validation
source_holdout,6,batch_015:673,validation
source_holdout,6,batch_015:675,validation
source_holdout,6,batch_015:678,validation
source_holdout,6,batch_015:690,validation
source_holdout,6,batch_015:709,validation
source_holdout,6,batch_015:713,validation
source_holdout,6,batch_015:715,validation
source_holdout,6,batch_015:717,validation
source_holdout,6,batch_015:719,validation
source_holdout,6,batch_015:721,validation
source_holdout,6,batch_015:730,validation
source_holdout,6,batch_015:735,validation
source_holdout,6,batch_015:739,validation
source_holdout,6,batch_015:744,validation
source_holdout,6,batch_015:748,validation
source_holdout,6,batch_015:750,validation
source_holdout,6,batch_015:753,validation
source_holdout,6,batch_015:760,validation
source_holdout,6,batch_015:765,validation
source_holdout,6,batch_015:773,validation
source_holdout,6,batch_015:775,validation
source_holdout,6,batch_015:777,validation
source_holdout,6,batch_015:792,validation
source_holdout,6,batch_015:793,validation
source_holdout,6,batch_015:804,validation
source_holdout,6,batch_015:815,validation
source_holdout,6,batch_015:821,validation
source_holdout,6,batch_015:829,validation
source_holdout,6,batch_015:837,validation
source_holdout,6,batch_015:868,validation
source_holdout,6,batch_015:873,validation
source_holdout,6,batch_015:878,validation
source_holdout,6,batch_015:883,validation
source_holdout,6,batch_015:887,validation
source_holdout,6,batch_015:892,validation
source_holdout,6,batch_015:893,validation
source_holdout,6,batch_015:896,validation
source_holdout,6,batch_015:903,validation
source_holdout,6,batch_015:909,validation
source_holdout,6,batch_015:911,validation
source_holdout,6,batch_015:914,validation
source_holdout,6,batch_015:920,validation
source_holdout,6,batch_015:922,validation
source_holdout,6,batch_015:926,validation
source_holdout,6,batch_015:934,validation
source_holdout,6,batch_015:938,validation
source_holdout,6,batch_015:944,validation
source_holdout,6,batch_015:947,validation
source_holdout,6,batch_015:957,validation
source_holdout,6,batch_015:964,validation
source_holdout,6,batch_015:967,validation
source_holdout,6,batch_015:974,validation
source_holdout,6,batch_015:977,validation
source_holdout,6,batch_015:1000,validation
source_holdout,6,batch_016:3,validation
source_holdout,6,batch_016:11,validation
source_holdout,6,batch_016:29,validation
source_holdout,6,batch_016:41,validation
source_holdout,6,batch_016:54,validation
source_holdout,6,batch_016:60,validation
source_holdout,6,batch_016:68,validation
source_holdout,6,batch_016:72,validation
source_holdout,6,batch_016:75,validation
source_holdout,6,batch_016:76,validation
source_holdout,6,batch_016:81,validation
source_holdout,6,batch_016:92,validation
source_holdout,6,batch_016:98,validation
source_holdout,6,batch_016:111,validation
source_holdout,6,batch_016:129,validation
source_holdout,6,batch_016:131,validation
source_holdout,6,batch_016:133,validation
source_holdout,6,batch_016:135,validation
source_holdout,6,batch_016:147,validation
source_holdout,6,batch_016:154,validation
source_holdout,6,batch_016:159,validation
source_holdout,6,batch_016:161,validation
source_holdout,6,batch_016:162,validation
source_holdout,6,batch_016:166,validation
source_holdout,6,batch_016:167,validation
source_holdout,6,batch_016:168,validation
source_holdout,6,batch_016:175,validation
source_holdout,6,batch_016:189,validation
source_holdout,6,batch_016:192,validation
source_holdout,6,batch_016:196,validation
source_holdout,6,batch_016:198,validation
source_holdout,6,batch_016:200,validation
source_holdout,6,batch_016:201,validation
source_holdout,6,batch_016:206,validation
source_holdout,6,batch_016:207,validation
source_holdout,6,batch_016:211,validation
source_holdout,6,batch_016:214,validation
source_holdout,6,batch_016:218,validation
source_holdout,6,batch_016:227,validation
source_holdout,6,batch_016:234,validation
source_holdout,6,batch_016:235,validation
source_holdout,6,batch_016:258,validation
source_holdout,6,batch_016:260,validation
source_holdout,6,batch_016:266,validation
source_holdout,6,batch_016:268,validation
source_holdout,6,batch_016:302,validation
source_holdout,6,batch_016:303,validation
source_holdout,6,batch_016:304,validation
source_holdout,6,batch_016:306,validation
source_holdout,6,batch_016:313,validation
source_holdout,6,batch_016:319,validation
source_holdout,6,batch_016:328,validation
source_holdout,6,batch_016:335,validation
source_holdout,6,batch_016:348,validation
source_holdout,6,batch_016:357,validation
source_holdout,6,batch_016:372,validation
source_holdout,6,batch_016:373,validation
source_holdout,6,batch_016:376,validation
source_holdout,6,batch_016:377,validation
source_holdout,6,batch_016:381,validation
source_holdout,6,batch_016:390,validation
source_holdout,6,batch_016:392,validation
source_holdout,6,batch_016:394,validation
source_holdout,6,batch_016:399,validation
source_holdout,6,batch_016:423,validation
source_holdout,6,batch_016:431,validation
source_holdout,6,batch_016:440,validation
source_holdout,6,batch_016:447,validation
source_holdout,6,batch_016:449,validation
source_holdout,6,batch_016:452,validation
source_holdout,6,batch_016:456,validation
source_holdout,6,batch_016:458,validation
source_holdout,6,batch_016:469,validation
source_holdout,6,batch_016:471,validation
source_holdout,6,batch_016:475,validation
source_holdout,6,batch_016:480,validation
source_holdout,6,batch_016:482,validation
source_holdout,6,batch_016:485,validation
source_holdout,6,batch_016:493,validation
source_holdout,6,batch_016:510,validation
source_holdout,6,batch_016:513,validation
source_holdout,6,batch_016:515,validation
source_holdout,6,batch_016:517,validation
source_holdout,6,batch_016:518,validation
source_holdout,6,batch_016:522,validation
source_holdout,6,batch_016:525,validation
source_holdout,6,batch_016:530,validation
source_holdout,6,batch_016:538,validation
source_holdout,6,batch_016:542,validation
source_holdout,6,batch_016:549,validation
source_holdout,6,batch_016:550,validation
source_holdout,6,batch_016:553,validation
source_holdout,6,batch_016:563,validation
source_holdout,6,batch_016:568,validation
source_holdout,6,batch_016:569,validation
source_holdout,6,batch_016:580,validation
source_holdout,6,batch_016:582,validation
source_holdout,6,batch_016:585,validation
source_holdout,6,batch_016:597,validation
source_holdout,6,batch_016:608,validation
source_holdout,6,batch_016:609,validation
source_holdout,6,batch_016:610,validation
source_holdout,6,batch_016:614,validation
source_holdout,6,batch_016:626,validation
source_holdout,6,batch_016:635,validation
source_holdout,6,batch_016:671,validation
source_holdout,6,batch_016:677,validation
source_holdout,6,batch_016:681,validation
source_holdout,6,batch_016:686,validation
source_holdout,6,batch_016:691,validation
source_holdout,6,batch_016:699,validation
source_holdout,6,batch_016:709,validation
source_holdout,6,batch_016:712,validation
source_holdout,6,batch_016:715,validation
source_holdout,6,batch_016:721,validation
source_holdout,6,batch_016:725,validation
source_holdout,6,batch_016:727,validation
source_holdout,6,batch_016:731,validation
source_holdout,6,batch_016:732,validation
source_holdout,6,batch_016:737,validation
source_holdout,6,batch_016:745,validation
source_holdout,6,batch_016:748,validation
source_holdout,6,batch_016:749,validation
source_holdout,6,batch_016:764,validation
source_holdout,6,batch_016:769,validation
source_holdout,6,batch_016:774,validation
source_holdout,6,batch_016:775,validation
source_holdout,6,batch_016:786,validation
source_holdout,6,batch_016:799,validation
source_holdout,6,batch_016:808,validation
source_holdout,6,batch_016:814,validation
source_holdout,6,batch_016:820,validation
source_holdout,6,batch_016:827,validation
source_holdout,6,batch_016:847,validation
source_holdout,6,batch_016:851,validation
source_holdout,6,batch_016:855,validation
source_holdout,6,batch_016:867,validation
source_holdout,6,batch_016:885,validation
source_holdout,6,batch_016:889,validation
source_holdout,6,batch_016:895,validation
source_holdout,6,batch_016:901,validation
source_holdout,6,batch_016:905,validation
source_holdout,6,batch_016:906,validation
source_holdout,6,batch_016:909,validation
source_holdout,6,batch_016:911,validation
source_holdout,6,batch_016:914,validation
source_holdout,6,batch_016:918,validation
source_holdout,6,batch_016:922,validation
source_holdout,6,batch_016:925,validation
source_holdout,6,batch_016:941,validation
source_holdout,6,batch_016:944,validation
source_holdout,6,batch_016:952,validation
source_holdout,6,batch_016:958,validation
source_holdout,6,batch_016:971,validation
source_holdout,6,batch_016:973,validation
source_holdout,6,batch_016:974,validation
source_holdout,6,batch_016:979,validation
source_holdout,6,batch_016:984,validation
source_holdout,6,batch_016:986,validation
source_holdout,6,batch_016:998,validation
source_holdout,6,batch_016:1000,validation
source_holdout,6,batch_017:3,validation
source_holdout,6,batch_017:6,validation
source_holdout,6,batch_017:10,validation
source_holdout,6,batch_017:11,validation
source_holdout,6,batch_017:19,validation
source_holdout,6,batch_017:37,validation
source_holdout,6,batch_017:41,validation
source_holdout,6,batch_017:54,validation
source_holdout,6,batch_017:62,validation
source_holdout,6,batch_017:69,validation
source_holdout,6,batch_017:70,validation
source_holdout,6,batch_017:74,validation
source_holdout,6,batch_017:85,validation
source_holdout,6,batch_017:113,validation
source_holdout,6,batch_017:133,validation
source_holdout,6,batch_017:147,validation
source_holdout,6,batch_017:157,validation
source_holdout,6,batch_017:163,validation
source_holdout,6,batch_017:178,validation
source_holdout,6,batch_017:179,validation
source_holdout,6,batch_017:184,validation
source_holdout,6,batch_017:190,validation
source_holdout,6,batch_017:191,validation
source_holdout,6,batch_017:203,validation
source_holdout,6,batch_017:204,validation
source_holdout,6,batch_017:205,validation
source_holdout,6,batch_017:206,validation
source_holdout,6,batch_017:211,validation
source_holdout,6,batch_017:221,validation
source_holdout,6,batch_017:225,validation
source_holdout,6,batch_017:227,validation
source_holdout,6,batch_017:235,validation
source_holdout,6,batch_017:236,validation
source_holdout,6,batch_017:242,validation
source_holdout,6,batch_017:253,validation
source_holdout,6,batch_017:255,validation
source_holdout,6,batch_017:256,validation
source_holdout,6,batch_017:258,validation
source_holdout,6,batch_017:262,validation
source_holdout,6,batch_017:263,validation
source_holdout,6,batch_017:265,validation
source_holdout,6,batch_017:269,validation
source_holdout,6,batch_017:277,validation
source_holdout,6,batch_017:283,validation
source_holdout,6,batch_017:286,validation
source_holdout,6,batch_017:292,validation
source_holdout,6,batch_017:296,validation
source_holdout,6,batch_017:297,validation
source_holdout,6,batch_017:300,validation
source_holdout,6,batch_017:303,validation
source_holdout,6,batch_017:315,validation
source_holdout,6,batch_017:320,validation
source_holdout,6,batch_017:325,validation
source_holdout,6,batch_017:327,validation
source_holdout,6,batch_017:328,validation
source_holdout,6,batch_017:331,validation
source_holdout,6,batch_017:354,validation
source_holdout,6,batch_017:367,validation
source_holdout,6,batch_017:370,validation
source_holdout,6,batch_017:380,validation
source_holdout,6,batch_017:384,validation
source_holdout,6,batch_017:389,validation
source_holdout,6,batch_017:390,validation
source_holdout,6,batch_017:391,validation
source_holdout,6,batch_017:395,validation
source_holdout,6,batch_017:398,validation
source_holdout,6,batch_017:402,validation
source_holdout,6,batch_017:403,validation
source_holdout,6,batch_017:406,validation
source_holdout,6,batch_017:410,validation
source_holdout,6,batch_017:413,validation
source_holdout,6,batch_017:432,validation
source_holdout,6,batch_017:440,validation
source_holdout,6,batch_017:441,validation
source_holdout,6,batch_017:445,validation
source_holdout,6,batch_017:446,validation
source_holdout,6,batch_017:449,validation
source_holdout,6,batch_017:452,validation
source_holdout,6,batch_017:455,validation
source_holdout,6,batch_017:457,validation
source_holdout,6,batch_017:466,validation
source_holdout,6,batch_017:470,validation
source_holdout,6,batch_017:471,validation
source_holdout,6,batch_017:485,validation
source_holdout,6,batch_017:486,validation
source_holdout,6,batch_017:487,validation
source_holdout,6,batch_017:493,validation
source_holdout,6,batch_017:499,validation
source_holdout,6,batch_017:500,validation
source_holdout,6,batch_017:509,validation
source_holdout,6,batch_017:532,validation
source_holdout,6,batch_017:533,validation
source_holdout,6,batch_017:534,validation
source_holdout,6,batch_017:536,validation
source_holdout,6,batch_017:537,validation
source_holdout,6,batch_017:540,validation
source_holdout,6,batch_017:543,validation
source_holdout,6,batch_017:549,validation
source_holdout,6,batch_017:553,validation
source_holdout,6,batch_017:554,validation
source_holdout,6,batch_017:560,validation
source_holdout,6,batch_017:587,validation
source_holdout,6,batch_017:590,validation
source_holdout,6,batch_017:591,validation
source_holdout,6,batch_017:593,validation
source_holdout,6,batch_017:594,validation
source_holdout,6,batch_017:596,validation
source_holdout,6,batch_017:601,validation
source_holdout,6,batch_017:604,validation
source_holdout,6,batch_017:605,validation
source_holdout,6,batch_017:609,validation
source_holdout,6,batch_017:622,validation
source_holdout,6,batch_017:632,validation
source_holdout,6,batch_017:656,validation
source_holdout,6,batch_017:671,validation
source_holdout,6,batch_017:677,validation
source_holdout,6,batch_017:684,validation
source_holdout,6,batch_017:701,validation
source_holdout,6,batch_017:705,validation
source_holdout,6,batch_017:727,validation
source_holdout,6,batch_017:740,validation
source_holdout,6,batch_017:748,validation
source_holdout,6,batch_017:761,validation
source_holdout,6,batch_017:774,validation
source_holdout,6,batch_017:778,validation
source_holdout,6,batch_017:788,validation
source_holdout,6,batch_017:802,validation
source_holdout,6,batch_017:807,validation
source_holdout,6,batch_017:811,validation
source_holdout,6,batch_017:812,validation
source_holdout,6,batch_017:819,validation
source_holdout,6,batch_017:822,validation
source_holdout,6,batch_017:836,validation
source_holdout,6,batch_017:838,validation
source_holdout,6,batch_017:840,validation
source_holdout,6,batch_017:847,validation
source_holdout,6,batch_017:852,validation
source_holdout,6,batch_017:859,validation
source_holdout,6,batch_017:868,validation
source_holdout,6,batch_017:876,validation
source_holdout,6,batch_017:879,validation
source_holdout,6,batch_017:892,validation
source_holdout,6,batch_017:898,validation
source_holdout,6,batch_017:900,validation
source_holdout,6,batch_017:904,validation
source_holdout,6,batch_017:915,validation
source_holdout,6,batch_017:916,validation
source_holdout,6,batch_017:927,validation
source_holdout,6,batch_017:931,validation
source_holdout,6,batch_017:938,validation
source_holdout,6,batch_017:939,validation
source_holdout,6,batch_017:943,validation
source_holdout,6,batch_017:944,validation
source_holdout,6,batch_017:945,validation
source_holdout,6,batch_017:952,validation
source_holdout,6,batch_017:957,validation
source_holdout,6,batch_017:961,validation
source_holdout,6,batch_017:963,validation
source_holdout,6,batch_017:977,validation
source_holdout,6,batch_017:980,validation
source_holdout,6,batch_017:992,validation
source_holdout,6,batch_017:997,validation
source_holdout,6,batch_018:9,validation
source_holdout,6,batch_018:13,validation
source_holdout,6,batch_018:14,validation
source_holdout,6,batch_018:21,validation
source_holdout,6,batch_018:25,validation
source_holdout,6,batch_018:29,validation
source_holdout,6,batch_018:31,validation
source_holdout,6,batch_018:38,validation
source_holdout,6,batch_018:42,validation
source_holdout,6,batch_018:43,validation
source_holdout,6,batch_018:46,validation
source_holdout,6,batch_018:50,validation
source_holdout,6,batch_018:53,validation
source_holdout,6,batch_018:66,validation
source_holdout,6,batch_018:73,validation
source_holdout,6,batch_018:74,validation
source_holdout,6,batch_018:77,validation
source_holdout,6,batch_018:82,validation
source_holdout,6,batch_018:86,validation
source_holdout,6,batch_018:88,validation
source_holdout,6,batch_018:95,validation
source_holdout,6,batch_018:126,validation
source_holdout,6,batch_018:127,validation
source_holdout,6,batch_018:131,validation
source_holdout,6,batch_018:134,validation
source_holdout,6,batch_018:144,validation
source_holdout,6,batch_018:162,validation
source_holdout,6,batch_018:163,validation
source_holdout,6,batch_018:166,validation
source_holdout,6,batch_018:184,validation
source_holdout,6,batch_018:213,validation
source_holdout,6,batch_018:215,validation
source_holdout,6,batch_018:223,validation
source_holdout,6,batch_018:224,validation
source_holdout,6,batch_018:226,validation
source_holdout,6,batch_018:236,validation
source_holdout,6,batch_018:249,validation
source_holdout,6,batch_018:253,validation
source_holdout,6,batch_018:254,validation
source_holdout,6,batch_018:267,validation
source_holdout,6,batch_018:269,validation
source_holdout,6,batch_018:271,validation
source_holdout,6,batch_018:275,validation
source_holdout,6,batch_018:280,validation
source_holdout,6,batch_018:282,validation
source_holdout,6,batch_018:284,validation
source_holdout,6,batch_018:297,validation
source_holdout,6,batch_018:299,validation
source_holdout,6,batch_018:301,validation
source_holdout,6,batch_018:306,validation
source_holdout,6,batch_018:313,validation
source_holdout,6,batch_018:320,validation
source_holdout,6,batch_018:321,validation
source_holdout,6,batch_018:327,validation
source_holdout,6,batch_018:331,validation
source_holdout,6,batch_018:339,validation
source_holdout,6,batch_018:341,validation
source_holdout,6,batch_018:354,validation
source_holdout,6,batch_018:359,validation
source_holdout,6,batch_018:361,validation
source_holdout,6,batch_018:365,validation
source_holdout,6,batch_018:401,validation
source_holdout,6,batch_018:411,validation
source_holdout,6,batch_018:412,validation
source_holdout,6,batch_018:416,validation
source_holdout,6,batch_018:417,validation
source_holdout,6,batch_018:420,validation
source_holdout,6,batch_018:436,validation
source_holdout,6,batch_018:437,validation
source_holdout,6,batch_018:439,validation
source_holdout,6,batch_018:444,validation
source_holdout,6,batch_018:452,validation
source_holdout,6,batch_018:457,validation
source_holdout,6,batch_018:468,validation
source_holdout,6,batch_018:470,validation
source_holdout,6,batch_018:476,validation
source_holdout,6,batch_018:477,validation
source_holdout,6,batch_018:480,validation
source_holdout,6,batch_018:488,validation
source_holdout,6,batch_018:493,validation
source_holdout,6,batch_018:494,validation
source_holdout,6,batch_018:499,validation
source_holdout,6,batch_018:512,validation
source_holdout,6,batch_018:520,validation
source_holdout,6,batch_018:524,validation
source_holdout,6,batch_018:532,validation
source_holdout,6,batch_018:553,validation
source_holdout,6,batch_018:555,validation
source_holdout,6,batch_018:569,validation
source_holdout,6,batch_018:575,validation
source_holdout,6,batch_018:576,validation
source_holdout,6,batch_018:587,validation
source_holdout,6,batch_018:590,validation
source_holdout,6,batch_018:597,validation
source_holdout,6,batch_018:610,validation
source_holdout,6,batch_018:611,validation
source_holdout,6,batch_018:622,validation
source_holdout,6,batch_018:627,validation
source_holdout,6,batch_018:630,validation
source_holdout,6,batch_018:637,validation
source_holdout,6,batch_018:643,validation
source_holdout,6,batch_018:649,validation
source_holdout,6,batch_018:652,validation
source_holdout,6,batch_018:667,validation
source_holdout,6,batch_018:670,validation
source_holdout,6,batch_018:672,validation
source_holdout,6,batch_018:673,validation
source_holdout,6,batch_018:682,validation
source_holdout,6,batch_018:691,validation
source_holdout,6,batch_018:696,validation
source_holdout,6,batch_018:703,validation
source_holdout,6,batch_018:710,validation
source_holdout,6,batch_018:721,validation
source_holdout,6,batch_018:726,validation
source_holdout,6,batch_018:729,validation
source_holdout,6,batch_018:734,validation
source_holdout,6,batch_018:739,validation
source_holdout,6,batch_018:746,validation
source_holdout,6,batch_018:757,validation
source_holdout,6,batch_018:762,validation
source_holdout,6,batch_018:766,validation
source_holdout,6,batch_018:767,validation
source_holdout,6,batch_018:771,validation
source_holdout,6,batch_018:772,validation
source_holdout,6,batch_018:775,validation
source_holdout,6,batch_018:777,validation
source_holdout,6,batch_018:781,validation
source_holdout,6,batch_018:784,validation
source_holdout,6,batch_018:789,validation
source_holdout,6,batch_018:796,validation
source_holdout,6,batch_018:811,validation
source_holdout,6,batch_018:815,validation
source_holdout,6,batch_018:828,validation
source_holdout,6,batch_018:836,validation
source_holdout,6,batch_018:839,validation
source_holdout,6,batch_018:842,validation
source_holdout,6,batch_018:848,validation
source_holdout,6,batch_018:850,validation
source_holdout,6,batch_018:851,validation
source_holdout,6,batch_018:854,validation
source_holdout,6,batch_018:855,validation
source_holdout,6,batch_018:858,validation
source_holdout,6,batch_018:864,validation
source_holdout,6,batch_018:865,validation
source_holdout,6,batch_018:866,validation
source_holdout,6,batch_018:868,validation
source_holdout,6,batch_018:878,validation
source_holdout,6,batch_018:882,validation
source_holdout,6,batch_018:884,validation
source_holdout,6,batch_018:885,validation
source_holdout,6,batch_018:892,validation
source_holdout,6,batch_018:909,validation
source_holdout,6,batch_018:910,validation
source_holdout,6,batch_018:915,validation
source_holdout,6,batch_018:916,validation
source_holdout,6,batch_018:920,validation
source_holdout,6,batch_018:926,validation
source_holdout,6,batch_018:934,validation
source_holdout,6,batch_018:943,validation
source_holdout,6,batch_018:952,validation
source_holdout,6,batch_018:957,validation
source_holdout,6,batch_018:959,validation
source_holdout,6,batch_018:965,validation
source_holdout,6,batch_018:966,validation
source_holdout,6,batch_018:981,validation
source_holdout,6,batch_018:986,validation
source_holdout,6,batch_018:1000,validation
source_holdout,6,batch_019:6,validation
source_holdout,6,batch_019:13,validation
source_holdout,6,batch_019:17,validation
source_holdout,6,batch_019:40,validation
source_holdout,6,batch_019:43,validation
source_holdout,6,batch_019:48,validation
source_holdout,6,batch_019:55,validation
source_holdout,6,batch_019:73,validation
source_holdout,6,batch_019:75,validation
source_holdout,6,batch_019:78,validation
source_holdout,6,batch_019:85,validation
source_holdout,6,batch_019:98,validation
source_holdout,6,batch_019:106,validation
source_holdout,6,batch_019:129,validation
source_holdout,6,batch_019:130,validation
source_holdout,6,batch_019:156,validation
source_holdout,6,batch_019:157,validation
source_holdout,6,batch_019:160,validation
source_holdout,6,batch_019:171,validation
source_holdout,6,batch_019:173,validation
source_holdout,6,batch_019:178,validation
source_holdout,6,batch_019:179,validation
source_holdout,6,batch_019:185,validation
source_holdout,6,batch_019:187,validation
source_holdout,6,batch_019:192,validation
source_holdout,6,batch_019:202,validation
source_holdout,6,batch_019:215,validation
source_holdout,6,batch_019:220,validation
source_holdout,6,batch_019:232,validation
source_holdout,6,batch_019:239,validation
source_holdout,6,batch_019:240,validation
source_holdout,6,batch_019:244,validation
source_holdout,6,batch_019:250,validation
source_holdout,6,batch_019:256,validation
source_holdout,6,batch_019:262,validation
source_holdout,6,batch_019:265,validation
source_holdout,6,batch_019:269,validation
source_holdout,6,batch_019:278,validation
source_holdout,6,batch_019:279,validation
source_holdout,6,batch_019:294,validation
source_holdout,6,batch_019:296,validation
source_holdout,6,batch_019:304,validation
source_holdout,6,batch_019:311,validation
source_holdout,6,batch_019:313,validation
source_holdout,6,batch_019:326,validation
source_holdout,6,batch_019:329,validation
source_holdout,6,batch_019:336,validation
source_holdout,6,batch_019:343,validation
source_holdout,6,batch_019:344,validation
source_holdout,6,batch_019:357,validation
source_holdout,6,batch_019:368,validation
source_holdout,6,batch_019:379,validation
source_holdout,6,batch_019:385,validation
source_holdout,6,batch_019:391,validation
source_holdout,6,batch_019:393,validation
source_holdout,6,batch_019:396,validation
source_holdout,6,batch_019:397,validation
source_holdout,6,batch_019:402,validation
source_holdout,6,batch_019:411,validation
source_holdout,6,batch_019:414,validation
source_holdout,6,batch_019:420,validation
source_holdout,6,batch_019:424,validation
source_holdout,6,batch_019:428,validation
source_holdout,6,batch_019:441,validation
source_holdout,6,batch_019:453,validation
source_holdout,6,batch_019:464,validation
source_holdout,6,batch_019:468,validation
source_holdout,6,batch_019:472,validation
source_holdout,6,batch_019:493,validation
source_holdout,6,batch_019:496,validation
source_holdout,6,batch_019:498,validation
source_holdout,6,batch_019:505,validation
source_holdout,6,batch_019:523,validation
source_holdout,6,batch_019:531,validation
source_holdout,6,batch_019:533,validation
source_holdout,6,batch_019:557,validation
source_holdout,6,batch_019:566,validation
source_holdout,6,batch_019:573,validation
source_holdout,6,batch_019:574,validation
source_holdout,6,batch_019:591,validation
source_holdout,6,batch_019:606,validation
source_holdout,6,batch_019:608,validation
source_holdout,6,batch_019:617,validation
source_holdout,6,batch_019:619,validation
source_holdout,6,batch_019:623,validation
source_holdout,6,batch_019:624,validation
source_holdout,6,batch_019:635,validation
source_holdout,6,batch_019:637,validation
source_holdout,6,batch_019:642,validation
source_holdout,6,batch_019:643,validation
source_holdout,6,batch_019:657,validation
source_holdout,6,batch_019:678,validation
source_holdout,6,batch_019:682,validation
source_holdout,6,batch_019:683,validation
source_holdout,6,batch_019:686,validation
source_holdout,6,batch_019:696,validation
source_holdout,6,batch_019:697,validation
source_holdout,6,batch_019:699,validation
source_holdout,6,batch_019:706,validation
source_holdout,6,batch_019:708,validation
source_holdout,6,batch_019:709,validation
source_holdout,6,batch_019:720,validation
source_holdout,6,batch_019:724,validation
source_holdout,6,batch_019:733,validation
source_holdout,6,batch_019:738,validation
source_holdout,6,batch_019:743,validation
source_holdout,6,batch_019:744,validation
source_holdout,6,batch_019:745,validation
source_holdout,6,batch_019:752,validation
source_holdout,6,batch_019:753,validation
source_holdout,6,batch_019:755,validation
source_holdout,6,batch_019:763,validation
source_holdout,6,batch_019:768,validation
source_holdout,6,batch_019:792,validation
source_holdout,6,batch_019:793,validation
source_holdout,6,batch_019:802,validation
source_holdout,6,batch_019:804,validation
source_holdout,6,batch_019:808,validation
source_holdout,6,batch_019:810,validation
source_holdout,6,batch_019:811,validation
source_holdout,6,batch_019:812,validation
source_holdout,6,batch_019:813,validation
source_holdout,6,batch_019:820,validation
source_holdout,6,batch_019:821,validation
source_holdout,6,batch_019:822,validation
source_holdout,6,batch_019:824,validation
source_holdout,6,batch_019:831,validation
source_holdout,6,batch_019:834,validation
source_holdout,6,batch_019:835,validation
source_holdout,6,batch_019:837,validation
source_holdout,6,batch_019:839,validation
source_holdout,6,batch_019:847,validation
source_holdout,6,batch_019:855,validation
source_holdout,6,batch_019:859,validation
source_holdout,6,batch_019:860,validation
source_holdout,6,batch_019:870,validation
source_holdout,6,batch_019:873,validation
source_holdout,6,batch_019:877,validation
source_holdout,6,batch_019:883,validation
source_holdout,6,batch_019:885,validation
source_holdout,6,batch_019:886,validation
source_holdout,6,batch_019:891,validation
source_holdout,6,batch_019:896,validation
source_holdout,6,batch_019:898,validation
source_holdout,6,batch_019:905,validation
source_holdout,6,batch_019:909,validation
source_holdout,6,batch_019:916,validation
source_holdout,6,batch_019:923,validation
source_holdout,6,batch_019:926,validation
source_holdout,6,batch_019:927,validation
source_holdout,6,batch_019:937,validation
source_holdout,6,batch_019:950,validation
source_holdout,6,batch_019:964,validation
source_holdout,6,batch_019:966,validation
source_holdout,6,batch_019:972,validation
source_holdout,6,batch_019:974,validation
source_holdout,6,batch_019:975,validation
source_holdout,6,batch_019:983,validation
source_holdout,6,batch_019:994,validation
source_holdout,6,batch_019:997,validation
source_holdout,6,batch_019:998,validation
